Config,FeatureSet,ModelType,Seed,Kind,Attack,Samples,Detected,Missed,Detection Rate (%),Miss Rate (%),Precision (%),Recall (%),F1 (%),Shared_Benign_Pool,Shared_False_Positives,Shared_True_Negatives,Model
B0,ports,drl,42,known,Analysis,315,38,277,12.063492063492063,87.93650793650794,0.0778800237739019,12.063492063492063,0.1547609350818604,1381207,48755,1332452,
B0,ports,drl,42,known,Bot,2346,0,2346,0.0,100.0,0.0,0.0,0.0,1381207,48755,1332452,
B0,ports,drl,42,known,DDoS,114041,105948,8093,92.9034294683491,7.096570531650892,68.48477405092338,92.9034294683491,78.846783556098,1381207,48755,1332452,
B0,ports,drl,42,known,DoS,52727,46980,5747,89.10046086445274,10.899539135547254,49.0729618216953,89.10046086445274,63.28892241785776,1381207,48755,1332452,
B0,ports,drl,42,known,Exploits,3690,1484,2206,40.21680216802168,59.78319783197832,2.953880451442106,40.21680216802168,5.503532422258896,1381207,48755,1332452,
B0,ports,drl,42,known,Fuzzers,2881,1021,1860,35.4390836515099,64.56091634849011,2.0511893281902926,35.4390836515099,3.8779269612777023,1381207,48755,1332452,
B0,ports,drl,42,known,Generic,853,168,685,19.69519343493552,80.30480656506448,0.3433967663471169,19.69519343493552,0.6750241080038573,1381207,48755,1332452,
B0,ports,drl,42,known,Infilteration,9186,141,9045,1.534944480731548,98.46505551926845,0.2883671465968586,1.534944480731548,0.4855204710581591,1381207,48755,1332452,
B0,ports,drl,42,known,Reconnaissance,72925,25505,47420,34.974288652725406,65.0257113472746,34.34554268785349,34.974288652725406,34.65706423888304,1381207,48755,1332452,
B0,ports,drl,42,known,Worms,32,16,16,50.0,50.0,0.0328063808410735,50.0,0.0655697395651906,1381207,48755,1332452,
B0,ports,drl,42,known,injection,70150,67886,2264,96.77263007840342,3.227369921596579,58.20080417691892,96.77263007840342,72.68658554212998,1381207,48755,1332452,
B0,ports,drl,42,known,mitm,187,93,94,49.73262032085562,50.26737967914438,0.1903865050769734,49.73262032085562,0.3793208932395228,1381207,48755,1332452,
B0,ports,drl,42,known,password,23322,23246,76,99.67412743332476,0.3258725666752449,32.28566269912918,99.67412743332476,48.77311876462135,1381207,48755,1332452,
B0,ports,drl,42,known,scanning,3208,2818,390,87.8428927680798,12.157107231920197,5.464099431873267,87.8428927680798,10.288238622880195,1381207,48755,1332452,
B0,ports,drl,42,known,xss,15004,14464,540,96.40095974406825,3.599040255931752,22.879197709549345,96.40095974406825,36.98145046853228,1381207,48755,1332452,
B0,ports,drl,42,zero_day,Backdoor,19029,7123,11906,37.432340112459926,62.56765988754008,12.747414009091235,37.432340112459926,19.018249295793453,1381207,48755,1332452,
B0,ports,drl,42,zero_day,Brute Force,291955,287597,4358,98.50730420784024,1.4926957921597483,85.50476881362383,98.50730420784024,91.54664837412284,1381207,48755,1332452,
B0,ports,drl,42,zero_day,Shellcode,1365,6,1359,0.4395604395604395,99.56043956043956,0.0123049158138676,0.4395604395604395,0.0239396720264932,1381207,48755,1332452,
B0,ports,drl,42,zero_day,Theft,1909,639,1270,33.47302252488213,66.52697747511786,1.293679394258412,33.47302252488213,2.4910823928425243,1381207,48755,1332452,
B0,ports,drl,42,zero_day,ransomware,142,141,1,99.29577464788731,0.7042253521126751,0.2883671465968586,99.29577464788731,0.5750642358986908,1381207,48755,1332452,
B0,ports,drl,43,known,Analysis,315,44,271,13.968253968253968,86.03174603174604,0.0731237120255268,13.968253968253968,0.1454858068675913,1381207,60128,1321079,
B0,ports,drl,43,known,Bot,2346,933,1413,39.769820971867006,60.230179028132994,1.5279802165048069,39.769820971867006,2.942892740549151,1381207,60128,1321079,
B0,ports,drl,43,known,DDoS,114041,107268,6773,94.06090791908174,5.939092080918263,64.08038423857201,94.06090791908174,76.22878299583921,1381207,60128,1321079,
B0,ports,drl,43,known,DoS,52727,46305,6422,87.82028182904395,12.179718170956056,43.50624336437007,87.82028182904395,58.18673033425485,1381207,60128,1321079,
B0,ports,drl,43,known,Exploits,3690,1644,2046,44.552845528455286,55.44715447154472,2.6613999870491485,44.552845528455286,5.022761296630105,1381207,60128,1321079,
B0,ports,drl,43,known,Fuzzers,2881,1125,1756,39.048941339812565,60.95105866018744,1.836644735768044,39.048941339812565,3.5082795397137247,1381207,60128,1321079,
B0,ports,drl,43,known,Generic,853,194,659,22.743259085580306,77.2567409144197,0.321607373760817,22.743259085580306,0.6342460155292194,1381207,60128,1321079,
B0,ports,drl,43,known,Infilteration,9186,488,8698,5.312431961680819,94.68756803831918,0.805067968853108,5.312431961680819,1.398240738087734,1381207,60128,1321079,
B0,ports,drl,43,known,Reconnaissance,72925,46515,26410,63.7847103188207,36.2152896811793,43.617490130622734,63.7847103188207,51.80767174552259,1381207,60128,1321079,
B0,ports,drl,43,known,Worms,32,19,13,59.375,40.625,0.0315892729479442,59.375,0.0631449508964921,1381207,60128,1321079,
B0,ports,drl,43,known,injection,70150,68368,1782,97.45972915181753,2.5402708481824687,53.20632548873117,97.45972915181753,68.83400622212378,1381207,60128,1321079,
B0,ports,drl,43,known,mitm,187,101,86,54.01069518716578,45.98930481283422,0.1676933038901525,54.01069518716578,0.3343485169491526,1381207,60128,1321079,
B0,ports,drl,43,known,password,23322,23247,75,99.67841523025469,0.3215847697453089,27.882458770614694,99.67841523025469,43.57573315088521,1381207,60128,1321079,
B0,ports,drl,43,known,scanning,3208,2819,389,87.87406483790524,12.12593516209476,4.478370692805058,87.87406483790524,8.522409492857683,1381207,60128,1321079,
B0,ports,drl,43,known,xss,15004,14466,538,96.41428952279392,3.5857104772060837,19.39298066868649,96.41428952279392,32.29089935043193,1381207,60128,1321079,
B0,ports,drl,43,zero_day,Backdoor,19029,17158,1871,90.16763886699248,9.832361133007517,22.20065729886396,90.16763886699248,35.62892592015782,1381207,60128,1321079,
B0,ports,drl,43,zero_day,Brute Force,291955,287597,4358,98.50730420784024,1.4926957921597483,82.70817456323243,98.50730420784024,89.9190220110055,1381207,60128,1321079,
B0,ports,drl,43,zero_day,Shellcode,1365,13,1352,0.9523809523809524,99.04761904761904,0.0216158693736386,0.9523809523809524,0.0422722986375313,1381207,60128,1321079,
B0,ports,drl,43,zero_day,Theft,1909,1125,784,58.93137768465165,41.06862231534835,1.836644735768044,58.93137768465165,3.562268452550584,1381207,60128,1321079,
B0,ports,drl,43,zero_day,ransomware,142,141,1,99.29577464788731,0.7042253521126751,0.233951119149148,99.29577464788731,0.4668024035357799,1381207,60128,1321079,
B0,ports,drl,44,known,Analysis,315,37,278,11.746031746031743,88.25396825396825,0.0789097656166691,11.746031746031743,0.1567663757308702,1381207,46852,1334355,
B0,ports,drl,44,known,Bot,2346,0,2346,0.0,100.0,0.0,0.0,0.0,1381207,46852,1334355,
B0,ports,drl,44,known,DDoS,114041,106244,7797,93.16298524214976,6.837014757850247,69.39697967288498,93.16298524214976,79.54270655132011,1381207,46852,1334355,
B0,ports,drl,44,known,DoS,52727,45223,7504,85.76820224932197,14.23179775067802,49.11539505837632,85.76820224932197,62.46184444966229,1381207,46852,1334355,
B0,ports,drl,44,known,Exploits,3690,1526,2164,41.3550135501355,58.6449864498645,3.1543263466865104,41.3550135501355,5.861565644925866,1381207,46852,1334355,
B0,ports,drl,44,known,Fuzzers,2881,1078,1803,37.4175633460604,62.58243665393961,2.249113290214897,37.4175633460604,4.243175690303281,1381207,46852,1334355,
B0,ports,drl,44,known,Generic,853,171,682,20.046893317702228,79.95310668229777,0.3636518299555537,20.046893317702228,0.7143453922633469,1381207,46852,1334355,
B0,ports,drl,44,known,Infilteration,9186,20,9166,0.2177226213803614,99.78227737861964,0.0426693975081071,0.2177226213803614,0.0713546683791787,1381207,46852,1334355,
B0,ports,drl,44,known,Reconnaissance,72925,4648,68277,6.373671580390812,93.62632841960918,9.025242718446602,6.373671580390812,7.471167369901548,1381207,46852,1334355,
B0,ports,drl,44,known,Worms,32,16,16,50.0,50.0,0.0341384313390799,50.0,0.068230277185501,1381207,46852,1334355,
B0,ports,drl,44,known,injection,70150,68363,1787,97.45260156806842,2.54739843193158,59.335156012671966,97.45260156806842,73.76041863350686,1381207,46852,1334355,
B0,ports,drl,44,known,mitm,187,98,89,52.406417112299465,47.593582887700535,0.2087326943556975,52.406417112299465,0.4158092369051913,1381207,46852,1334355,
B0,ports,drl,44,known,password,23322,23246,76,99.67412743332476,0.3258725666752449,33.16214442637451,99.67412743332476,49.76664525797474,1381207,46852,1334355,
B0,ports,drl,44,known,scanning,3208,2818,390,87.8428927680798,12.157107231920197,5.673444735252668,87.8428927680798,10.65849691743258,1381207,46852,1334355,
B0,ports,drl,44,known,xss,15004,14467,537,96.42095441215676,3.579045587843244,23.593013584696426,96.42095441215676,37.90993540610301,1381207,46852,1334355,
B0,ports,drl,44,zero_day,Backdoor,19029,7133,11896,37.48489148142309,62.51510851857691,13.212929517458551,37.48489148142309,19.53871860191196,1381207,46852,1334355,
B0,ports,drl,44,zero_day,Brute Force,291955,287597,4358,98.50730420784024,1.4926957921597483,85.99128716186922,98.50730420784024,91.82476484824493,1381207,46852,1334355,
B0,ports,drl,44,zero_day,Shellcode,1365,9,1356,0.6593406593406593,99.34065934065934,0.0192057361131858,0.6593406593406593,0.0373242649193381,1381207,46852,1334355,
B0,ports,drl,44,zero_day,Theft,1909,6,1903,0.3143006809848088,99.6856993190152,0.0128046438174911,0.3143006809848088,0.0246068037812455,1381207,46852,1334355,
B0,ports,drl,44,zero_day,ransomware,142,141,1,99.29577464788731,0.7042253521126751,0.3000446875066499,99.29577464788731,0.5982815317704466,1381207,46852,1334355,
B0,ports,drl,45,known,Analysis,315,36,279,11.428571428571429,88.57142857142857,0.0815974976767379,11.428571428571429,0.1620380789485529,1381207,44083,1337124,
B0,ports,drl,45,known,Bot,2346,0,2346,0.0,100.0,0.0,0.0,0.0,1381207,44083,1337124,
B0,ports,drl,45,known,DDoS,114041,106277,7764,93.19192220341806,6.808077796581936,70.68169725990955,93.19192220341806,80.3907700802947,1381207,44083,1337124,
B0,ports,drl,45,known,DoS,52727,43648,9079,82.7811178333681,17.2188821666319,49.75208307211818,82.7811178333681,62.15096327727861,1381207,44083,1337124,
B0,ports,drl,45,known,Exploits,3690,1344,2346,36.42276422764228,63.57723577235773,2.9585929073018247,36.42276422764228,5.472646945049576,1381207,44083,1337124,
B0,ports,drl,45,known,Fuzzers,2881,1019,1862,35.36966331135022,64.63033668864978,2.2593233116048066,35.36966331135022,4.247337598732885,1381207,44083,1337124,
B0,ports,drl,45,known,Generic,853,143,710,16.764361078546308,83.2356389214537,0.3233392122281011,16.764361078546308,0.6344417578029681,1381207,44083,1337124,
B0,ports,drl,45,known,Infilteration,9186,344,8842,3.744829087742216,96.25517091225778,0.7743039142863574,3.744829087742216,1.2832708484882396,1381207,44083,1337124,
B0,ports,drl,45,known,Reconnaissance,72925,31487,41438,43.177236887212885,56.82276311278712,41.66600502845044,43.177236887212885,42.40816189097277,1381207,44083,1337124,
B0,ports,drl,45,known,Worms,32,16,16,50.0,50.0,0.0362820018594525,50.0,0.0725113865536697,1381207,44083,1337124,
B0,ports,drl,45,known,injection,70150,68363,1787,97.45260156806842,2.54739843193158,60.79629333191042,97.45260156806842,74.87896777585489,1381207,44083,1337124,
B0,ports,drl,45,known,mitm,187,99,88,52.94117647058824,47.05882352941176,0.2240731519623376,52.94117647058824,0.4462575221438392,1381207,44083,1337124,
B0,ports,drl,45,known,password,23322,23244,78,99.66555183946488,0.3344481605351168,34.524039389843594,99.66555183946488,51.28352215689086,1381207,44083,1337124,
B0,ports,drl,45,known,scanning,3208,2818,390,87.8428927680798,12.157107231920197,6.008400673759621,87.8428927680798,11.247480492526297,1381207,44083,1337124,
B0,ports,drl,45,known,xss,15004,14466,538,96.41428952279392,3.5857104772060837,24.707509948931666,96.41428952279392,39.33490136364254,1381207,44083,1337124,
B0,ports,drl,45,zero_day,Backdoor,19029,7117,11912,37.400809291082034,62.59919070891797,13.900390625,37.400809291082034,20.26798046391092,1381207,44083,1337124,
B0,ports,drl,45,zero_day,Brute Force,291955,268721,23234,92.04192426915108,7.958075730848934,85.90714952494214,92.04192426915108,88.86878905481358,1381207,44083,1337124,
B0,ports,drl,45,zero_day,Shellcode,1365,7,1358,0.5128205128205128,99.48717948717947,0.0158766160127012,0.5128205128205128,0.0307996920030799,1381207,44083,1337124,
B0,ports,drl,45,zero_day,Theft,1909,617,1292,32.3205866946045,67.6794133053955,1.3803131991051454,32.3205866946045,2.647557338711408,1381207,44083,1337124,
B0,ports,drl,45,zero_day,ransomware,142,141,1,99.29577464788731,0.7042253521126751,0.3188314037626628,99.29577464788731,0.6356218726051481,1381207,44083,1337124,
B0,ports,drl,46,known,Analysis,315,36,279,11.428571428571429,88.57142857142857,0.0859291084854994,11.428571428571429,0.1705756929637526,1381207,41859,1339348,
B0,ports,drl,46,known,Bot,2346,0,2346,0.0,100.0,0.0,0.0,0.0,1381207,41859,1339348,
B0,ports,drl,46,known,DDoS,114041,107429,6612,94.20208521496654,5.797914785033454,71.96090777557473,94.20208521496654,81.59298823904696,1381207,41859,1339348,
B0,ports,drl,46,known,DoS,52727,46415,6312,88.02890359777723,11.97109640222277,52.58060130955887,88.02890359777723,65.83641250771271,1381207,41859,1339348,
B0,ports,drl,46,known,Exploits,3690,1318,2372,35.71815718157181,64.28184281842819,3.0525511267573013,35.71815718157181,5.624426568801075,1381207,41859,1339348,
B0,ports,drl,46,known,Fuzzers,2881,1080,1801,37.48698368622006,62.51301631377994,2.515195975686439,37.48698368622006,4.714098646879092,1381207,41859,1339348,
B0,ports,drl,46,known,Generic,853,134,719,15.70926143024619,84.29073856975381,0.3191008025147048,15.70926143024619,0.6254959622835271,1381207,41859,1339348,
B0,ports,drl,46,known,Infilteration,9186,280,8906,3.04811669932506,96.95188330067494,0.6644675953392344,3.04811669932506,1.0910862152946907,1381207,41859,1339348,
B0,ports,drl,46,known,Reconnaissance,72925,35806,37119,49.09976002742544,50.90023997257455,46.10313526041331,49.09976002742544,47.554286473205394,1381207,41859,1339348,
B0,ports,drl,46,known,Worms,32,16,16,50.0,50.0,0.0382089552238806,50.0,0.0763595580690576,1381207,41859,1339348,
B0,ports,drl,46,known,injection,70150,68359,1791,97.44689950106914,2.5531004989308603,62.02162986082128,97.44689950106914,75.7994766255655,1381207,41859,1339348,
B0,ports,drl,46,known,mitm,187,98,89,52.406417112299465,47.593582887700535,0.2335724670495984,52.406417112299465,0.4650721336370538,1381207,41859,1339348,
B0,ports,drl,46,known,password,23322,23242,80,99.656976245605,0.3430237543949888,35.70144851845593,99.656976245605,52.570032683804,1381207,41859,1339348,
B0,ports,drl,46,known,scanning,3208,2818,390,87.8428927680798,12.157107231920197,6.307496027038521,87.8428927680798,11.769865302286728,1381207,41859,1339348,
B0,ports,drl,46,known,xss,15004,14464,540,96.40095974406825,3.599040255931752,25.680450260106884,96.40095974406825,40.5568718718017,1381207,41859,1339348,
B0,ports,drl,46,zero_day,Backdoor,19029,11078,7951,58.2164065373903,41.7835934626097,20.926762000113342,58.2164065373903,30.786760414640245,1381207,41859,1339348,
B0,ports,drl,46,zero_day,Brute Force,291955,287597,4358,98.50730420784024,1.4926957921597483,87.29450973726385,98.50730420784024,92.5625713094876,1381207,41859,1339348,
B0,ports,drl,46,zero_day,Shellcode,1365,7,1358,0.5128205128205128,99.48717948717947,0.0167200114651507,0.5128205128205128,0.0323841687677823,1381207,41859,1339348,
B0,ports,drl,46,zero_day,Theft,1909,639,1270,33.47302252488213,66.52697747511786,1.5036001694197374,33.47302252488213,2.8779246515189043,1381207,41859,1339348,
B0,ports,drl,46,zero_day,ransomware,142,138,4,97.1830985915493,2.8169014084507005,0.3285948996356883,97.1830985915493,0.6549752011201025,1381207,41859,1339348,
B0,ports,drl,47,known,Analysis,315,237,78,75.23809523809524,24.761904761904763,0.677510648637832,75.23809523809524,1.3429283771532183,1381207,34744,1346463,
B0,ports,drl,47,known,Bot,2346,0,2346,0.0,100.0,0.0,0.0,0.0,1381207,34744,1346463,
B0,ports,drl,47,known,DDoS,114041,106271,7770,93.18666093773292,6.813339062267076,75.36148636669859,93.18666093773292,83.33150366978232,1381207,34744,1346463,
B0,ports,drl,47,known,DoS,52727,45402,7325,86.10768676389705,13.892313236102948,56.64911536445986,86.10768676389705,68.33894019100946,1381207,34744,1346463,
B0,ports,drl,47,known,Exploits,3690,1407,2283,38.130081300813,61.86991869918699,3.892008519819645,38.130081300813,7.063075726010892,1381207,34744,1346463,
B0,ports,drl,47,known,Fuzzers,2881,1194,1687,41.44394307532107,58.55605692467893,3.322388558072235,41.44394307532107,6.151626780700172,1381207,34744,1346463,
B0,ports,drl,47,known,Generic,853,330,523,38.68698710433763,61.31301289566237,0.9408678793408224,38.68698710433763,1.837058479694937,1381207,34744,1346463,
B0,ports,drl,47,known,Infilteration,9186,347,8839,3.777487480949271,96.22251251905072,0.9888575418198398,3.777487480949271,1.5674051990875622,1381207,34744,1346463,
B0,ports,drl,47,known,Reconnaissance,72925,29956,42969,41.07781967775112,58.92218032224888,46.29984544049459,41.07781967775112,43.53278837420527,1381207,34744,1346463,
B0,ports,drl,47,known,Worms,32,17,15,53.125,46.875,0.0489053824688587,53.125,0.0977208059092346,1381207,34744,1346463,
B0,ports,drl,47,known,injection,70150,68362,1788,97.4511760513186,2.5488239486814,66.30264000155181,97.4511760513186,78.91443874959597,1381207,34744,1346463,
B0,ports,drl,47,known,mitm,187,98,89,52.406417112299465,47.593582887700535,0.2812697319327248,52.406417112299465,0.5595363841388564,1381207,34744,1346463,
B0,ports,drl,47,known,password,23322,23242,80,99.656976245605,0.3430237543949888,40.08208878005036,99.656976245605,57.17026614847248,1381207,34744,1346463,
B0,ports,drl,47,known,scanning,3208,2818,390,87.8428927680798,12.157107231920197,7.502262925296844,87.8428927680798,13.823890115280848,1381207,34744,1346463,
B0,ports,drl,47,known,xss,15004,14464,540,96.40095974406825,3.599040255931752,29.393594537473582,96.40095974406825,45.050769326605625,1381207,34744,1346463,
B0,ports,drl,47,zero_day,Backdoor,19029,6774,12255,35.5982973356456,64.40170266435442,16.31581482730382,35.5982973356456,22.376005417279146,1381207,34744,1346463,
B0,ports,drl,47,zero_day,Brute Force,291955,287597,4358,98.50730420784024,1.4926957921597483,89.22135254280404,98.50730420784024,93.63466472189302,1381207,34744,1346463,
B0,ports,drl,47,zero_day,Shellcode,1365,5,1360,0.3663003663003663,99.63369963369964,0.0143889032777921,0.3663003663003663,0.0276900924849088,1381207,34744,1346463,
B0,ports,drl,47,zero_day,Theft,1909,617,1292,32.3205866946045,67.6794133053955,1.7448601566697772,32.3205866946045,3.310973973705393,1381207,34744,1346463,
B0,ports,drl,47,zero_day,ransomware,142,133,9,93.66197183098592,6.338028169014088,0.3813401381999599,93.66197183098592,0.7595876524172593,1381207,34744,1346463,
B0,ports,drl,48,known,Analysis,315,31,284,9.841269841269842,90.15873015873017,0.0809801206865024,9.841269841269842,0.1606384081251943,1381207,38250,1342957,
B0,ports,drl,48,known,Bot,2346,2346,0,100.0,0.0,5.778894472361809,100.0,10.926365795724465,1381207,38250,1342957,
B0,ports,drl,48,known,DDoS,114041,106618,7423,93.49093746985731,6.509062530142673,73.59665350525995,93.49093746985731,82.3594390307019,1381207,38250,1342957,
B0,ports,drl,48,known,DoS,52727,45168,7559,85.66389136495533,14.336108635044663,54.14658706753938,85.66389136495533,66.35278563296485,1381207,38250,1342957,
B0,ports,drl,48,known,Exploits,3690,1149,2541,31.138211382113823,68.86178861788618,2.916317673037387,31.138211382113823,5.333147671099352,1381207,38250,1342957,
B0,ports,drl,48,known,Fuzzers,2881,730,2151,25.33842415827838,74.66157584172161,1.8727552591072345,25.33842415827838,3.487733212297843,1381207,38250,1342957,
B0,ports,drl,48,known,Generic,853,110,743,12.895662368112545,87.10433763188745,0.2867570385818561,12.895662368112545,0.5610384311325325,1381207,38250,1342957,
B0,ports,drl,48,known,Infilteration,9186,463,8723,5.040278684955367,94.95972131504465,1.1959806783251103,5.040278684955367,1.9332345142904863,1381207,38250,1342957,
B0,ports,drl,48,known,Reconnaissance,72925,45496,27429,62.38738429893726,37.61261570106274,54.326176772621984,62.38738429893726,58.0783935763479,1381207,38250,1342957,
B0,ports,drl,48,known,Worms,32,16,16,50.0,50.0,0.0418125751319709,50.0,0.0835552770379654,1381207,38250,1342957,
B0,ports,drl,48,known,injection,70150,68215,1935,97.2416250890948,2.758374910905204,64.07269994833983,97.2416250890948,77.24711944059112,1381207,38250,1342957,
B0,ports,drl,48,known,mitm,187,93,94,49.73262032085562,50.26737967914438,0.2425475314920585,49.73262032085562,0.482740721515702,1381207,38250,1342957,
B0,ports,drl,48,known,password,23322,23241,81,99.65268844867508,0.3473115513249247,37.79577499146217,99.65268844867508,54.80527749283719,1381207,38250,1342957,
B0,ports,drl,48,known,scanning,3208,2818,390,87.8428927680798,12.157107231920197,6.861790201616831,87.8428927680798,12.72924383413136,1381207,38250,1342957,
B0,ports,drl,48,known,xss,15004,14464,540,96.40095974406825,3.599040255931752,27.43863110369162,96.40095974406825,42.71833190584483,1381207,38250,1342957,
B0,ports,drl,48,zero_day,Backdoor,19029,5815,13214,30.558621052078404,69.44137894792159,13.19641438783615,30.558621052078404,18.43281453070022,1381207,38250,1342957,
B0,ports,drl,48,zero_day,Brute Force,291955,268530,23425,91.97650322823722,8.023496771762773,87.53178173283787,91.97650322823722,89.69911563546478,1381207,38250,1342957,
B0,ports,drl,48,zero_day,Shellcode,1365,3,1362,0.2197802197802197,99.78021978021978,0.007842522155125,0.2197802197802197,0.0151446312282295,1381207,38250,1342957,
B0,ports,drl,48,zero_day,Theft,1909,1116,793,58.45992666317444,41.54007333682557,2.8349336991312297,58.45992666317444,5.4076317383404,1381207,38250,1342957,
B0,ports,drl,48,zero_day,ransomware,142,140,2,98.59154929577466,1.4084507042253502,0.3646783016410523,98.59154929577466,0.7266687428630749,1381207,38250,1342957,
B0,ports,drl,49,known,Analysis,315,34,281,10.793650793650794,89.2063492063492,0.2104611575363664,10.793650793650794,0.4128718882817243,1381207,16121,1365086,
B0,ports,drl,49,known,Bot,2346,0,2346,0.0,100.0,0.0,0.0,0.0,1381207,16121,1365086,
B0,ports,drl,49,known,DDoS,114041,75557,38484,66.25424189545865,33.745758104541345,82.41562861318964,66.25424189545865,73.45651106606584,1381207,16121,1365086,
B0,ports,drl,49,known,DoS,52727,24935,27792,47.29076184876818,52.709238151231816,60.7341192517537,47.29076184876818,53.175948732712754,1381207,16121,1365086,
B0,ports,drl,49,known,Exploits,3690,645,3045,17.479674796747968,82.52032520325203,3.847071454133365,17.479674796747968,6.306218224481815,1381207,16121,1365086,
B0,ports,drl,49,known,Fuzzers,2881,581,2300,20.1666088163832,79.8333911836168,3.478625314333613,20.1666088163832,5.933718020732268,1381207,16121,1365086,
B0,ports,drl,49,known,Generic,853,62,791,7.268464243845251,92.73153575615474,0.3831180868812952,7.268464243845251,0.727870392110824,1381207,16121,1365086,
B0,ports,drl,49,known,Infilteration,9186,255,8931,2.775963422599608,97.2240365774004,1.557156814851001,2.775963422599608,1.995149049370159,1381207,16121,1365086,
B0,ports,drl,49,known,Reconnaissance,72925,22441,50484,30.772711690092564,69.22728830990744,58.19459571598984,30.772711690092564,40.25760851040928,1381207,16121,1365086,
B0,ports,drl,49,known,Worms,32,12,20,37.5,62.5,0.074381702101283,37.5,0.148468914321064,1381207,16121,1365086,
B0,ports,drl,49,known,injection,70150,50139,20011,71.47398431931575,28.52601568068425,75.67008753395714,71.47398431931575,73.512205850011,1381207,16121,1365086,
B0,ports,drl,49,known,mitm,187,11,176,5.88235294117647,94.11764705882352,0.0681874535085544,5.88235294117647,0.1348121821190024,1381207,16121,1365086,
B0,ports,drl,49,known,password,23322,19719,3603,84.55106766143555,15.448932338564449,55.01953125,84.55106766143555,66.66103241945844,1381207,16121,1365086,
B0,ports,drl,49,known,scanning,3208,2199,1009,68.54738154613467,31.45261845386533,12.003275109170303,68.54738154613467,20.42920847268673,1381207,16121,1365086,
B0,ports,drl,49,known,xss,15004,12653,2351,84.33084510797121,15.669154892028793,43.97372628067005,84.33084510797121,57.805290328475486,1381207,16121,1365086,
B0,ports,drl,49,zero_day,Backdoor,19029,26,19003,0.1366335593042198,99.86336644069578,0.161020623025949,0.1366335593042198,0.1478280645894928,1381207,16121,1365086,
B0,ports,drl,49,zero_day,Brute Force,291955,82763,209192,28.347861828021443,71.65213817197855,83.69705918045386,28.347861828021443,42.35145417934238,1381207,16121,1365086,
B0,ports,drl,49,zero_day,Shellcode,1365,0,1365,0.0,100.0,0.0,0.0,0.0,1381207,16121,1365086,
B0,ports,drl,49,zero_day,Theft,1909,615,1294,32.2158198009429,67.7841801990571,3.674713193116635,32.2158198009429,6.596942880128721,1381207,16121,1365086,
B0,ports,drl,49,zero_day,ransomware,142,12,130,8.450704225352112,91.54929577464787,0.074381702101283,8.450704225352112,0.1474654377880184,1381207,16121,1365086,
B1,ports,drl,42,known,Analysis,315,38,277,12.063492063492063,87.93650793650794,0.0716913498726535,12.063492063492063,0.1425356339084771,1381207,52967,1328240,
B1,ports,drl,42,known,Bot,2346,0,2346,0.0,100.0,0.0,0.0,0.0,1381207,52967,1328240,
B1,ports,drl,42,known,DDoS,114041,106273,7768,93.1884146929613,6.811585307038692,66.73762873649837,93.1884146929613,77.77562289365157,1381207,52967,1328240,
B1,ports,drl,42,known,DoS,52727,45229,7498,85.77958161852561,14.220418381474389,46.059920974377775,85.77958161852561,59.93652392279507,1381207,52967,1328240,
B1,ports,drl,42,known,Exploits,3690,1630,2060,44.17344173441735,55.82655826558265,2.985512024470209,44.17344173441735,5.5930138795957935,1381207,52967,1328240,
B1,ports,drl,42,known,Fuzzers,2881,1126,1755,39.0836515098924,60.91634849010761,2.08160020705082,39.0836515098924,3.952680169902061,1381207,52967,1328240,
B1,ports,drl,42,known,Generic,853,191,662,22.3915592028136,77.6084407971864,0.3593062191956055,22.3915592028136,0.7072633352465238,1381207,52967,1328240,
B1,ports,drl,42,known,Infilteration,9186,21,9165,0.2286087524493794,99.77139124755062,0.0396316147052162,0.2286087524493794,0.067552353073632,1381207,52967,1328240,
B1,ports,drl,42,known,Reconnaissance,72925,4715,68210,6.46554679465204,93.53445320534796,8.174127110710447,6.46554679465204,7.220133683493228,1381207,52967,1328240,
B1,ports,drl,42,known,Worms,32,17,15,53.125,46.875,0.0320851577834818,53.125,0.0641315829183642,1381207,52967,1328240,
B1,ports,drl,42,known,injection,70150,68369,1781,97.46115466856736,2.5388453314326487,56.34683853102129,97.46115466856736,71.40887584470926,1381207,52967,1328240,
B1,ports,drl,42,known,mitm,187,100,87,53.475935828877006,46.524064171122994,0.1884410273804812,53.475935828877006,0.3755586434821797,1381207,52967,1328240,
B1,ports,drl,42,known,password,23322,23246,76,99.67412743332476,0.3258725666752449,30.501358036030595,99.67412743332476,46.709197769628766,1381207,52967,1328240,
B1,ports,drl,42,known,scanning,3208,2818,390,87.8428927680798,12.157107231920197,5.05153715156404,87.8428927680798,9.55367585984778,1381207,52967,1328240,
B1,ports,drl,42,known,xss,15004,14467,537,96.42095441215676,3.579045587843244,21.453569416021598,96.42095441215676,35.09789174895073,1381207,52967,1328240,
B1,ports,drl,42,zero_day,Backdoor,19029,11697,7332,61.46933627621,38.530663723790006,18.08889026351602,61.46933627621,27.95215848398313,1381207,52967,1328240,
B1,ports,drl,42,zero_day,Brute Force,291955,287597,4358,98.50730420784024,1.4926957921597483,84.44726982299949,98.50730420784024,90.93703114056652,1381207,52967,1328240,
B1,ports,drl,42,zero_day,Shellcode,1365,15,1350,1.098901098901099,98.9010989010989,0.0283115020195538,1.098901098901099,0.0552008390527535,1381207,52967,1328240,
B1,ports,drl,42,zero_day,Theft,1909,5,1904,0.2619172341540073,99.738082765846,0.0094389488786528,0.2619172341540073,0.0182212423243016,1381207,52967,1328240,
B1,ports,drl,42,zero_day,ransomware,142,141,1,99.29577464788731,0.7042253521126751,0.2654967236574527,99.29577464788731,0.5295774647887325,1381207,52967,1328240,
B1,ports,drl,43,known,Analysis,315,38,277,12.063492063492063,87.93650793650794,0.0796846166750545,12.063492063492063,0.1583234381184509,1381207,47650,1333557,
B1,ports,drl,43,known,Bot,2346,0,2346,0.0,100.0,0.0,0.0,0.0,1381207,47650,1333557,
B1,ports,drl,43,known,DDoS,114041,107771,6270,94.50197735902,5.498022640979993,69.3413373997079,94.50197735902,79.98975736838591,1381207,47650,1333557,
B1,ports,drl,43,known,DoS,52727,46784,5943,88.72873480380072,11.271265196199288,49.54147870470381,88.72873480380072,63.5820631825008,1381207,47650,1333557,
B1,ports,drl,43,known,Exploits,3690,1483,2207,40.18970189701897,59.81029810298103,3.018337980583315,40.18970189701897,5.614978323836207,1381207,47650,1333557,
B1,ports,drl,43,known,Fuzzers,2881,1109,1772,38.49357861853523,61.50642138146477,2.2744518960602145,38.49357861853523,4.295120061967467,1381207,47650,1333557,
B1,ports,drl,43,known,Generic,853,168,685,19.69519343493552,80.30480656506448,0.3513321343427161,19.69519343493552,0.6903494894290234,1381207,47650,1333557,
B1,ports,drl,43,known,Infilteration,9186,142,9044,1.545830611800566,98.45416938819945,0.2971208570472045,1.545830611800566,0.4984379936115693,1381207,47650,1333557,
B1,ports,drl,43,known,Reconnaissance,72925,23017,49908,31.56256427836819,68.43743572163181,32.57107277795859,31.56256427836819,32.05888907460025,1381207,47650,1333557,
B1,ports,drl,43,known,Worms,32,17,15,53.125,46.875,0.035664086265131,53.125,0.0712803203421455,1381207,47650,1333557,
B1,ports,drl,43,known,injection,70150,68365,1785,97.45545260156808,2.544547398431929,58.92772486316424,97.45545260156808,73.4455993339242,1381207,47650,1333557,
B1,ports,drl,43,known,mitm,187,99,88,52.94117647058824,47.05882352941176,0.2073341850091101,52.94117647058824,0.4130507343124165,1381207,47650,1333557,
B1,ports,drl,43,known,password,23322,23244,78,99.66555183946488,0.3344481605351168,32.78697774141676,99.66555183946488,49.34193767512948,1381207,47650,1333557,
B1,ports,drl,43,known,scanning,3208,2818,390,87.8428927680798,12.157107231920197,5.58373622889752,87.8428927680798,10.500037260600642,1381207,47650,1333557,
B1,ports,drl,43,known,xss,15004,14466,538,96.41428952279392,3.5857104772060837,23.288685684847703,96.41428952279392,37.5155601659751,1381207,47650,1333557,
B1,ports,drl,43,zero_day,Backdoor,19029,11537,7492,60.628514372799415,39.371485627200585,19.49245611367361,60.628514372799415,29.50035798302138,1381207,47650,1333557,
B1,ports,drl,43,zero_day,Brute Force,291955,287597,4358,98.50730420784024,1.4926957921597483,85.78659913436958,98.50730420784024,91.70793460480036,1381207,47650,1333557,
B1,ports,drl,43,zero_day,Shellcode,1365,7,1358,0.5128205128205128,99.48717948717947,0.0146882934301361,0.5128205128205128,0.0285586063400106,1381207,47650,1333557,
B1,ports,drl,43,zero_day,Theft,1909,643,1266,33.68255631220534,66.31744368779466,1.3314559045824448,33.68255631220534,2.561650930241823,1381207,47650,1333557,
B1,ports,drl,43,zero_day,ransomware,142,141,1,99.29577464788731,0.7042253521126751,0.295034629951246,99.29577464788731,0.5883211983393487,1381207,47650,1333557,
B1,ports,drl,44,known,Analysis,315,33,282,10.476190476190476,89.52380952380953,0.0735179450620446,10.476190476190476,0.1460112384407769,1381207,44854,1336353,
B1,ports,drl,44,known,Bot,2346,0,2346,0.0,100.0,0.0,0.0,0.0,1381207,44854,1336353,
B1,ports,drl,44,known,DDoS,114041,107463,6578,94.23189905384903,5.768100946150945,70.55220362796011,94.23189905384903,80.69064942671142,1381207,44854,1336353,
B1,ports,drl,44,known,DoS,52727,46780,5947,88.72114855766495,11.278851442335046,51.05091996420542,88.72114855766495,64.8097477850666,1381207,44854,1336353,
B1,ports,drl,44,known,Exploits,3690,1485,2205,40.2439024390244,59.7560975609756,3.2046440363408792,40.2439024390244,5.936556797057706,1381207,44854,1336353,
B1,ports,drl,44,known,Fuzzers,2881,898,1983,31.169732731690384,68.83026726830961,1.9627557265256164,31.169732731690384,3.692965681738737,1381207,44854,1336353,
B1,ports,drl,44,known,Generic,853,160,693,18.75732708089097,81.24267291910903,0.3554449726751677,18.75732708089097,0.6976693483332244,1381207,44854,1336353,
B1,ports,drl,44,known,Infilteration,9186,135,9051,1.4696276943174396,98.53037230568256,0.3000733512636422,1.4696276943174396,0.4983848638670973,1381207,44854,1336353,
B1,ports,drl,44,known,Reconnaissance,72925,21158,51767,29.01336990058279,70.98663009941721,32.051748166999936,29.01336990058279,30.456969705693947,1381207,44854,1336353,
B1,ports,drl,44,known,Worms,32,16,16,50.0,50.0,0.0356585691999108,50.0,0.0712663133045298,1381207,44854,1336353,
B1,ports,drl,44,known,injection,70150,68315,1835,97.38417676407698,2.6158232359230205,60.36547110957948,97.38417676407698,74.5312815365565,1381207,44854,1336353,
B1,ports,drl,44,known,mitm,187,96,91,51.33689839572193,48.66310160427807,0.2135706340378198,51.33689839572193,0.4253716463211999,1381207,44854,1336353,
B1,ports,drl,44,known,password,23322,23244,78,99.66555183946488,0.3344481605351168,34.133161032629445,99.66555183946488,50.851017282870274,1381207,44854,1336353,
B1,ports,drl,44,known,scanning,3208,2818,390,87.8428927680798,12.157107231920197,5.911226715891928,87.8428927680798,11.077044025157235,1381207,44854,1336353,
B1,ports,drl,44,known,xss,15004,14466,538,96.41428952279392,3.5857104772060837,24.3863789615644,96.41428952279392,38.9268607717561,1381207,44854,1336353,
B1,ports,drl,44,zero_day,Backdoor,19029,6099,12930,32.05107993063219,67.94892006936782,11.969854571860342,32.05107993063219,17.430196336200733,1381207,44854,1336353,
B1,ports,drl,44,zero_day,Brute Force,291955,287597,4358,98.50730420784024,1.4926957921597483,86.50808690604029,98.50730420784024,92.1185895074679,1381207,44854,1336353,
B1,ports,drl,44,zero_day,Shellcode,1365,7,1358,0.5128205128205128,99.48717948717947,0.0156037538173469,0.5128205128205128,0.0302859862415091,1381207,44854,1336353,
B1,ports,drl,44,zero_day,Theft,1909,642,1267,33.63017286537454,66.36982713462545,1.4111130648848251,33.63017286537454,2.708575044826495,1381207,44854,1336353,
B1,ports,drl,44,zero_day,ransomware,142,141,1,99.29577464788731,0.7042253521126751,0.3133681520168908,99.29577464788731,0.6247646055342624,1381207,44854,1336353,
B1,ports,drl,45,known,Analysis,315,41,274,13.015873015873018,86.98412698412699,0.0962147701405674,13.015873015873018,0.1910175177040625,1381207,42572,1338635,
B1,ports,drl,45,known,Bot,2346,0,2346,0.0,100.0,0.0,0.0,0.0,1381207,42572,1338635,
B1,ports,drl,45,known,DDoS,114041,106075,7966,93.0147929253514,6.985207074648592,71.36033690555476,93.0147929253514,80.76120721159702,1381207,42572,1338635,
B1,ports,drl,45,known,DoS,52727,45214,7513,85.75113319551653,14.248866804483471,51.50479575330918,85.75113319551653,64.3556112245842,1381207,42572,1338635,
B1,ports,drl,45,known,Exploits,3690,1430,2260,38.75338753387534,61.24661246612466,3.249852279441844,38.75338753387534,5.996812882663758,1381207,42572,1338635,
B1,ports,drl,45,known,Fuzzers,2881,1026,1855,35.612634501909056,64.38736549809094,2.353318959585302,35.612634501909056,4.4148970502807705,1381207,42572,1338635,
B1,ports,drl,45,known,Generic,853,163,690,19.10902696365768,80.89097303634232,0.3814203814203814,19.10902696365768,0.7479122694319538,1381207,42572,1338635,
B1,ports,drl,45,known,Infilteration,9186,21,9165,0.2286087524493794,99.77139124755062,0.0493038762237926,0.2286087524493794,0.081113965120995,1381207,42572,1338635,
B1,ports,drl,45,known,Reconnaissance,72925,4609,68316,6.32019197805965,93.67980802194036,9.768762849452113,6.32019197805965,7.67488718298836,1381207,42572,1338635,
B1,ports,drl,45,known,Worms,32,17,15,53.125,46.875,0.0399164103406983,53.125,0.0797728819126721,1381207,42572,1338635,
B1,ports,drl,45,known,injection,70150,68296,1854,97.35709194583036,2.642908054169635,61.60118338925569,97.35709194583036,75.4576892905678,1381207,42572,1338635,
B1,ports,drl,45,known,mitm,187,94,93,50.26737967914438,49.73262032085562,0.2203159424366005,50.26737967914438,0.4387090752106037,1381207,42572,1338635,
B1,ports,drl,45,known,password,23322,23243,79,99.66126404253497,0.3387359574650528,35.31565752488034,99.66126404253497,52.15118301042215,1381207,42572,1338635,
B1,ports,drl,45,known,scanning,3208,2818,390,87.8428927680798,12.157107231920197,6.208415950649923,87.8428927680798,11.597185069344418,1381207,42572,1338635,
B1,ports,drl,45,known,xss,15004,14466,538,96.41428952279392,3.5857104772060837,25.36203934219292,96.41428952279392,40.159906721079366,1381207,42572,1338635,
B1,ports,drl,45,zero_day,Backdoor,19029,7121,11908,37.4218298386673,62.5781701613327,14.32998611474453,37.4218298386673,20.72407671488024,1381207,42572,1338635,
B1,ports,drl,45,zero_day,Brute Force,291955,287597,4358,98.50730420784024,1.4926957921597483,87.10599723172072,98.50730420784024,92.45648777414148,1381207,42572,1338635,
B1,ports,drl,45,zero_day,Shellcode,1365,7,1358,0.5128205128205128,99.48717948717947,0.0164400291223373,0.5128205128205128,0.0318587292918259,1381207,42572,1338635,
B1,ports,drl,45,zero_day,Theft,1909,6,1903,0.3143006809848088,99.6856993190152,0.0140917844896425,0.3143006809848088,0.0269741722300896,1381207,42572,1338635,
B1,ports,drl,45,zero_day,ransomware,142,137,5,96.47887323943662,3.521126760563376,0.3207754805778641,96.47887323943662,0.6394249842477422,1381207,42572,1338635,
B1,ports,drl,46,known,Analysis,315,37,278,11.746031746031743,88.25396825396825,0.0718390804597701,11.746031746031743,0.1428047627318165,1381207,51467,1329740,
B1,ports,drl,46,known,Bot,2346,0,2346,0.0,100.0,0.0,0.0,0.0,1381207,51467,1329740,
B1,ports,drl,46,known,DDoS,114041,107726,6315,94.4625178663814,5.53748213361861,67.67006086951059,94.4625178663814,78.85255861276414,1381207,51467,1329740,
B1,ports,drl,46,known,DoS,52727,46744,5983,88.65287234244315,11.347127657556854,47.59548319434687,88.65287234244315,61.93801428401065,1381207,51467,1329740,
B1,ports,drl,46,known,Exploits,3690,1508,2182,40.86720867208672,59.13279132791328,2.8466257668711656,40.86720867208672,5.322509485573105,1381207,51467,1329740,
B1,ports,drl,46,known,Fuzzers,2881,1088,1793,37.76466504685873,62.23533495314126,2.0702121586908957,37.76466504685873,3.925247131827694,1381207,51467,1329740,
B1,ports,drl,46,known,Generic,853,169,684,19.81242672919109,80.18757327080891,0.3272910372608258,19.81242672919109,0.6439444455028672,1381207,51467,1329740,
B1,ports,drl,46,known,Infilteration,9186,182,9004,1.9812758545612887,98.01872414543872,0.3523785552479235,1.9812758545612887,0.5983397715131092,1381207,51467,1329740,
B1,ports,drl,46,known,Reconnaissance,72925,31505,41420,43.201919780596505,56.79808021940349,37.970640698066816,43.201919780596505,40.41771169425967,1381207,51467,1329740,
B1,ports,drl,46,known,Worms,32,16,16,50.0,50.0,0.0310782199949497,50.0,0.0621178297583228,1381207,51467,1329740,
B1,ports,drl,46,known,injection,70150,68365,1785,97.45545260156808,2.544547398431929,57.05070431938047,97.45545260156808,71.96997610299923,1381207,51467,1329740,
B1,ports,drl,46,known,mitm,187,99,88,52.94117647058824,47.05882352941176,0.1919869681573129,52.94117647058824,0.3825865167236681,1381207,51467,1329740,
B1,ports,drl,46,known,password,23322,23245,77,99.6698396363948,0.3301603636051808,31.11280651033301,99.6698396363948,47.42232286757656,1381207,51467,1329740,
B1,ports,drl,46,known,scanning,3208,2818,390,87.8428927680798,12.157107231920197,5.191120935801787,87.8428927680798,9.802932530916808,1381207,51467,1329740,
B1,ports,drl,46,known,xss,15004,14466,538,96.41428952279392,3.5857104772060837,21.940454704017714,96.41428952279392,35.74632121279514,1381207,51467,1329740,
B1,ports,drl,46,zero_day,Backdoor,19029,15622,3407,82.09574859425088,17.904251405749115,23.28548644338118,82.09574859425088,36.28045240251748,1381207,51467,1329740,
B1,ports,drl,46,zero_day,Brute Force,291955,287597,4358,98.50730420784024,1.4926957921597483,84.82085977868485,98.50730420784024,91.15319823967268,1381207,51467,1329740,
B1,ports,drl,46,zero_day,Shellcode,1365,10,1355,0.7326007326007326,99.26739926739928,0.0194261514851292,0.7326007326007326,0.037848680973468,1381207,51467,1329740,
B1,ports,drl,46,zero_day,Theft,1909,641,1268,33.57778941854374,66.42221058145626,1.2301374069240807,33.57778941854374,2.3733269156006447,1381207,51467,1329740,
B1,ports,drl,46,zero_day,ransomware,142,141,1,99.29577464788731,0.7042253521126751,0.2732134552782514,99.29577464788731,0.5449275362318841,1381207,51467,1329740,
B1,ports,drl,47,known,Analysis,315,37,278,11.746031746031743,88.25396825396825,0.089458413926499,11.746031746031743,0.1775644871025794,1381207,41323,1339884,
B1,ports,drl,47,known,Bot,2346,0,2346,0.0,100.0,0.0,0.0,0.0,1381207,41323,1339884,
B1,ports,drl,47,known,DDoS,114041,106273,7768,93.1884146929613,6.811585307038692,72.00262879752839,93.1884146929613,81.23698100803786,1381207,41323,1339884,
B1,ports,drl,47,known,DoS,52727,45212,7515,85.74734007244865,14.252659927551347,52.24706766048419,85.74734007244865,64.93084976519079,1381207,41323,1339884,
B1,ports,drl,47,known,Exploits,3690,1350,2340,36.58536585365854,63.41463414634146,3.1635929041782864,36.58536585365854,5.823609343657658,1381207,41323,1339884,
B1,ports,drl,47,known,Fuzzers,2881,1076,1805,37.34814300590073,62.65185699409928,2.537795702728838,37.34814300590073,4.752650176678444,1381207,41323,1339884,
B1,ports,drl,47,known,Generic,853,141,712,16.529894490035172,83.47010550996484,0.3400540227667374,16.529894490035172,0.6663988467991587,1381207,41323,1339884,
B1,ports,drl,47,known,Infilteration,9186,21,9165,0.2286087524493794,99.77139124755062,0.0507933436532507,0.2286087524493794,0.0831189392440134,1381207,41323,1339884,
B1,ports,drl,47,known,Reconnaissance,72925,4266,68659,5.849845731916353,94.15015426808364,9.3575204544956,5.849845731916353,7.199149467573451,1381207,41323,1339884,
B1,ports,drl,47,known,Worms,32,16,16,50.0,50.0,0.0387043711749195,50.0,0.0773488675642358,1381207,41323,1339884,
B1,ports,drl,47,known,injection,70150,68362,1788,97.4511760513186,2.5488239486814,62.32575101426813,97.4511760513186,76.02746962493396,1381207,41323,1339884,
B1,ports,drl,47,known,mitm,187,99,88,52.94117647058824,47.05882352941176,0.2390034281299792,52.94117647058824,0.4758585882861881,1381207,41323,1339884,
B1,ports,drl,47,known,password,23322,23242,80,99.656976245605,0.3430237543949888,35.997831642530784,99.656976245605,52.890643667436585,1381207,41323,1339884,
B1,ports,drl,47,known,scanning,3208,2818,390,87.8428927680798,12.157107231920197,6.384087356425998,87.8428927680798,11.903102494244862,1381207,41323,1339884,
B1,ports,drl,47,known,xss,15004,14464,540,96.40095974406825,3.599040255931752,25.92718733755176,96.40095974406825,40.86395163226964,1381207,41323,1339884,
B1,ports,drl,47,zero_day,Backdoor,19029,7125,11904,37.442850386252566,62.55714961374744,14.706489431968295,37.442850386252566,21.118306978674216,1381207,41323,1339884,
B1,ports,drl,47,zero_day,Brute Force,291955,287597,4358,98.50730420784024,1.4926957921597483,87.43676273865985,98.50730420784024,92.64248037044491,1381207,41323,1339884,
B1,ports,drl,47,zero_day,Shellcode,1365,7,1358,0.5128205128205128,99.48717948717947,0.0169368497459472,0.5128205128205128,0.0327907249092399,1381207,41323,1339884,
B1,ports,drl,47,zero_day,Theft,1909,5,1904,0.2619172341540073,99.738082765846,0.0120983352690669,0.2619172341540073,0.0231283391539653,1381207,41323,1339884,
B1,ports,drl,47,zero_day,ransomware,142,141,1,99.29577464788731,0.7042253521126751,0.3400540227667374,99.29577464788731,0.6777868576647599,1381207,41323,1339884,
B1,ports,drl,48,known,Analysis,315,41,274,13.015873015873018,86.98412698412699,0.1021425012456402,13.015873015873018,0.2026943517488567,1381207,40099,1341108,
B1,ports,drl,48,known,Bot,2346,0,2346,0.0,100.0,0.0,0.0,0.0,1381207,40099,1341108,
B1,ports,drl,48,known,DDoS,114041,106189,7852,93.11475697336924,6.885243026630771,72.5890025155857,93.11475697336924,81.58061529833404,1381207,40099,1341108,
B1,ports,drl,48,known,DoS,52727,44588,8139,84.56388567527074,15.436114324729267,52.65034775113063,84.56388567527074,64.8958621392289,1381207,40099,1341108,
B1,ports,drl,48,known,Exploits,3690,1469,2221,39.81029810298103,60.18970189701898,3.5339684372594307,39.81029810298103,6.491669980997834,1381207,40099,1341108,
B1,ports,drl,48,known,Fuzzers,2881,986,1895,34.22422769871572,65.77577230128428,2.3999026408664963,34.22422769871572,4.4852840831551655,1381207,40099,1341108,
B1,ports,drl,48,known,Generic,853,151,702,17.702227432590856,82.29777256740914,0.3751552795031055,17.702227432590856,0.7347395567233534,1381207,40099,1341108,
B1,ports,drl,48,known,Infilteration,9186,21,9165,0.2286087524493794,99.77139124755062,0.0523429710867397,0.2286087524493794,0.0851823307508214,1381207,40099,1341108,
B1,ports,drl,48,known,Reconnaissance,72925,4376,68549,6.000685635927323,93.99931436407267,9.839235525576166,6.000685635927323,7.454855195911413,1381207,40099,1341108,
B1,ports,drl,48,known,Worms,32,17,15,53.125,46.875,0.0423771063914647,53.125,0.0846866593603666,1381207,40099,1341108,
B1,ports,drl,48,known,injection,70150,68364,1786,97.45402708481824,2.545972915181749,63.02978896029061,97.45402708481824,76.54985919277992,1381207,40099,1341108,
B1,ports,drl,48,known,mitm,187,99,88,52.94117647058824,47.05882352941176,0.2462809094979849,52.94117647058824,0.4902810449424291,1381207,40099,1341108,
B1,ports,drl,48,known,password,23322,23244,78,99.66555183946488,0.3344481605351168,36.69545174683864,99.66555183946488,53.6410315582992,1381207,40099,1341108,
B1,ports,drl,48,known,scanning,3208,2818,390,87.8428927680798,12.157107231920197,6.566162592911899,87.8428927680798,12.218970189701896,1381207,40099,1341108,
B1,ports,drl,48,known,xss,15004,14466,538,96.41428952279392,3.5857104772060837,26.51150004581692,96.41428952279392,41.58748868030301,1381207,40099,1341108,
B1,ports,drl,48,zero_day,Backdoor,19029,5628,13401,29.575910452467287,70.42408954753272,12.30782688564743,29.575910452467287,17.38217308048675,1381207,40099,1341108,
B1,ports,drl,48,zero_day,Brute Force,291955,279667,12288,95.79113219503006,4.20886780496994,87.45989254642458,95.79113219503006,91.43612856187708,1381207,40099,1341108,
B1,ports,drl,48,zero_day,Shellcode,1365,5,1360,0.3663003663003663,99.63369963369964,0.0124675842808697,0.3663003663003663,0.0241143987074682,1381207,40099,1341108,
B1,ports,drl,48,zero_day,Theft,1909,5,1904,0.2619172341540073,99.738082765846,0.0124675842808697,0.2619172341540073,0.0238021564753766,1381207,40099,1341108,
B1,ports,drl,48,zero_day,ransomware,142,141,1,99.29577464788731,0.7042253521126751,0.3503976143141153,99.29577464788731,0.6983309395275122,1381207,40099,1341108,
B1,ports,drl,49,known,Analysis,315,36,279,11.428571428571429,88.57142857142857,0.075571509540903,11.428571428571429,0.1501501501501501,1381207,47601,1333606,
B1,ports,drl,49,known,Bot,2346,0,2346,0.0,100.0,0.0,0.0,0.0,1381207,47601,1333606,
B1,ports,drl,49,known,DDoS,114041,79014,35027,69.28560780771828,30.714392192281725,62.40492832602772,69.28560780771828,65.66551426101988,1381207,47601,1333606,
B1,ports,drl,49,known,DoS,52727,38490,14237,72.9986534413109,27.0013465586891,44.70850611562184,72.9986534413109,55.453903672434414,1381207,47601,1333606,
B1,ports,drl,49,known,Exploits,3690,867,2823,23.495934959349597,76.5040650406504,1.7888091111661304,23.495934959349597,3.324513976762913,1381207,47601,1333606,
B1,ports,drl,49,known,Fuzzers,2881,695,2186,24.123568205484208,75.8764317945158,1.439042570813318,24.123568205484208,2.7160638568106763,1381207,47601,1333606,
B1,ports,drl,49,known,Generic,853,77,776,9.02696365767878,90.97303634232122,0.1615000629221024,9.02696365767878,0.3173229482186643,1381207,47601,1333606,
B1,ports,drl,49,known,Infilteration,9186,654,8532,7.119529719137818,92.88047028086218,1.3552999689151384,7.119529719137818,2.27711913093435,1381207,47601,1333606,
B1,ports,drl,49,known,Reconnaissance,72925,38186,34739,52.36338704148097,47.63661295851903,44.5125718348934,52.36338704148097,48.11986491254599,1381207,47601,1333606,
B1,ports,drl,49,known,Worms,32,14,18,43.75,56.25,0.029402499212433,43.75,0.0587655046487711,1381207,47601,1333606,
B1,ports,drl,49,known,injection,70150,60140,10010,85.73057733428368,14.269422665716323,55.81904753065221,85.73057733428368,67.61443805476387,1381207,47601,1333606,
B1,ports,drl,49,known,mitm,187,11,176,5.88235294117647,94.11764705882352,0.0231034193060572,5.88235294117647,0.0460260674909516,1381207,47601,1333606,
B1,ports,drl,49,known,password,23322,23218,104,99.55406911928652,0.4459308807134854,32.784987079738485,99.55406911928652,49.32601098352472,1381207,47601,1333606,
B1,ports,drl,49,known,scanning,3208,2815,393,87.74937655860349,12.250623441396511,5.583544906378927,87.74937655860349,10.49903028494704,1381207,47601,1333606,
B1,ports,drl,49,known,xss,15004,14436,568,96.21434284190885,3.7856571580911713,23.26998404178152,96.21434284190885,37.47614906348568,1381207,47601,1333606,
B1,ports,drl,49,zero_day,Backdoor,19029,1802,17227,9.469756687161702,90.5302433128383,3.647551768111248,9.469756687161702,5.266541968669628,1381207,47601,1333606,
B1,ports,drl,49,zero_day,Brute Force,291955,209443,82512,71.73811032522136,28.26188967477865,81.48138061966044,71.73811032522136,76.29995683052245,1381207,47601,1333606,
B1,ports,drl,49,zero_day,Shellcode,1365,3,1362,0.2197802197802197,99.78021978021978,0.0063019914292916,0.2197802197802197,0.0122526496354836,1381207,47601,1333606,
B1,ports,drl,49,zero_day,Theft,1909,1093,816,57.25510738606601,42.74489261393399,2.244629728508646,57.25510738606601,4.319901982095923,1381207,47601,1333606,
B1,ports,drl,49,zero_day,ransomware,142,18,124,12.676056338028168,87.32394366197182,0.0378000378000378,12.676056338028168,0.0753753062121814,1381207,47601,1333606,
B10,ports,drl,42,known,Analysis,315,291,24,92.38095238095238,7.619047619047614,0.2328521588835899,92.38095238095238,0.4645334312418686,1381207,124681,1256526,
B10,ports,drl,42,known,Bot,2346,2346,0,100.0,0.0,1.8468514567769057,100.0,3.626722731945615,1381207,124681,1256526,
B10,ports,drl,42,known,DDoS,114041,109987,4054,96.44513815206813,3.5548618479318894,46.86919392503452,96.44513815206813,63.08239821742485,1381207,124681,1256526,
B10,ports,drl,42,known,DoS,52727,48678,4049,92.32082234908113,7.67917765091889,28.079303641576157,92.32082234908113,43.061489875534086,1381207,124681,1256526,
B10,ports,drl,42,known,Exploits,3690,3183,507,86.260162601626,13.73983739837399,2.489363698930113,86.260162601626,4.839077489091932,1381207,124681,1256526,
B10,ports,drl,42,known,Fuzzers,2881,2471,410,85.76883026726831,14.231169732731686,1.9433434000251664,85.76883026726831,3.800573700522176,1381207,124681,1256526,
B10,ports,drl,42,known,Generic,853,722,131,84.64243845252052,15.35756154747948,0.5757438019824087,84.64243845252052,1.143708021796984,1381207,124681,1256526,
B10,ports,drl,42,known,Infilteration,9186,1137,8049,12.377531025473546,87.62246897452646,0.9036862770032904,12.377531025473546,1.6843945364581787,1381207,124681,1256526,
B10,ports,drl,42,known,Reconnaissance,72925,51143,21782,70.1309564621186,29.86904353788139,29.087610337610336,70.1309564621186,41.12016530719721,1381207,124681,1256526,
B10,ports,drl,42,known,Worms,32,28,4,87.5,12.5,0.0224522688819571,87.5,0.044893018333988,1381207,124681,1256526,
B10,ports,drl,42,known,injection,70150,69951,199,99.71632216678546,0.2836778332145351,35.94013317440093,99.71632216678546,52.83667318775446,1381207,124681,1256526,
B10,ports,drl,42,known,mitm,187,175,12,93.58288770053476,6.417112299465244,0.1401614660088422,93.58288770053476,0.2799037131226858,1381207,124681,1256526,
B10,ports,drl,42,known,password,23322,23315,7,99.96998542149043,0.0300145785095629,15.753804156869103,99.96998542149043,27.218389194363706,1381207,124681,1256526,
B10,ports,drl,42,known,scanning,3208,3164,44,98.6284289276808,1.3715710723191998,2.474871915209824,98.6284289276808,4.8285808031864965,1381207,124681,1256526,
B10,ports,drl,42,known,xss,15004,14945,59,99.60677152759264,0.3932284724073587,10.703593886525432,99.60677152759264,19.3300135808058,1381207,124681,1256526,
B10,ports,drl,42,zero_day,Backdoor,19029,18706,323,98.30259078248989,1.6974092175101152,13.045813079288918,98.30259078248989,23.034676386562904,1381207,124681,1256526,
B10,ports,drl,42,zero_day,Brute Force,291955,289596,2359,99.19199876693328,0.8080012330667352,69.90395315211802,99.19199876693328,82.01157693222623,1381207,124681,1256526,
B10,ports,drl,42,zero_day,Shellcode,1365,148,1217,10.842490842490845,89.15750915750915,0.1185621930801336,10.842490842490845,0.2345594877727942,1381207,124681,1256526,
B10,ports,drl,42,zero_day,Theft,1909,1116,793,58.45992666317444,41.54007333682557,0.8871435725812221,58.45992666317444,1.7477643963478613,1381207,124681,1256526,
B10,ports,drl,42,zero_day,ransomware,142,138,4,97.1830985915493,2.8169014084507005,0.110560091011785,97.1830985915493,0.2208689111002633,1381207,124681,1256526,
B10,ports,drl,43,known,Analysis,315,296,19,93.96825396825396,6.0317460317460325,0.2322388293907653,93.96825396825396,0.4633325506769977,1381207,127159,1254048,
B10,ports,drl,43,known,Bot,2346,2346,0,100.0,0.0,1.811513068993475,100.0,3.5585623165542923,1381207,127159,1254048,
B10,ports,drl,43,known,DDoS,114041,110630,3411,97.0089704579932,2.991029542006818,46.52443973438637,97.0089704579932,62.88832674871387,1381207,127159,1254048,
B10,ports,drl,43,known,DoS,52727,49393,3334,93.67686384584748,6.32313615415252,27.97646019303095,93.67686384584748,43.08549845384881,1381207,127159,1254048,
B10,ports,drl,43,known,Exploits,3690,2846,844,77.12737127371274,22.87262872628726,2.18914657128572,77.12737127371274,4.257451662365833,1381207,127159,1254048,
B10,ports,drl,43,known,Fuzzers,2881,2309,572,80.1457827143353,19.8542172856647,1.7834522816448852,80.1457827143353,3.489259457948304,1381207,127159,1254048,
B10,ports,drl,43,known,Generic,853,716,137,83.9390386869871,16.0609613130129,0.5599217986314761,83.9390386869871,1.112423093654838,1381207,127159,1254048,
B10,ports,drl,43,known,Infilteration,9186,1225,7961,13.335510559547137,86.66448944045287,0.954168743768694,13.335510559547137,1.780911535945337,1381207,127159,1254048,
B10,ports,drl,43,known,Reconnaissance,72925,54250,18675,74.3914981145012,25.608501885498804,29.904800754097096,74.3914981145012,42.6604386358096,1381207,127159,1254048,
B10,ports,drl,43,known,Worms,32,29,3,90.625,9.375,0.0228008931660219,90.625,0.0455903159880521,1381207,127159,1254048,
B10,ports,drl,43,known,injection,70150,70145,5,99.99287241625088,0.0071275837491113,35.55173742042736,99.99287241625088,52.45387991953757,1381207,127159,1254048,
B10,ports,drl,43,known,mitm,187,187,0,100.0,0.0,0.146844031222025,100.0,0.2932574314099096,1381207,127159,1254048,
B10,ports,drl,43,known,password,23322,23322,0,100.0,0.0,15.49830211122999,100.0,26.83728128973608,1381207,127159,1254048,
B10,ports,drl,43,known,scanning,3208,3208,0,100.0,0.0,2.4607454340438912,100.0,4.8032940295714015,1381207,127159,1254048,
B10,ports,drl,43,known,xss,15004,15004,0,100.0,0.0,10.554082285826832,100.0,19.09306661067527,1381207,127159,1254048,
B10,ports,drl,43,zero_day,Backdoor,19029,18731,298,98.4339692048978,1.5660307951022134,12.839125368428268,98.4339692048978,22.715393617472817,1381207,127159,1254048,
B10,ports,drl,43,zero_day,Brute Force,291955,291594,361,99.87635080748746,0.1236491925125427,69.6338891900476,99.87635080748746,82.05732874823414,1381207,127159,1254048,
B10,ports,drl,43,zero_day,Shellcode,1365,39,1326,2.857142857142857,97.14285714285714,0.0306608594474755,2.857142857142857,0.0606706439644376,1381207,127159,1254048,
B10,ports,drl,43,zero_day,Theft,1909,1202,707,62.96490309062336,37.03509690937664,0.9364214987418298,62.96490309062336,1.845398019497966,1381207,127159,1254048,
B10,ports,drl,43,zero_day,ransomware,142,133,9,93.66197183098592,6.338028169014088,0.1044841781101718,93.66197183098592,0.2087355022992294,1381207,127159,1254048,
B10,ports,drl,44,known,Analysis,315,292,23,92.6984126984127,7.301587301587298,0.3479877489244556,92.6984126984127,0.6933725927860755,1381207,83619,1297588,
B10,ports,drl,44,known,Bot,2346,2346,0,100.0,0.0,2.7290176234514045,100.0,5.3130414104698165,1381207,83619,1297588,
B10,ports,drl,44,known,DDoS,114041,109227,4814,95.77871116528266,4.22128883471734,56.63949472636197,95.77871116528266,71.18385594697723,1381207,83619,1297588,
B10,ports,drl,44,known,DoS,52727,47800,4927,90.6556413222827,9.344358677717302,36.37221406341549,90.6556413222827,51.91532805491295,1381207,83619,1297588,
B10,ports,drl,44,known,Exploits,3690,3082,608,83.5230352303523,16.476964769647694,3.5547456200043825,83.5230352303523,6.819262979721431,1381207,83619,1297588,
B10,ports,drl,44,known,Fuzzers,2881,2280,601,79.13918778202014,20.860812217979863,2.6542800265428004,79.13918778202014,5.136291957648119,1381207,83619,1297588,
B10,ports,drl,44,known,Generic,853,693,160,81.24267291910903,18.75732708089097,0.8219470538001709,81.24267291910903,1.627429108201726,1381207,83619,1297588,
B10,ports,drl,44,known,Infilteration,9186,697,8489,7.587633355105596,92.4123666448944,0.826652118221927,7.587633355105596,1.4908772004876902,1381207,83619,1297588,
B10,ports,drl,44,known,Reconnaissance,72925,35304,37621,48.41138155639356,51.58861844360645,29.686435760954566,48.41138155639356,36.804136608148106,1381207,83619,1297588,
B10,ports,drl,44,known,Worms,32,27,5,84.375,15.625,0.0322788896061975,84.375,0.0645330911350653,1381207,83619,1297588,
B10,ports,drl,44,known,injection,70150,69874,276,99.60655737704916,0.3934426229508236,45.52259712169285,99.60655737704916,62.48708879777145,1381207,83619,1297588,
B10,ports,drl,44,known,mitm,187,171,16,91.44385026737967,8.556149732620321,0.2040816326530612,91.44385026737967,0.4072543672672279,1381207,83619,1297588,
B10,ports,drl,44,known,password,23322,23313,9,99.96140982763056,0.0385901723694348,21.80170575692964,99.96140982763056,35.796213551983044,1381207,83619,1297588,
B10,ports,drl,44,known,scanning,3208,3142,66,97.9426433915212,2.0573566084788,3.621442814167656,97.9426433915212,6.98462803854661,1381207,83619,1297588,
B10,ports,drl,44,known,xss,15004,14920,84,99.44014929352171,0.559850706478271,15.14121312373781,99.44014929352171,26.28079229895282,1381207,83619,1297588,
B10,ports,drl,44,zero_day,Backdoor,19029,18665,364,98.08713016974092,1.9128698302590783,18.248210863869225,98.08713016974092,30.771640302358367,1381207,83619,1297588,
B10,ports,drl,44,zero_day,Brute Force,291955,288478,3477,98.80906304053708,1.190936959462929,77.52763392341244,98.80906304053708,86.88415967424238,1381207,83619,1297588,
B10,ports,drl,44,zero_day,Shellcode,1365,16,1349,1.1721611721611722,98.82783882783885,0.019130746696957,1.1721611721611722,0.0376470588235294,1381207,83619,1297588,
B10,ports,drl,44,zero_day,Theft,1909,628,1281,32.89680460974332,67.10319539025669,0.7454271368713427,32.89680460974332,1.4578206973397094,1381207,83619,1297588,
B10,ports,drl,44,zero_day,ransomware,142,141,1,99.29577464788731,0.7042253521126751,0.1683381088825215,99.29577464788731,0.3361064098591213,1381207,83619,1297588,
B10,ports,drl,45,known,Analysis,315,295,20,93.65079365079364,6.349206349206349,0.2197900446285548,93.65079365079364,0.4385508495993577,1381207,133924,1247283,
B10,ports,drl,45,known,Bot,2346,2346,0,100.0,0.0,1.7215821530784472,100.0,3.384890633115946,1381207,133924,1247283,
B10,ports,drl,45,known,DDoS,114041,110408,3633,96.8143036276427,3.185696372357305,45.18769543080726,96.8143036276427,61.61624899197204,1381207,133924,1247283,
B10,ports,drl,45,known,DoS,52727,49029,3698,92.98651544749367,7.013484552506311,26.798686001322743,92.98651544749367,41.60641547861508,1381207,133924,1247283,
B10,ports,drl,45,known,Exploits,3690,3040,650,82.38482384823848,17.615176151761514,2.2195613445868987,82.38482384823848,4.32266412615354,1381207,133924,1247283,
B10,ports,drl,45,known,Fuzzers,2881,2292,589,79.55570982297814,20.444290177021863,1.682621718447172,79.55570982297814,3.2955419599272444,1381207,133924,1247283,
B10,ports,drl,45,known,Generic,853,683,170,80.07033997655334,19.92966002344666,0.5074030325317405,80.07033997655334,1.008415768492544,1381207,133924,1247283,
B10,ports,drl,45,known,Infilteration,9186,1158,8028,12.606139777922923,87.39386022207707,0.8572570734812929,12.606139777922923,1.605345606787368,1381207,133924,1247283,
B10,ports,drl,45,known,Reconnaissance,72925,47169,25756,64.68152211175865,35.31847788824134,26.04683781261562,64.68152211175865,37.13831303293468,1381207,133924,1247283,
B10,ports,drl,45,known,Worms,32,28,4,87.5,12.5,0.0209030100334448,87.5,0.0417960353475041,1381207,133924,1247283,
B10,ports,drl,45,known,injection,70150,70074,76,99.89166072701354,0.1083392729864574,34.35033676800753,99.89166072701354,51.121292148766365,1381207,133924,1247283,
B10,ports,drl,45,known,mitm,187,183,4,97.86096256684492,2.1390374331550777,0.1364582012870319,97.86096256684492,0.2725363754151339,1381207,133924,1247283,
B10,ports,drl,45,known,password,23322,23318,4,99.98284881228024,0.0171511877197549,14.82937128756948,99.98284881228024,25.82796127688797,1381207,133924,1247283,
B10,ports,drl,45,known,scanning,3208,3190,18,99.43890274314214,0.5610972568578565,2.326531207608268,99.43890274314214,4.54668548053762,1381207,133924,1247283,
B10,ports,drl,45,known,xss,15004,14983,21,99.86003732338044,0.1399626766195649,10.061984997347338,99.86003732338044,18.28187247957733,1381207,133924,1247283,
B10,ports,drl,45,zero_day,Backdoor,19029,18722,307,98.38667297283097,1.6133270271690536,12.264979101974504,98.38667297283097,21.81098004951216,1381207,133924,1247283,
B10,ports,drl,45,zero_day,Brute Force,291955,287597,4358,98.50730420784024,1.4926957921597483,68.22839194251294,98.50730420784024,80.6185491873588,1381207,133924,1247283,
B10,ports,drl,45,zero_day,Shellcode,1365,142,1223,10.402930402930403,89.5970695970696,0.105917980696075,10.402930402930403,0.2097008808913764,1381207,133924,1247283,
B10,ports,drl,45,zero_day,Theft,1909,703,1206,36.82556312205343,63.17443687794657,0.5221835144510388,36.82556312205343,1.0297650436514911,1381207,133924,1247283,
B10,ports,drl,45,zero_day,ransomware,142,133,9,93.66197183098592,6.338028169014088,0.0992115294240509,93.66197183098592,0.1982131014389078,1381207,133924,1247283,
B10,ports,drl,46,known,Analysis,315,289,26,91.74603174603176,8.253968253968258,0.2504137458950342,91.74603174603176,0.4994642425080363,1381207,115120,1266087,
B10,ports,drl,46,known,Bot,2346,2346,0,100.0,0.0,1.9971736502477315,100.0,3.9161352786031447,1381207,115120,1266087,
B10,ports,drl,46,known,DDoS,114041,109621,4420,96.12420094527408,3.875799054725937,48.776591721136775,96.12420094527408,64.71477233146979,1381207,115120,1266087,
B10,ports,drl,46,known,DoS,52727,48704,4023,92.37013294896352,7.629867051036476,29.729465768141424,92.37013294896352,44.98155168990215,1381207,115120,1266087,
B10,ports,drl,46,known,Exploits,3690,3150,540,85.36585365853658,14.634146341463415,2.663397311237,85.36585365853658,5.165628074778616,1381207,115120,1266087,
B10,ports,drl,46,known,Fuzzers,2881,2409,472,83.61679972231863,16.383200277681365,2.049706880854938,83.61679972231863,4.001328793289593,1381207,115120,1266087,
B10,ports,drl,46,known,Generic,853,694,159,81.3599062133646,18.640093786635404,0.5992367071338526,81.3599062133646,1.1897108865403243,1381207,115120,1266087,
B10,ports,drl,46,known,Infilteration,9186,1116,8070,12.148922273024167,87.85107772697583,0.9601156268281772,12.148922273024167,1.779592097080257,1381207,115120,1266087,
B10,ports,drl,46,known,Reconnaissance,72925,48155,24770,66.03359616043882,33.96640383956119,29.49318634206094,66.03359616043882,40.77476714648603,1381207,115120,1266087,
B10,ports,drl,46,known,Worms,32,27,5,84.375,15.625,0.02344828784076,84.375,0.046883546479827,1381207,115120,1266087,
B10,ports,drl,46,known,injection,70150,69778,372,99.46970776906628,0.5302922309337155,37.73864509080682,99.46970776906628,54.71754336438631,1381207,115120,1266087,
B10,ports,drl,46,known,mitm,187,169,18,90.37433155080214,9.625668449197866,0.1465881393714925,90.37433155080214,0.2927015137344556,1381207,115120,1266087,
B10,ports,drl,46,known,password,23322,23312,10,99.95712203070065,0.0428779692993708,16.840036985668053,99.95712203070065,28.8240167167427,1381207,115120,1266087,
B10,ports,drl,46,known,scanning,3208,3116,92,97.13216957605984,2.867830423940154,2.635407151798099,97.13216957605984,5.131583281183097,1381207,115120,1266087,
B10,ports,drl,46,known,xss,15004,14892,112,99.2535323913623,0.746467608637702,11.454327292865274,99.2535323913623,20.538423346389365,1381207,115120,1266087,
B10,ports,drl,46,zero_day,Backdoor,19029,18637,392,97.93998633664408,2.0600136633559307,13.933476378806342,97.93998633664408,24.39621431282971,1381207,115120,1266087,
B10,ports,drl,46,zero_day,Brute Force,291955,289596,2359,99.19199876693328,0.8080012330667352,71.55536227873372,99.19199876693328,83.13709053484357,1381207,115120,1266087,
B10,ports,drl,46,zero_day,Shellcode,1365,106,1259,7.765567765567765,92.23443223443223,0.0919931265512991,7.765567765567765,0.1818322168949576,1381207,115120,1266087,
B10,ports,drl,46,zero_day,Theft,1909,645,1264,33.78732320586695,66.21267679413305,0.5571632185893837,33.78732320586695,1.0962489589883917,1381207,115120,1266087,
B10,ports,drl,46,zero_day,ransomware,142,141,1,99.29577464788731,0.7042253521126751,0.1223310573394296,99.29577464788731,0.2443610651369548,1381207,115120,1266087,
B10,ports,drl,47,known,Analysis,315,290,25,92.06349206349206,7.936507936507942,0.2573043377962327,92.06349206349206,0.5131744262179044,1381207,112417,1268790,
B10,ports,drl,47,known,Bot,2346,2346,0,100.0,0.0,2.04421285605988,100.0,4.006523836767456,1381207,112417,1268790,
B10,ports,drl,47,known,DDoS,114041,109360,4681,95.8953358879701,4.104664112029887,49.31079417613188,95.8953358879701,65.13051712534765,1381207,112417,1268790,
B10,ports,drl,47,known,DoS,52727,48574,4153,92.12357994955146,7.876420050448541,30.17187296184259,92.12357994955146,45.45616185814952,1381207,112417,1268790,
B10,ports,drl,47,known,Exploits,3690,3224,466,87.37127371273714,12.62872628726287,2.787938533910983,87.37127371273714,5.403457609506331,1381207,112417,1268790,
B10,ports,drl,47,known,Fuzzers,2881,2332,549,80.94411662617146,19.05588337382853,2.0322617190563754,80.94411662617146,3.964974921363598,1381207,112417,1268790,
B10,ports,drl,47,known,Generic,853,726,127,85.11137162954279,14.888628370457212,0.6416658564825045,85.11137162954279,1.273728902768518,1381207,112417,1268790,
B10,ports,drl,47,known,Infilteration,9186,935,8251,10.178532549531896,89.8214674504681,0.824864140023996,10.178532549531896,1.526057223065498,1381207,112417,1268790,
B10,ports,drl,47,known,Reconnaissance,72925,47024,25901,64.4826876928351,35.51731230716489,29.4930413130876,64.4826876928351,40.47407968463544,1381207,112417,1268790,
B10,ports,drl,47,known,Worms,32,28,4,87.5,12.5,0.0249010627417848,87.5,0.0497879566489148,1381207,112417,1268790,
B10,ports,drl,47,known,injection,70150,69670,480,99.31575196008554,0.6842480399144701,38.261929736884014,99.31575196008554,55.24169729262558,1381207,112417,1268790,
B10,ports,drl,47,known,mitm,187,161,26,86.09625668449198,13.903743315508022,0.1430119561548437,86.09625668449198,0.2855495942890081,1381207,112417,1268790,
B10,ports,drl,47,known,password,23322,23307,15,99.93568304605094,0.0643169539490617,17.17234976864814,99.93568304605094,29.308501942834152,1381207,112417,1268790,
B10,ports,drl,47,known,scanning,3208,3101,107,96.66458852867832,3.335411471321692,2.684430132100625,96.66458852867832,5.223792598082981,1381207,112417,1268790,
B10,ports,drl,47,known,xss,15004,14858,146,99.02692615302588,0.9730738469741372,11.673934394028675,99.02692615302588,20.885724527161425,1381207,112417,1268790,
B10,ports,drl,47,zero_day,Backdoor,19029,18668,361,98.10289558042987,1.897104419570128,14.241141244230842,98.10289558042987,24.87176412593096,1381207,112417,1268790,
B10,ports,drl,47,zero_day,Brute Force,291955,289596,2359,99.19199876693328,0.8080012330667352,72.03647643235418,99.19199876693328,83.46090886035091,1381207,112417,1268790,
B10,ports,drl,47,zero_day,Shellcode,1365,40,1325,2.93040293040293,97.06959706959708,0.0355691508754457,2.93040293040293,0.0702851821264781,1381207,112417,1268790,
B10,ports,drl,47,zero_day,Theft,1909,650,1259,34.04924044002095,65.95075955997905,0.5748803806592552,34.04924044002095,1.130670748677985,1381207,112417,1268790,
B10,ports,drl,47,zero_day,ransomware,142,141,1,99.29577464788731,0.7042253521126751,0.1252687503331615,99.29577464788731,0.2502218278615794,1381207,112417,1268790,
B10,ports,drl,48,known,Analysis,315,295,20,93.65079365079364,6.349206349206349,0.2372717767232365,93.65079365079364,0.4733442978057684,1381207,124035,1257172,
B10,ports,drl,48,known,Bot,2346,2346,0,100.0,0.0,1.8562916894153392,100.0,3.6449229765317295,1381207,124035,1257172,
B10,ports,drl,48,known,DDoS,114041,110025,4016,96.4784595014074,3.5215404985926124,47.00717764675724,96.4784595014074,63.21441190918728,1381207,124035,1257172,
B10,ports,drl,48,known,DoS,52727,48934,3793,92.80634210176947,7.19365789823051,28.290618550144824,92.80634210176947,43.36275343825323,1381207,124035,1257172,
B10,ports,drl,48,known,Exploits,3690,3159,531,85.60975609756098,14.390243902439028,2.4836077173451576,85.60975609756098,4.827175208581645,1381207,124035,1257172,
B10,ports,drl,48,known,Fuzzers,2881,2423,458,84.10274210343631,15.897257896563689,1.9160511790475887,84.10274210343631,3.7467430550723297,1381207,124035,1257172,
B10,ports,drl,48,known,Generic,853,725,128,84.99413833528722,15.005861664712782,0.5811157422250721,84.99413833528722,1.1543391209508571,1381207,124035,1257172,
B10,ports,drl,48,known,Infilteration,9186,1203,7983,13.096015676028738,86.90398432397126,0.9605710726776218,13.096015676028738,1.7898589537582574,1381207,124035,1257172,
B10,ports,drl,48,known,Reconnaissance,72925,53328,19597,73.12718546451833,26.87281453548166,30.067150420324417,73.12718546451833,42.61330946749345,1381207,124035,1257172,
B10,ports,drl,48,known,Worms,32,28,4,87.5,12.5,0.0225691785625045,87.5,0.0451267174342237,1381207,124035,1257172,
B10,ports,drl,48,known,injection,70150,69568,582,99.17034925160372,0.8296507483962934,35.93332747942956,99.17034925160372,52.75238575485397,1381207,124035,1257172,
B10,ports,drl,48,known,mitm,187,154,33,82.35294117647058,17.647058823529417,0.1240045414650251,82.35294117647058,0.2476361999099504,1381207,124035,1257172,
B10,ports,drl,48,known,password,23322,23306,16,99.931395249121,0.0686047508789977,15.817728941706651,99.931395249121,27.31230553781429,1381207,124035,1257172,
B10,ports,drl,48,known,scanning,3208,3079,129,95.97880299251872,4.021197007481292,2.4222351589911417,95.97880299251872,4.725219072758245,1381207,124035,1257172,
B10,ports,drl,48,known,xss,15004,14828,176,98.82697947214076,1.1730205278592365,10.67815040723591,98.82697947214076,19.27378840167157,1381207,124035,1257172,
B10,ports,drl,48,zero_day,Backdoor,19029,18688,341,98.2079983183562,1.792001681643807,13.09389516756234,98.2079983183562,23.10697858449973,1381207,124035,1257172,
B10,ports,drl,48,zero_day,Brute Force,291955,287597,4358,98.50730420784024,1.4926957921597483,69.86750301239942,98.50730420784024,81.75165260301853,1381207,124035,1257172,
B10,ports,drl,48,zero_day,Shellcode,1365,104,1261,7.6190476190476195,92.38095238095238,0.0837770563642368,7.6190476190476195,0.1657317695053544,1381207,124035,1257172,
B10,ports,drl,48,zero_day,Theft,1909,1143,766,59.87427972760607,40.12572027239393,0.9130997459617504,59.87427972760607,1.7987677732576892,1381207,124035,1257172,
B10,ports,drl,48,zero_day,ransomware,142,138,4,97.1830985915493,2.8169014084507005,0.1111352709526225,97.1830985915493,0.2220166512488436,1381207,124035,1257172,
B10,ports,drl,49,known,Analysis,315,296,19,93.96825396825396,6.0317460317460325,0.3099638724540551,93.96825396825396,0.6178895731134537,1381207,95199,1286008,
B10,ports,drl,49,known,Bot,2346,2346,0,100.0,0.0,2.4050438259264952,100.0,4.6971198606481055,1381207,95199,1286008,
B10,ports,drl,49,known,DDoS,114041,107363,6678,94.14421129242992,5.855788707570087,53.00253749469298,94.14421129242992,67.82184628699032,1381207,95199,1286008,
B10,ports,drl,49,known,DoS,52727,47194,5533,89.50632503271568,10.493674967284315,33.14348317684156,89.50632503271568,48.37433374333744,1381207,95199,1286008,
B10,ports,drl,49,known,Exploits,3690,3197,493,86.63956639566396,13.36043360433604,3.2491158177161674,86.63956639566396,6.263346590129891,1381207,95199,1286008,
B10,ports,drl,49,known,Fuzzers,2881,2146,735,74.48802499132245,25.511975008677545,2.204530278904926,74.48802499132245,4.282321952387604,1381207,95199,1286008,
B10,ports,drl,49,known,Generic,853,710,143,83.2356389214537,16.764361078546308,0.7402850618815753,83.2356389214537,1.4675182406316531,1381207,95199,1286008,
B10,ports,drl,49,known,Infilteration,9186,484,8702,5.2688874374047465,94.73111256259526,0.5058369825360827,5.2688874374047465,0.9230563846322556,1381207,95199,1286008,
B10,ports,drl,49,known,Reconnaissance,72925,49747,23178,68.21666095303394,31.783339046966063,34.32105749727485,68.21666095303394,45.66647236208582,1381207,95199,1286008,
B10,ports,drl,49,known,Worms,32,28,4,87.5,12.5,0.0294034254990706,87.5,0.0587870962323769,1381207,95199,1286008,
B10,ports,drl,49,known,injection,70150,68371,1779,97.464005702067,2.535994297932997,41.79922968759552,97.464005702067,58.50676022591135,1381207,95199,1286008,
B10,ports,drl,49,known,mitm,187,101,86,54.01069518716578,45.98930481283422,0.1059811122770199,54.01069518716578,0.2115471215977044,1381207,95199,1286008,
B10,ports,drl,49,known,password,23322,23250,72,99.6912786210445,0.3087213789554899,19.628700959906794,99.6912786210445,32.79937363776795,1381207,95199,1286008,
B10,ports,drl,49,known,scanning,3208,2819,389,87.87406483790524,12.12593516209476,2.8760023669121995,87.87406483790524,5.569715290538004,1381207,95199,1286008,
B10,ports,drl,49,known,xss,15004,14469,535,96.43428419088244,3.5657158091175645,13.193456614509246,96.43428419088244,23.211306468172488,1381207,95199,1286008,
B10,ports,drl,49,zero_day,Backdoor,19029,18640,389,97.95575174733304,2.0442482526669803,16.374001879847853,97.95575174733304,28.05792214829756,1381207,95199,1286008,
B10,ports,drl,49,zero_day,Brute Force,291955,289596,2359,99.19199876693328,0.8080012330667352,75.25981366701751,99.19199876693328,85.58433690432213,1381207,95199,1286008,
B10,ports,drl,49,zero_day,Shellcode,1365,43,1322,3.15018315018315,96.84981684981685,0.045148148925894,3.15018315018315,0.0890204643555849,1381207,95199,1286008,
B10,ports,drl,49,zero_day,Theft,1909,1164,745,60.97433211105291,39.02566788894709,1.207932505214657,60.97433211105291,2.368935200260501,1381207,95199,1286008,
B10,ports,drl,49,zero_day,ransomware,142,141,1,99.29577464788731,0.7042253521126751,0.1478917558212712,99.29577464788731,0.2953436249764353,1381207,95199,1286008,
B11,ports,drl,42,known,Analysis,315,47,268,14.92063492063492,85.07936507936508,0.0622071630886518,14.92063492063492,0.1238977711581805,1381207,75507,1305700,
B11,ports,drl,42,known,Bot,2346,0,2346,0.0,100.0,0.0,0.0,0.0,1381207,75507,1305700,
B11,ports,drl,42,known,DDoS,114041,107443,6598,94.21436150156522,5.785638498434775,58.72806777808144,94.21436150156522,72.35438110919186,1381207,75507,1305700,
B11,ports,drl,42,known,DoS,52727,46848,5879,88.8501147419728,11.149885258027192,38.28858649013117,88.8501147419728,53.51549559634914,1381207,75507,1305700,
B11,ports,drl,42,known,Exploits,3690,1824,1866,49.43089430894309,50.569105691056905,2.3586918570818947,49.43089430894309,4.502536379457178,1381207,75507,1305700,
B11,ports,drl,42,known,Fuzzers,2881,1234,1647,42.8323498785144,57.16765012148559,1.6080061505583716,42.8323498785144,3.099645826530356,1381207,75507,1305700,
B11,ports,drl,42,known,Generic,853,221,632,25.908558030480656,74.09144196951935,0.2918339319670399,25.908558030480656,0.5771666601376321,1381207,75507,1305700,
B11,ports,drl,42,known,Infilteration,9186,550,8636,5.98737208795994,94.01262791204006,0.7231418541357141,5.98737208795994,1.2904285395868285,1381207,75507,1305700,
B11,ports,drl,42,known,Reconnaissance,72925,49977,22948,68.53205347960233,31.46794652039767,39.8273883522999,68.53205347960233,50.37775504135397,1381207,75507,1305700,
B11,ports,drl,42,known,Worms,32,19,13,59.375,40.625,0.02515689961073,59.375,0.0502924905370708,1381207,75507,1305700,
B11,ports,drl,42,known,injection,70150,68368,1782,97.45972915181753,2.5402708481824687,47.51902693310165,97.45972915181753,63.88786356734026,1381207,75507,1305700,
B11,ports,drl,42,known,mitm,187,99,88,52.94117647058824,47.05882352941176,0.1309419887310531,52.94117647058824,0.2612378451835921,1381207,75507,1305700,
B11,ports,drl,42,known,password,23322,23246,76,99.67412743332476,0.3258725666752449,23.539538039350703,99.67412743332476,38.08478394429654,1381207,75507,1305700,
B11,ports,drl,42,known,scanning,3208,2818,390,87.8428927680798,12.157107231920197,3.5978295563357805,87.8428927680798,6.912538481351109,1381207,75507,1305700,
B11,ports,drl,42,known,xss,15004,14467,537,96.42095441215676,3.579045587843244,16.079089514748706,96.42095441215676,27.561965364171535,1381207,75507,1305700,
B11,ports,drl,42,zero_day,Backdoor,19029,7157,11872,37.61101476693468,62.38898523306532,8.657940578728345,37.61101476693468,14.075698425653686,1381207,75507,1305700,
B11,ports,drl,42,zero_day,Brute Force,291955,287597,4358,98.50730420784024,1.4926957921597483,79.20513131224112,98.50730420784024,87.80796844253723,1381207,75507,1305700,
B11,ports,drl,42,zero_day,Shellcode,1365,13,1352,0.9523809523809524,99.04761904761904,0.0172139830508474,0.9523809523809524,0.0338167392859465,1381207,75507,1305700,
B11,ports,drl,42,zero_day,Theft,1909,1123,786,58.82661079099005,41.17338920900995,1.4654834921049198,58.82661079099005,2.85972574135143,1381207,75507,1305700,
B11,ports,drl,42,zero_day,ransomware,142,141,1,99.29577464788731,0.7042253521126751,0.1863895939086294,99.29577464788731,0.3720807494392399,1381207,75507,1305700,
B11,ports,drl,43,known,Analysis,315,266,49,84.44444444444444,15.555555555555555,0.4039483675018983,84.44444444444444,0.8040504798609537,1381207,65584,1315623,
B11,ports,drl,43,known,Bot,2346,0,2346,0.0,100.0,0.0,0.0,0.0,1381207,65584,1315623,
B11,ports,drl,43,known,DDoS,114041,107445,6596,94.2161152567936,5.783884743206391,62.09652717174578,94.2161152567936,74.85630682411954,1381207,65584,1315623,
B11,ports,drl,43,known,DoS,52727,46944,5783,89.03218464923094,10.967815350769062,41.71761694867055,89.03218464923094,56.814014704547525,1381207,65584,1315623,
B11,ports,drl,43,known,Exploits,3690,1944,1746,52.6829268292683,47.3170731707317,2.8788058286932827,52.6829268292683,5.459293998708191,1381207,65584,1315623,
B11,ports,drl,43,known,Fuzzers,2881,1403,1478,48.69836862200625,51.30163137799375,2.094436233896129,48.69836862200625,4.016144730062403,1381207,65584,1315623,
B11,ports,drl,43,known,Generic,853,431,422,50.52754982415005,49.47245017584995,0.6528819207755814,50.52754982415005,1.2891068971705448,1381207,65584,1315623,
B11,ports,drl,43,known,Infilteration,9186,370,8816,4.027868495536686,95.9721315044633,0.5609970585559633,4.027868495536686,0.984828320468459,1381207,65584,1315623,
B11,ports,drl,43,known,Reconnaissance,72925,43703,29222,59.92869386355844,40.07130613644156,39.989202741405656,59.92869386355844,47.969398283318334,1381207,65584,1315623,
B11,ports,drl,43,known,Worms,32,17,15,53.125,46.875,0.0259142391122086,53.125,0.051803208751695,1381207,65584,1315623,
B11,ports,drl,43,known,injection,70150,68369,1781,97.46115466856736,2.5388453314326487,51.0395437205587,97.46115466856736,66.99460566478689,1381207,65584,1315623,
B11,ports,drl,43,known,mitm,187,101,86,54.01069518716578,45.98930481283422,0.153764177513892,54.01069518716578,0.306655331552101,1381207,65584,1315623,
B11,ports,drl,43,known,password,23322,23247,75,99.67841523025469,0.3215847697453089,26.169918159201178,99.67841523025469,41.455868322737686,1381207,65584,1315623,
B11,ports,drl,43,known,scanning,3208,2818,390,87.8428927680798,12.157107231920197,4.119762580041519,87.8428927680798,7.870409160731741,1381207,65584,1315623,
B11,ports,drl,43,known,xss,15004,14469,535,96.43428419088244,3.5657158091175645,18.074275792287608,96.43428419088244,30.442786959403307,1381207,65584,1315623,
B11,ports,drl,43,zero_day,Backdoor,19029,18414,615,96.76809080876558,3.231909191234428,21.92195052263149,96.76809080876558,35.74596950313995,1381207,65584,1315623,
B11,ports,drl,43,zero_day,Brute Force,291955,287597,4358,98.50730420784024,1.4926957921597483,81.4304846523454,98.50730420784024,89.15856501574862,1381207,65584,1315623,
B11,ports,drl,43,zero_day,Shellcode,1365,8,1357,0.5860805860805861,99.41391941391942,0.0121966093426027,0.5860805860805861,0.0238959332108666,1381207,65584,1315623,
B11,ports,drl,43,zero_day,Theft,1909,637,1272,33.368255631220535,66.63174436877947,0.9619305054287914,33.368255631220535,1.8699544987523848,1381207,65584,1315623,
B11,ports,drl,43,zero_day,ransomware,142,141,1,99.29577464788731,0.7042253521126751,0.2145302396348421,99.29577464788731,0.4281354851443059,1381207,65584,1315623,
B11,ports,drl,44,known,Analysis,315,52,263,16.507936507936506,83.4920634920635,0.0623344241857565,16.507936507936506,0.1241998662462979,1381207,83369,1297838,
B11,ports,drl,44,known,Bot,2346,0,2346,0.0,100.0,0.0,0.0,0.0,1381207,83369,1297838,
B11,ports,drl,44,known,DDoS,114041,107130,6911,93.93989880832332,6.060101191676681,56.236515677247645,93.93989880832332,70.35528994549155,1381207,83369,1297838,
B11,ports,drl,44,known,DoS,52727,46596,6131,88.37218123542019,11.62781876457981,35.85272958104105,88.37218123542019,51.01044380706325,1381207,83369,1297838,
B11,ports,drl,44,known,Exploits,3690,2269,1421,61.490514905149055,38.50948509485095,2.6495247436885494,61.490514905149055,5.080154039047107,1381207,83369,1297838,
B11,ports,drl,44,known,Fuzzers,2881,1427,1454,49.53141270392225,50.46858729607775,1.6828623991697722,49.53141270392225,3.255129623504453,1381207,83369,1297838,
B11,ports,drl,44,known,Generic,853,267,586,31.30128956623681,68.69871043376318,0.3192405184370366,31.30128956623681,0.6320349394595746,1381207,83369,1297838,
B11,ports,drl,44,known,Infilteration,9186,421,8765,4.583061180056608,95.4169388199434,0.5024465926721565,4.583061180056608,0.905610049905352,1381207,83369,1297838,
B11,ports,drl,44,known,Reconnaissance,72925,45402,27523,62.258484744600615,37.741515255399385,35.25793851100015,62.258484744600615,45.02022846263684,1381207,83369,1297838,
B11,ports,drl,44,known,Worms,32,20,12,62.5,37.5,0.0239839787022269,62.5,0.0479495570659666,1381207,83369,1297838,
B11,ports,drl,44,known,injection,70150,68367,1783,97.45830363506772,2.541696364932289,45.05654557916381,97.45830363506772,61.62353641058922,1381207,83369,1297838,
B11,ports,drl,44,known,mitm,187,99,88,52.94117647058824,47.05882352941176,0.1186083289404322,52.94117647058824,0.2366863905325444,1381207,83369,1297838,
B11,ports,drl,44,known,password,23322,23246,76,99.67412743332476,0.3258725666752449,21.803686160483984,99.67412743332476,35.78041666345999,1381207,83369,1297838,
B11,ports,drl,44,known,scanning,3208,2818,390,87.8428927680798,12.157107231920197,3.26963463167299,87.8428927680798,6.304603165725152,1381207,83369,1297838,
B11,ports,drl,44,known,xss,15004,14468,536,96.4276193015196,3.572380698480404,14.787861443012355,96.4276193015196,25.64316161678822,1381207,83369,1297838,
B11,ports,drl,44,zero_day,Backdoor,19029,7199,11830,37.83173051657996,62.16826948342005,7.948723610988429,37.83173051657996,13.13722090933146,1381207,83369,1297838,
B11,ports,drl,44,zero_day,Brute Force,291955,287597,4358,98.50730420784024,1.4926957921597483,77.52651186362093,98.50730420784024,86.76659813160241,1381207,83369,1297838,
B11,ports,drl,44,zero_day,Shellcode,1365,24,1341,1.7582417582417582,98.24175824175823,0.0287793939539289,1.7582417582417582,0.0566318223648505,1381207,83369,1297838,
B11,ports,drl,44,zero_day,Theft,1909,932,977,48.82137244630697,51.17862755369303,1.1055622115989134,48.82137244630697,2.162162162162162,1381207,83369,1297838,
B11,ports,drl,44,zero_day,ransomware,142,141,1,99.29577464788731,0.7042253521126751,0.1688420548437313,99.29577464788731,0.337110887964424,1381207,83369,1297838,
B11,ports,drl,45,known,Analysis,315,275,40,87.3015873015873,12.698412698412698,0.3398040257509669,87.3015873015873,0.6769730687804638,1381207,80654,1300553,
B11,ports,drl,45,known,Bot,2346,0,2346,0.0,100.0,0.0,0.0,0.0,1381207,80654,1300553,
B11,ports,drl,45,known,DDoS,114041,107823,6218,94.54757499495796,5.45242500504205,57.2075107307523,94.54757499495796,71.2836922100503,1381207,80654,1300553,
B11,ports,drl,45,known,DoS,52727,47415,5312,89.9254651317162,10.074534868283802,37.02301103311496,89.9254651317162,52.45138166773601,1381207,80654,1300553,
B11,ports,drl,45,known,Exploits,3690,1735,1955,47.018970189701896,52.98102981029811,2.10586364684606,47.018970189701896,4.031180659626623,1381207,80654,1300553,
B11,ports,drl,45,known,Fuzzers,2881,1271,1610,44.11662617146824,55.88337382853176,1.551418980775099,44.11662617146824,2.9974294271631723,1381207,80654,1300553,
B11,ports,drl,45,known,Generic,853,425,428,49.824150058616645,50.17584994138336,0.524180120623096,49.824150058616645,1.0374456866669923,1381207,80654,1300553,
B11,ports,drl,45,known,Infilteration,9186,603,8583,6.564337034617897,93.43566296538212,0.7420899122537135,6.564337034617897,1.3334365290846166,1381207,80654,1300553,
B11,ports,drl,45,known,Reconnaissance,72925,47665,25260,65.36167295166267,34.63832704833734,37.145707182880166,65.36167295166267,47.3703563832959,1381207,80654,1300553,
B11,ports,drl,45,known,Worms,32,17,15,53.125,46.875,0.0210732481312987,53.125,0.0421297845185432,1381207,80654,1300553,
B11,ports,drl,45,known,injection,70150,68366,1784,97.45687811831787,2.543121881682109,45.87706348141189,97.45687811831787,62.386275493908826,1381207,80654,1300553,
B11,ports,drl,45,known,mitm,187,99,88,52.94117647058824,47.05882352941176,0.1225960645424937,52.94117647058824,0.2446256486286138,1381207,80654,1300553,
B11,ports,drl,45,known,password,23322,23245,77,99.6698396363948,0.3301603636051808,22.37268886129799,99.6698396363948,36.54270914393064,1381207,80654,1300553,
B11,ports,drl,45,known,scanning,3208,2818,390,87.8428927680798,12.157107231920197,3.375982365344068,87.8428927680798,6.502076603599447,1381207,80654,1300553,
B11,ports,drl,45,known,xss,15004,14466,538,96.41428952279392,3.5857104772060837,15.20815811606392,96.41428952279392,26.27220224474229,1381207,80654,1300553,
B11,ports,drl,45,zero_day,Backdoor,19029,8438,10591,44.34284513111567,55.65715486888434,9.471108517038566,44.34284513111567,15.608438693685777,1381207,80654,1300553,
B11,ports,drl,45,zero_day,Brute Force,291955,287597,4358,98.50730420784024,1.4926957921597483,78.09809070443801,98.50730420784024,87.12341299533783,1381207,80654,1300553,
B11,ports,drl,45,zero_day,Shellcode,1365,18,1347,1.3186813186813189,98.68131868131869,0.0223125743752479,1.3186813186813189,0.0438826383217328,1381207,80654,1300553,
B11,ports,drl,45,zero_day,Theft,1909,663,1246,34.73022524882137,65.26977475117863,0.8153276682612491,34.73022524882137,1.593252108716026,1381207,80654,1300553,
B11,ports,drl,45,zero_day,ransomware,142,134,8,94.3661971830986,5.633802816901412,0.1658662177551121,94.3661971830986,0.331150376868899,1381207,80654,1300553,
B11,ports,drl,46,known,Analysis,315,45,270,14.285714285714285,85.71428571428572,0.0593745876764744,14.285714285714285,0.1182576703238946,1381207,75745,1305462,
B11,ports,drl,46,known,Bot,2346,0,2346,0.0,100.0,0.0,0.0,0.0,1381207,75745,1305462,
B11,ports,drl,46,known,DDoS,114041,107527,6514,94.2880192211573,5.711980778842696,58.670718931424325,94.2880192211573,72.33252498208958,1381207,75745,1305462,
B11,ports,drl,46,known,DoS,52727,46906,5821,88.96011531094126,11.039884689058733,38.24347131291225,88.96011531094126,53.49131590051204,1381207,75745,1305462,
B11,ports,drl,46,known,Exploits,3690,1641,2049,44.47154471544715,55.52845528455285,2.1205385987129457,44.47154471544715,4.04805367803049,1381207,75745,1305462,
B11,ports,drl,46,known,Fuzzers,2881,1133,1748,39.32662270045123,60.67337729954877,1.473763625484534,39.32662270045123,2.8410586893015206,1381207,75745,1305462,
B11,ports,drl,46,known,Generic,853,207,646,24.267291910902696,75.7327080890973,0.2725405519275332,24.267291910902696,0.5390274070698522,1381207,75745,1305462,
B11,ports,drl,46,known,Infilteration,9186,350,8836,3.810145874156325,96.18985412584368,0.4599513765687627,3.810145874156325,0.8208158909956498,1381207,75745,1305462,
B11,ports,drl,46,known,Reconnaissance,72925,43521,29404,59.67912238601303,40.32087761398697,36.49070145724683,59.67912238601303,45.2893215603228,1381207,75745,1305462,
B11,ports,drl,46,known,Worms,32,17,15,53.125,46.875,0.0224386895805284,53.125,0.0448584320658627,1381207,75745,1305462,
B11,ports,drl,46,known,injection,70150,68367,1783,97.45830363506772,2.541696364932289,47.44018541134673,97.45830363506772,63.81626233303152,1381207,75745,1305462,
B11,ports,drl,46,known,mitm,187,98,89,52.406417112299465,47.593582887700535,0.129214297957623,52.406417112299465,0.2577929764566617,1381207,75745,1305462,
B11,ports,drl,46,known,password,23322,23246,76,99.67412743332476,0.3258725666752449,23.482942893798427,99.67412743332476,38.01067752405713,1381207,75745,1305462,
B11,ports,drl,46,known,scanning,3208,2818,390,87.8428927680798,12.157107231920197,3.586930234334228,87.8428927680798,6.892419072776413,1381207,75745,1305462,
B11,ports,drl,46,known,xss,15004,14467,537,96.42095441215676,3.579045587843244,16.036669179266617,96.42095441215676,27.49961982968369,1381207,75745,1305462,
B11,ports,drl,46,zero_day,Backdoor,19029,7144,11885,37.54269798728257,62.45730201271743,8.618755202741015,37.54269798728257,14.019113404894131,1381207,75745,1305462,
B11,ports,drl,46,zero_day,Brute Force,291955,287597,4358,98.50730420784024,1.4926957921597483,79.15324955551519,98.50730420784024,87.7760771070217,1381207,75745,1305462,
B11,ports,drl,46,zero_day,Shellcode,1365,23,1342,1.684981684981685,98.3150183150183,0.0303558230387498,1.684981684981685,0.0596372499449003,1381207,75745,1305462,
B11,ports,drl,46,zero_day,Theft,1909,687,1222,35.98742797276061,64.0125720272394,0.8988381829600168,35.98742797276061,1.7538708977419233,1381207,75745,1305462,
B11,ports,drl,46,zero_day,ransomware,142,140,2,98.59154929577466,1.4084507042253502,0.184489688344205,98.59154929577466,0.3682902126875978,1381207,75745,1305462,
B11,ports,drl,47,known,Analysis,315,281,34,89.20634920634922,10.793650793650787,0.4654629783004804,89.20634920634922,0.9260937628738568,1381207,60089,1321118,
B11,ports,drl,47,known,Bot,2346,2346,0,100.0,0.0,3.757507808120445,100.0,7.242864420123183,1381207,60089,1321118,
B11,ports,drl,47,known,DDoS,114041,107347,6694,94.13018125060285,5.869818749397149,64.11225781791252,94.13018125060285,76.27408278473908,1381207,60089,1321118,
B11,ports,drl,47,known,DoS,52727,46677,6050,88.52580271966924,11.474197280330756,43.718974205271344,88.52580271966924,58.53172239534024,1381207,60089,1321118,
B11,ports,drl,47,known,Exploits,3690,1870,1820,50.67750677506775,49.32249322493225,3.0181248890395262,50.67750677506775,5.696964157869884,1381207,60089,1321118,
B11,ports,drl,47,known,Fuzzers,2881,1407,1474,48.837209302325576,51.16279069767442,2.287953688044751,48.837209302325576,4.37112633393914,1381207,60089,1321118,
B11,ports,drl,47,known,Generic,853,539,314,63.18874560375146,36.811254396248536,0.8890281718018077,63.18874560375146,1.753387225321644,1381207,60089,1321118,
B11,ports,drl,47,known,Infilteration,9186,386,8800,4.202046592640976,95.79795340735905,0.6382802811078958,4.202046592640976,1.108224113923142,1381207,60089,1321118,
B11,ports,drl,47,known,Reconnaissance,72925,40874,32051,56.049365786767225,43.950634213232775,40.484137753434425,56.049365786767225,47.01186970923813,1381207,60089,1321118,
B11,ports,drl,47,known,Worms,32,20,12,62.5,37.5,0.0332728875875492,62.5,0.0665103673035034,1381207,60089,1321118,
B11,ports,drl,47,known,injection,70150,68367,1783,97.45830363506772,2.541696364932289,53.22211496543565,97.45830363506772,68.84686263254888,1381207,60089,1321118,
B11,ports,drl,47,known,mitm,187,98,89,52.406417112299465,47.593582887700535,0.1628258594048548,52.406417112299465,0.3246430582701162,1381207,60089,1321118,
B11,ports,drl,47,known,password,23322,23248,74,99.68270302718464,0.3172969728153729,27.89637255960738,99.68270302718464,43.593133256452816,1381207,60089,1321118,
B11,ports,drl,47,known,scanning,3208,2819,389,87.87406483790524,12.12593516209476,4.481147071914542,87.87406483790524,8.52743662653518,1381207,60089,1321118,
B11,ports,drl,47,known,xss,15004,14466,538,96.41428952279392,3.5857104772060837,19.40312520957682,96.41428952279392,32.30496097544636,1381207,60089,1321118,
B11,ports,drl,47,zero_day,Backdoor,19029,15343,3686,80.62956540017868,19.37043459982133,20.34017393148796,80.62956540017868,32.48536433025269,1381207,60089,1321118,
B11,ports,drl,47,zero_day,Brute Force,291955,291594,361,99.87635080748746,0.1236491925125427,82.91387414233841,99.87635080748746,90.60807472523376,1381207,60089,1321118,
B11,ports,drl,47,zero_day,Shellcode,1365,19,1346,1.391941391941392,98.6080586080586,0.0316097690823184,1.391941391941392,0.0618157565109885,1381207,60089,1321118,
B11,ports,drl,47,zero_day,Theft,1909,632,1277,33.10633839706652,66.89366160293348,1.040826073351888,33.10633839706652,2.0182021395497367,1381207,60089,1321118,
B11,ports,drl,47,zero_day,ransomware,142,133,9,93.66197183098592,6.338028169014088,0.2208495234299757,93.66197183098592,0.4406599960241204,1381207,60089,1321118,
B11,ports,drl,48,known,Analysis,315,44,271,13.968253968253968,86.03174603174604,0.073191829130348,13.968253968253968,0.1456206251758203,1381207,60072,1321135,
B11,ports,drl,48,known,Bot,2346,0,2346,0.0,100.0,0.0,0.0,0.0,1381207,60072,1321135,
B11,ports,drl,48,known,DDoS,114041,107844,6197,94.56598942485596,5.434010575144033,64.22496962767099,94.56598942485596,76.4967707841976,1381207,60072,1321135,
B11,ports,drl,48,known,DoS,52727,47209,5518,89.53477345572477,10.46522654427523,44.004996224867405,89.53477345572477,59.00829958502075,1381207,60072,1321135,
B11,ports,drl,48,known,Exploits,3690,1546,2144,41.897018970189706,58.10298102981029,2.509007108312506,41.897018970189706,4.734488883444601,1381207,60072,1321135,
B11,ports,drl,48,known,Fuzzers,2881,1141,1740,39.6043040610899,60.3956959389101,1.863983140836097,39.6043040610899,3.5603956688613594,1381207,60072,1321135,
B11,ports,drl,48,known,Generic,853,188,665,22.039859320046894,77.9601406799531,0.311981413873216,22.039859320046894,0.6152537103398622,1381207,60072,1321135,
B11,ports,drl,48,known,Infilteration,9186,330,8856,3.5924232527759634,96.40757674722404,0.5463395251812854,3.5924232527759634,0.9484393861010518,1381207,60072,1321135,
B11,ports,drl,48,known,Reconnaissance,72925,31015,41910,42.52999657182036,57.47000342817964,34.04986441533918,42.52999657182036,37.82040338511816,1381207,60072,1321135,
B11,ports,drl,48,known,Worms,32,17,15,53.125,46.875,0.0282913678044234,53.125,0.056552618885248,1381207,60072,1321135,
B11,ports,drl,48,known,injection,70150,68367,1783,97.45830363506772,2.541696364932289,53.22915936748184,97.45830363506772,68.85275619495542,1381207,60072,1321135,
B11,ports,drl,48,known,mitm,187,99,88,52.94117647058824,47.05882352941176,0.1645310864037493,52.94117647058824,0.328042678683853,1381207,60072,1321135,
B11,ports,drl,48,known,password,23322,23246,76,99.67412743332476,0.3258725666752449,27.90033366139369,99.67412743332476,43.59714928732183,1381207,60072,1321135,
B11,ports,drl,48,known,scanning,3208,2818,390,87.8428927680798,12.157107231920197,4.480839561138496,87.8428927680798,8.526733032769524,1381207,60072,1321135,
B11,ports,drl,48,known,xss,15004,14466,538,96.41428952279392,3.5857104772060837,19.407550511148678,96.41428952279392,32.31109423510755,1381207,60072,1321135,
B11,ports,drl,48,zero_day,Backdoor,19029,14448,4581,75.92621787797572,24.07378212202428,19.388083735909824,75.92621787797572,30.8886252124555,1381207,60072,1321135,
B11,ports,drl,48,zero_day,Brute Force,291955,287597,4358,98.50730420784024,1.4926957921597483,82.72149659590012,98.50730420784024,89.92689455054844,1381207,60072,1321135,
B11,ports,drl,48,zero_day,Shellcode,1365,9,1356,0.6593406593406593,99.34065934065934,0.0149797773006441,0.6593406593406593,0.0292940142564202,1381207,60072,1321135,
B11,ports,drl,48,zero_day,Theft,1909,634,1275,33.211105290728135,66.78889470927187,1.044377820973215,33.211105290728135,2.0250738640900745,1381207,60072,1321135,
B11,ports,drl,48,zero_day,ransomware,142,136,6,95.77464788732394,4.225352112676061,0.2258836035078394,95.77464788732394,0.4507042253521127,1381207,60072,1321135,
B11,ports,drl,49,known,Analysis,315,43,272,13.65079365079365,86.34920634920636,0.0521395399595009,13.65079365079365,0.1038822989394341,1381207,82428,1298779,
B11,ports,drl,49,known,Bot,2346,0,2346,0.0,100.0,0.0,0.0,0.0,1381207,82428,1298779,
B11,ports,drl,49,known,DDoS,114041,107563,6478,94.3195868152682,5.680413184731803,56.61478701622708,94.3195868152682,70.75768340174719,1381207,82428,1298779,
B11,ports,drl,49,known,DoS,52727,46941,5786,89.02649496462914,10.973505035370868,36.28458131391601,89.02649496462914,51.55632194007557,1381207,82428,1298779,
B11,ports,drl,49,known,Exploits,3690,1605,2085,43.49593495934959,56.50406504065041,1.909963942736782,43.49593495934959,3.65924557983653,1381207,82428,1298779,
B11,ports,drl,49,known,Fuzzers,2881,1162,1719,40.3332176327664,59.6667823672336,1.390118435219524,40.3332176327664,2.68760624949405,1381207,82428,1298779,
B11,ports,drl,49,known,Generic,853,239,614,28.01875732708089,71.98124267291911,0.2891117374526715,28.01875732708089,0.5723180076628351,1381207,82428,1298779,
B11,ports,drl,49,known,Infilteration,9186,538,8648,5.856738515131722,94.14326148486828,0.648458404647687,5.856738515131722,1.1676360795207918,1381207,82428,1298779,
B11,ports,drl,49,known,Reconnaissance,72925,47791,25134,65.53445320534796,34.465546794652035,36.7004814965558,65.53445320534796,47.05135273500572,1381207,82428,1298779,
B11,ports,drl,49,known,Worms,32,17,15,53.125,46.875,0.0206198071441567,53.125,0.041223613855984,1381207,82428,1298779,
B11,ports,drl,49,known,injection,70150,68366,1784,97.45687811831787,2.543121881682109,45.33734763982652,97.45687811831787,61.88536461727859,1381207,82428,1298779,
B11,ports,drl,49,known,mitm,187,99,88,52.94117647058824,47.05882352941176,0.1199607401214148,52.94117647058824,0.2393790652126605,1381207,82428,1298779,
B11,ports,drl,49,known,password,23322,23245,77,99.6698396363948,0.3301603636051808,21.99710427450721,99.6698396363948,36.04015659521687,1381207,82428,1298779,
B11,ports,drl,49,known,scanning,3208,2818,390,87.8428927680798,12.157107231920197,3.3057269549304364,87.8428927680798,6.371673412169036,1381207,82428,1298779,
B11,ports,drl,49,known,xss,15004,14466,538,96.41428952279392,3.5857104772060837,14.929717010341198,96.41428952279392,25.85569000339595,1381207,82428,1298779,
B11,ports,drl,49,zero_day,Backdoor,19029,16946,2083,89.05354984497346,10.946450155026543,17.05275021635438,89.05354984497346,28.624274722768845,1381207,82428,1298779,
B11,ports,drl,49,zero_day,Brute Force,291955,287597,4358,98.50730420784024,1.4926957921597483,77.72366731977569,98.50730420784024,86.88993625185051,1381207,82428,1298779,
B11,ports,drl,49,zero_day,Shellcode,1365,12,1353,0.8791208791208791,99.12087912087912,0.0145560407569141,0.8791208791208791,0.0286379094326114,1381207,82428,1298779,
B11,ports,drl,49,zero_day,Theft,1909,1365,544,71.503404924044,28.496595075956,1.629014356807848,71.503404924044,3.185456582110103,1381207,82428,1298779,
B11,ports,drl,49,zero_day,ransomware,142,141,1,99.29577464788731,0.7042253521126751,0.1707662682120408,99.29577464788731,0.3409461861179286,1381207,82428,1298779,
B2,ports,drl,42,known,Analysis,315,38,277,12.063492063492063,87.93650793650794,0.0776334068807714,12.063492063492063,0.1542739987414489,1381207,48910,1332297,
B2,ports,drl,42,known,Bot,2346,0,2346,0.0,100.0,0.0,0.0,0.0,1381207,48910,1332297,
B2,ports,drl,42,known,DDoS,114041,106276,7765,93.19104532580388,6.808954674196121,68.48298171226786,93.19104532580388,78.94899100015971,1381207,48910,1332297,
B2,ports,drl,42,known,DoS,52727,45230,7497,85.78147818005955,14.218521819940444,48.04546420225197,85.78147818005955,61.59314209454813,1381207,48910,1332297,
B2,ports,drl,42,known,Exploits,3690,1535,2155,41.59891598915989,58.40108401084011,3.04291802953712,41.59891598915989,5.671007666020135,1381207,48910,1332297,
B2,ports,drl,42,known,Fuzzers,2881,1103,1778,38.28531759805623,61.714682401943776,2.2054265890868376,38.28531759805623,4.17060536166673,1381207,48910,1332297,
B2,ports,drl,42,known,Generic,853,176,677,20.63305978898007,79.36694021101994,0.3585543739559141,20.63305978898007,0.7048599291135185,1381207,48910,1332297,
B2,ports,drl,42,known,Infilteration,9186,20,9166,0.2177226213803614,99.78227737861964,0.0408747189863069,0.2177226213803614,0.0688278615183426,1381207,48910,1332297,
B2,ports,drl,42,known,Reconnaissance,72925,4693,68232,6.435378813849846,93.56462118615016,8.755106990280396,6.435378813849846,7.418120890237734,1381207,48910,1332297,
B2,ports,drl,42,known,Worms,32,16,16,50.0,50.0,0.0327024485958386,50.0,0.0653621471465337,1381207,48910,1332297,
B2,ports,drl,42,known,injection,70150,68365,1785,97.45545260156808,2.544547398431929,58.294606693668726,97.45545260156808,72.95184740562891,1381207,48910,1332297,
B2,ports,drl,42,known,mitm,187,99,88,52.94117647058824,47.05882352941176,0.2020037136036238,52.94117647058824,0.4024717456703797,1381207,48910,1332297,
B2,ports,drl,42,known,password,23322,23246,76,99.67412743332476,0.3258725666752449,32.21630910804368,99.67412743332476,48.69393996522759,1381207,48910,1332297,
B2,ports,drl,42,known,scanning,3208,2818,390,87.8428927680798,12.157107231920197,5.447726569749459,87.8428927680798,10.259210717926315,1381207,48910,1332297,
B2,ports,drl,42,known,xss,15004,14466,538,96.41428952279392,3.5857104772060837,22.825675334511487,96.41428952279392,36.91247767287573,1381207,48910,1332297,
B2,ports,drl,42,zero_day,Backdoor,19029,7127,11902,37.45336066004519,62.546639339954815,12.718382497278585,37.45336066004519,18.98862334478992,1381207,48910,1332297,
B2,ports,drl,42,zero_day,Brute Force,291955,287597,4358,98.50730420784024,1.4926957921597483,85.46538407819155,98.50730420784024,91.52406987216412,1381207,48910,1332297,
B2,ports,drl,42,zero_day,Shellcode,1365,10,1355,0.7326007326007326,99.26739926739928,0.0204415372035977,0.7326007326007326,0.0397732922342646,1381207,48910,1332297,
B2,ports,drl,42,zero_day,Theft,1909,5,1904,0.2619172341540073,99.738082765846,0.0102218133496882,0.2619172341540073,0.0196757437431134,1381207,48910,1332297,
B2,ports,drl,42,zero_day,ransomware,142,141,1,99.29577464788731,0.7042253521126751,0.2874559132331655,99.29577464788731,0.5732522919927632,1381207,48910,1332297,
B2,ports,drl,43,known,Analysis,315,37,278,11.746031746031743,88.25396825396825,0.0909560215344526,11.746031746031743,0.1805142215934039,1381207,40642,1340565,
B2,ports,drl,43,known,Bot,2346,0,2346,0.0,100.0,0.0,0.0,0.0,1381207,40642,1340565,
B2,ports,drl,43,known,DDoS,114041,106275,7766,93.19016844818968,6.809831551810319,72.33676157286087,93.19016844818968,81.44988848780262,1381207,40642,1340565,
B2,ports,drl,43,known,DoS,52727,45204,7523,85.73216758017715,14.267832419822856,52.65708361484519,85.73216758017715,65.24214673854215,1381207,40642,1340565,
B2,ports,drl,43,known,Exploits,3690,1324,2366,35.88075880758807,64.11924119241192,3.154934947338321,35.88075880758807,5.799894865954091,1381207,40642,1340565,
B2,ports,drl,43,known,Fuzzers,2881,1011,1870,35.09198195071156,64.90801804928844,2.4271961203274675,35.09198195071156,4.54035119234742,1381207,40642,1340565,
B2,ports,drl,43,known,Generic,853,160,693,18.75732708089097,81.24267291910903,0.3921376403117494,18.75732708089097,0.7682151002280638,1381207,40642,1340565,
B2,ports,drl,43,known,Infilteration,9186,20,9166,0.2177226213803614,99.78227737861964,0.0491859721607397,0.2177226213803614,0.0802439415824105,1381207,40642,1340565,
B2,ports,drl,43,known,Reconnaissance,72925,4612,68313,6.324305793623585,93.67569420637642,10.19136429928846,6.324305793623585,7.805109198757816,1381207,40642,1340565,
B2,ports,drl,43,known,Worms,32,16,16,50.0,50.0,0.0393526489251807,50.0,0.0786434013271074,1381207,40642,1340565,
B2,ports,drl,43,known,injection,70150,68365,1785,97.45545260156808,2.544547398431929,62.71615584320273,97.45545260156808,76.31853625590962,1381207,40642,1340565,
B2,ports,drl,43,known,mitm,187,98,89,52.406417112299465,47.593582887700535,0.2405498281786941,52.406417112299465,0.4789014586947492,1381207,40642,1340565,
B2,ports,drl,43,known,password,23322,23245,77,99.6698396363948,0.3301603636051808,36.38455397811761,99.6698396363948,53.30871813688953,1381207,40642,1340565,
B2,ports,drl,43,known,scanning,3208,2818,390,87.8428927680798,12.157107231920197,6.484123331799356,87.8428927680798,12.076797805776978,1381207,40642,1340565,
B2,ports,drl,43,known,xss,15004,14466,538,96.41428952279392,3.5857104772060837,26.25027219278508,96.41428952279392,41.265403925148334,1381207,40642,1340565,
B2,ports,drl,43,zero_day,Backdoor,19029,7119,11910,37.41131956487467,62.58868043512533,14.90546680345889,37.41131956487467,21.31756250935769,1381207,40642,1340565,
B2,ports,drl,43,zero_day,Brute Force,291955,287597,4358,98.50730420784024,1.4926957921597483,87.61816846870725,98.50730420784024,92.74420584526776,1381207,40642,1340565,
B2,ports,drl,43,zero_day,Shellcode,1365,11,1354,0.805860805860806,99.1941391941392,0.027058273682139,0.805860805860806,0.0523585130182302,1381207,40642,1340565,
B2,ports,drl,43,zero_day,Theft,1909,5,1904,0.2619172341540073,99.738082765846,0.0123010308263832,0.2619172341540073,0.0234984491023592,1381207,40642,1340565,
B2,ports,drl,43,zero_day,ransomware,142,133,9,93.66197183098592,6.338028169014088,0.3261802575107296,93.66197183098592,0.6500965368917565,1381207,40642,1340565,
B2,ports,drl,44,known,Analysis,315,36,279,11.428571428571429,88.57142857142857,0.10351966873706,11.428571428571429,0.205180815593742,1381207,34740,1346467,
B2,ports,drl,44,known,Bot,2346,0,2346,0.0,100.0,0.0,0.0,0.0,1381207,34740,1346467,
B2,ports,drl,44,known,DDoS,114041,107669,6372,94.41253584237248,5.58746415762752,75.60547437310844,94.41253584237248,83.96880483525054,1381207,34740,1346467,
B2,ports,drl,44,known,DoS,52727,44538,8189,84.46905759857378,15.530942401426218,56.17952016953001,84.46905759857378,67.47926214916103,1381207,34740,1346467,
B2,ports,drl,44,known,Exploits,3690,1170,2520,31.70731707317073,68.29268292682926,3.258145363408521,31.70731707317073,5.909090909090908,1381207,34740,1346467,
B2,ports,drl,44,known,Fuzzers,2881,929,1952,32.24574800416522,67.75425199583478,2.6045025091816423,32.24574800416522,4.819714656290532,1381207,34740,1346467,
B2,ports,drl,44,known,Generic,853,108,745,12.661195779601403,87.33880422039859,0.3099173553719008,12.661195779601403,0.6050250693257893,1381207,34740,1346467,
B2,ports,drl,44,known,Infilteration,9186,142,9044,1.545830611800566,98.45416938819945,0.4070867496129808,1.545830611800566,0.6444585640373969,1381207,34740,1346467,
B2,ports,drl,44,known,Reconnaissance,72925,21716,51209,29.7785395954748,70.22146040452519,38.465353549667,29.7785395954748,33.56907119283357,1381207,34740,1346467,
B2,ports,drl,44,known,Worms,32,16,16,50.0,50.0,0.0460352169409598,50.0,0.0919857422099574,1381207,34740,1346467,
B2,ports,drl,44,known,injection,70150,68330,1820,97.4055595153243,2.594440484675697,66.29475114000194,97.4055595153243,78.89389216025863,1381207,34740,1346467,
B2,ports,drl,44,known,mitm,187,99,88,52.94117647058824,47.05882352941176,0.2841642986308447,52.94117647058824,0.5652943527665163,1381207,34740,1346467,
B2,ports,drl,44,known,password,23322,23242,80,99.656976245605,0.3430237543949888,40.08485392018212,99.656976245605,57.17307881531044,1381207,34740,1346467,
B2,ports,drl,44,known,scanning,3208,2818,390,87.8428927680798,12.157107231920197,7.503061930880237,87.8428927680798,13.82524652897022,1381207,34740,1346467,
B2,ports,drl,44,known,xss,15004,14464,540,96.40095974406825,3.599040255931752,29.395984066336077,96.40095974406825,45.05357587839522,1381207,34740,1346467,
B2,ports,drl,44,zero_day,Backdoor,19029,9204,9825,48.36827999369383,51.63172000630616,20.944838885854725,48.36827999369383,29.23157543709209,1381207,34740,1346467,
B2,ports,drl,44,zero_day,Brute Force,291955,261129,30826,89.44152352246066,10.558476477539347,88.25831702544032,89.44152352246066,88.8459811099921,1381207,34740,1346467,
B2,ports,drl,44,zero_day,Shellcode,1365,4,1361,0.293040293040293,99.70695970695972,0.0115127791848952,0.293040293040293,0.0221551413774959,1381207,34740,1346467,
B2,ports,drl,44,zero_day,Theft,1909,640,1269,33.52540597171294,66.47459402828706,1.8089315997738835,33.52540597171294,3.432647697712462,1381207,34740,1346467,
B2,ports,drl,44,zero_day,ransomware,142,140,2,98.59154929577466,1.4084507042253502,0.4013761467889908,98.59154929577466,0.7994974587402205,1381207,34740,1346467,
B2,ports,drl,45,known,Analysis,315,38,277,12.063492063492063,87.93650793650794,0.0767227280986896,12.063492063492063,0.1524757242596902,1381207,49491,1331716,
B2,ports,drl,45,known,Bot,2346,0,2346,0.0,100.0,0.0,0.0,0.0,1381207,49491,1331716,
B2,ports,drl,45,known,DDoS,114041,100611,13430,88.22353364140967,11.776466358590332,67.02842067394172,88.22353364140967,76.17919081709529,1381207,49491,1331716,
B2,ports,drl,45,known,DoS,52727,45221,7506,85.76440912625411,14.235590873745895,47.74579778697525,85.76440912625411,61.3419787166218,1381207,49491,1331716,
B2,ports,drl,45,known,Exploits,3690,1491,2199,40.40650406504065,59.59349593495935,2.924561609979993,40.40650406504065,5.454345917471466,1381207,49491,1331716,
B2,ports,drl,45,known,Fuzzers,2881,1053,1828,36.54980909406456,63.45019090593544,2.083333333333333,36.54980909406456,3.941974730931212,1381207,49491,1331716,
B2,ports,drl,45,known,Generic,853,172,681,20.1641266119578,79.8358733880422,0.3463342931357348,20.1641266119578,0.6809723651912264,1381207,49491,1331716,
B2,ports,drl,45,known,Infilteration,9186,20,9166,0.2177226213803614,99.78227737861964,0.040395063723213,0.2177226213803614,0.0681465833006797,1381207,49491,1331716,
B2,ports,drl,45,known,Reconnaissance,72925,4750,68175,6.513541309564622,93.48645869043538,8.757213178223115,6.513541309564622,7.470550304326629,1381207,49491,1331716,
B2,ports,drl,45,known,Worms,32,16,16,50.0,50.0,0.0323186620073929,50.0,0.0645955711661519,1381207,49491,1331716,
B2,ports,drl,45,known,injection,70150,66870,3280,95.32430506058446,4.675694939415543,57.46770825276511,95.32430506058446,71.70622644240822,1381207,49491,1331716,
B2,ports,drl,45,known,mitm,187,82,105,43.85026737967914,56.14973262032086,0.1654126238073144,43.85026737967914,0.3295819935691318,1381207,49491,1331716,
B2,ports,drl,45,known,password,23322,23246,76,99.67412743332476,0.3258725666752449,31.958975487028614,99.67412743332476,48.39942118906089,1381207,49491,1331716,
B2,ports,drl,45,known,scanning,3208,2818,390,87.8428927680798,12.157107231920197,5.387218260719952,87.8428927680798,10.1518453806942,1381207,49491,1331716,
B2,ports,drl,45,known,xss,15004,14458,546,96.36097040789124,3.639029592108767,22.608641261004863,96.36097040789124,36.62432079844971,1381207,49491,1331716,
B2,ports,drl,45,zero_day,Backdoor,19029,7124,11905,37.43759524935625,62.56240475064375,12.583237657864524,37.43759524935625,18.83559832901486,1381207,49491,1331716,
B2,ports,drl,45,zero_day,Brute Force,291955,287597,4358,98.50730420784024,1.4926957921597483,85.31807717865958,98.50730420784024,91.43953592997616,1381207,49491,1331716,
B2,ports,drl,45,zero_day,Shellcode,1365,14,1351,1.0256410256410255,98.97435897435898,0.0282799717200282,1.0256410256410255,0.055042264596029,1381207,49491,1331716,
B2,ports,drl,45,zero_day,Theft,1909,6,1903,0.3143006809848088,99.6856993190152,0.0121219467846536,0.3143006809848088,0.0233435785705948,1381207,49491,1331716,
B2,ports,drl,45,zero_day,ransomware,142,141,1,99.29577464788731,0.7042253521126751,0.2840909090909091,99.29577464788731,0.5665608550648934,1381207,49491,1331716,
B2,ports,drl,46,known,Analysis,315,37,278,11.746031746031743,88.25396825396825,0.050960677639281,11.746031746031743,0.1014810751508502,1381207,72568,1308639,
B2,ports,drl,46,known,Bot,2346,0,2346,0.0,100.0,0.0,0.0,0.0,1381207,72568,1308639,
B2,ports,drl,46,known,DDoS,114041,107887,6154,94.6036951622662,5.396304837733801,59.786096256684495,94.6036951622662,73.26890687819188,1381207,72568,1308639,
B2,ports,drl,46,known,DoS,52727,46888,5839,88.92597720333036,11.074022796669636,39.25127243503884,88.92597720333036,54.46298415058397,1381207,72568,1308639,
B2,ports,drl,46,known,Exploits,3690,1444,2246,39.13279132791328,60.867208672086726,1.9510349673025995,39.13279132791328,3.7167640472574712,1381207,72568,1308639,
B2,ports,drl,46,known,Fuzzers,2881,1065,1816,36.96633113502256,63.03366886497743,1.44636236470061,36.96633113502256,2.783804271113784,1381207,72568,1308639,
B2,ports,drl,46,known,Generic,853,160,693,18.75732708089097,81.24267291910903,0.2199978000219997,18.75732708089097,0.4348948777537679,1381207,72568,1308639,
B2,ports,drl,46,known,Infilteration,9186,518,8668,5.639015893751361,94.36098410624864,0.7087540705470268,5.639015893751361,1.2592376507195644,1381207,72568,1308639,
B2,ports,drl,46,known,Reconnaissance,72925,48910,24015,67.06890641069592,32.93109358930408,40.26243435025272,67.06890641069592,50.318153526437335,1381207,72568,1308639,
B2,ports,drl,46,known,Worms,32,16,16,50.0,50.0,0.0220434255483302,50.0,0.0440674231574308,1381207,72568,1308639,
B2,ports,drl,46,known,injection,70150,68363,1787,97.45260156806842,2.54739843193158,48.508135186722576,97.45260156806842,64.77418621287562,1381207,72568,1308639,
B2,ports,drl,46,known,mitm,187,98,89,52.406417112299465,47.593582887700535,0.1348636226020422,52.406417112299465,0.2690349059064143,1381207,72568,1308639,
B2,ports,drl,46,known,password,23322,23243,79,99.66126404253497,0.3387359574650528,24.259218670090075,99.66126404253497,39.02025467334828,1381207,72568,1308639,
B2,ports,drl,46,known,scanning,3208,2818,390,87.8428927680798,12.157107231920197,3.738094606425596,87.8428927680798,7.171030867496246,1381207,72568,1308639,
B2,ports,drl,46,known,xss,15004,14466,538,96.41428952279392,3.5857104772060837,16.621090608268034,96.41428952279392,28.35414257433505,1381207,72568,1308639,
B2,ports,drl,46,zero_day,Backdoor,19029,9765,9264,51.31641179252719,48.68358820747281,11.860371904339694,51.31641179252719,19.267575620054853,1381207,72568,1308639,
B2,ports,drl,46,zero_day,Brute Force,291955,287597,4358,98.50730420784024,1.4926957921597483,79.85145697111047,98.50730420784024,88.20370483960008,1381207,72568,1308639,
B2,ports,drl,46,zero_day,Shellcode,1365,21,1344,1.5384615384615383,98.46153846153848,0.0289300031685241,1.5384615384615383,0.0567920599291451,1381207,72568,1308639,
B2,ports,drl,46,zero_day,Theft,1909,1126,783,58.983761131482446,41.016238868517554,1.5279398594186773,58.983761131482446,2.97871777574964,1381207,72568,1308639,
B2,ports,drl,46,zero_day,ransomware,142,141,1,99.29577464788731,0.7042253521126751,0.193923723335488,99.29577464788731,0.3870914606525648,1381207,72568,1308639,
B2,ports,drl,47,known,Analysis,315,41,274,13.015873015873018,86.98412698412699,0.0686008767526687,13.015873015873018,0.1364824154058687,1381207,59725,1321482,
B2,ports,drl,47,known,Bot,2346,0,2346,0.0,100.0,0.0,0.0,0.0,1381207,59725,1321482,
B2,ports,drl,47,known,DDoS,114041,106974,7067,93.80310590050946,6.196894099490535,64.17195064157553,93.80310590050946,76.20859157939731,1381207,59725,1321482,
B2,ports,drl,47,known,DoS,52727,45964,6763,87.17355434597074,12.82644565402925,43.4898617642328,87.17355434597074,58.02949197050802,1381207,59725,1321482,
B2,ports,drl,47,known,Exploits,3690,1471,2219,39.864498644986455,60.13550135501355,2.403751879207792,39.864498644986455,4.5341059704712885,1381207,59725,1321482,
B2,ports,drl,47,known,Fuzzers,2881,1107,1774,38.424158278375565,61.57584172162444,1.819765912677538,38.424158278375565,3.4749580148478327,1381207,59725,1321482,
B2,ports,drl,47,known,Generic,853,178,675,20.86752637749121,79.1324736225088,0.2971470544046208,20.86752637749121,0.5859503588122984,1381207,59725,1321482,
B2,ports,drl,47,known,Infilteration,9186,425,8761,4.62660570433268,95.37339429566732,0.7065669160432253,4.62660570433268,1.2259143879081575,1381207,59725,1321482,
B2,ports,drl,47,known,Reconnaissance,72925,43078,29847,59.07164895440521,40.92835104559479,41.90344639747868,59.07164895440521,49.02804333970681,1381207,59725,1321482,
B2,ports,drl,47,known,Worms,32,17,15,53.125,46.875,0.0284556928124267,53.125,0.0568809181249372,1381207,59725,1321482,
B2,ports,drl,47,known,injection,70150,68363,1787,97.45260156806842,2.54739843193158,53.37190056835925,97.45260156806842,68.97063126141306,1381207,59725,1321482,
B2,ports,drl,47,known,mitm,187,98,89,52.406417112299465,47.593582887700535,0.163816592280561,52.406417112299465,0.3266122312947841,1381207,59725,1321482,
B2,ports,drl,47,known,password,23322,23243,79,99.66126404253497,0.3387359574650528,28.014415196220227,99.66126404253497,43.735064446326085,1381207,59725,1321482,
B2,ports,drl,47,known,scanning,3208,2818,390,87.8428927680798,12.157107231920197,4.505700078346098,87.8428927680798,8.571732749311797,1381207,59725,1321482,
B2,ports,drl,47,known,xss,15004,14466,538,96.41428952279392,3.5857104772060837,19.49832189888261,96.41428952279392,32.43679578451707,1381207,59725,1321482,
B2,ports,drl,47,zero_day,Backdoor,19029,7147,11882,37.55846339797152,62.44153660202848,10.687582246680224,37.55846339797152,16.640085680027006,1381207,59725,1321482,
B2,ports,drl,47,zero_day,Brute Force,291955,287597,4358,98.50730420784024,1.4926957921597483,82.80414140192674,98.50730420784024,89.9757069314241,1381207,59725,1321482,
B2,ports,drl,47,zero_day,Shellcode,1365,16,1349,1.1721611721611722,98.82783882783885,0.0267822768283088,1.1721611721611722,0.052368016234085,1381207,59725,1321482,
B2,ports,drl,47,zero_day,Theft,1909,629,1280,32.94918805657412,67.05081194342588,1.0421844451072009,32.94918805657412,2.0204615903506093,1381207,59725,1321482,
B2,ports,drl,47,zero_day,ransomware,142,140,2,98.59154929577466,1.4084507042253502,0.2338595172471394,98.59154929577466,0.4666122285733332,1381207,59725,1321482,
B2,ports,drl,48,known,Analysis,315,42,273,13.333333333333334,86.66666666666667,0.0772285966460723,13.333333333333334,0.1535677069050622,1381207,54342,1326865,
B2,ports,drl,48,known,Bot,2346,0,2346,0.0,100.0,0.0,0.0,0.0,1381207,54342,1326865,
B2,ports,drl,48,known,DDoS,114041,106276,7765,93.19104532580388,6.808954674196121,66.16693023197898,93.19104532580388,77.3875969838964,1381207,54342,1326865,
B2,ports,drl,48,known,DoS,52727,45241,7486,85.80234035693289,14.197659643067118,45.43044495546429,85.80234035693289,59.40647363928831,1381207,54342,1326865,
B2,ports,drl,48,known,Exploits,3690,1679,2011,45.50135501355014,54.49864498644986,2.9970903768229773,45.50135501355014,5.623754417109075,1381207,54342,1326865,
B2,ports,drl,48,known,Fuzzers,2881,1135,1746,39.3960430406109,60.603956959389095,2.0458928925500657,39.3960430406109,3.889783748586312,1381207,54342,1326865,
B2,ports,drl,48,known,Generic,853,192,661,22.50879249706917,77.49120750293083,0.3520739355264605,22.50879249706917,0.6933034827667142,1381207,54342,1326865,
B2,ports,drl,48,known,Infilteration,9186,21,9165,0.2286087524493794,99.77139124755062,0.0386292147232492,0.2286087524493794,0.0660907331350611,1381207,54342,1326865,
B2,ports,drl,48,known,Reconnaissance,72925,4809,68116,6.594446348988687,93.4055536510113,8.130040066947304,6.594446348988687,7.282170871316515,1381207,54342,1326865,
B2,ports,drl,48,known,Worms,32,17,15,53.125,46.875,0.0312735701539763,53.125,0.0625103417844864,1381207,54342,1326865,
B2,ports,drl,48,known,injection,70150,68366,1784,97.45687811831787,2.543121881682109,55.71437885060468,97.45687811831787,70.89775897292309,1381207,54342,1326865,
B2,ports,drl,48,known,mitm,187,99,88,52.94117647058824,47.05882352941176,0.1818482393784096,52.94117647058824,0.3624514900783481,1381207,54342,1326865,
B2,ports,drl,48,known,password,23322,23246,76,99.67412743332476,0.3258725666752449,29.960818683301543,99.67412743332476,46.07273808344069,1381207,54342,1326865,
B2,ports,drl,48,known,scanning,3208,2818,390,87.8428927680798,12.157107231920197,4.9300209937018895,87.8428927680798,9.336072091174133,1381207,54342,1326865,
B2,ports,drl,48,known,xss,15004,14467,537,96.42095441215676,3.579045587843244,21.02486593323548,96.42095441215676,34.52209084509563,1381207,54342,1326865,
B2,ports,drl,48,zero_day,Backdoor,19029,17156,1873,90.15712859319986,9.842871406800146,23.995076785364624,90.15712859319986,37.90250422525876,1381207,54342,1326865,
B2,ports,drl,48,zero_day,Brute Force,291955,287597,4358,98.50730420784024,1.4926957921597483,84.10769172279267,98.50730420784024,90.7397766819058,1381207,54342,1326865,
B2,ports,drl,48,zero_day,Shellcode,1365,12,1353,0.8791208791208791,99.12087912087912,0.0220774919969091,0.8791208791208791,0.0430732784149033,1381207,54342,1326865,
B2,ports,drl,48,zero_day,Theft,1909,5,1904,0.2619172341540073,99.738082765846,0.0092001398421256,0.2619172341540073,0.0177758816837315,1381207,54342,1326865,
B2,ports,drl,48,zero_day,ransomware,142,141,1,99.29577464788731,0.7042253521126751,0.2587963217884478,99.29577464788731,0.5162471395881008,1381207,54342,1326865,
B2,ports,drl,49,known,Analysis,315,38,277,12.063492063492063,87.93650793650794,0.0802229353149805,12.063492063492063,0.1593859446762997,1381207,47330,1333877,
B2,ports,drl,49,known,Bot,2346,0,2346,0.0,100.0,0.0,0.0,0.0,1381207,47330,1333877,
B2,ports,drl,49,known,DDoS,114041,106287,7754,93.20069097955998,6.799309020440014,69.18960792099833,93.20069097955998,79.42000612722205,1381207,47330,1333877,
B2,ports,drl,49,known,DoS,52727,45212,7515,85.74734007244865,14.252659927551347,48.85565472974433,85.74734007244865,62.24590242928636,1381207,47330,1333877,
B2,ports,drl,49,known,Exploits,3690,1288,2402,34.90514905149051,65.09485094850949,2.6492245670327863,34.90514905149051,4.9246769136652135,1381207,47330,1333877,
B2,ports,drl,49,known,Fuzzers,2881,1005,1876,34.88372093023256,65.11627906976744,2.079238646943209,34.88372093023256,3.9245548266166814,1381207,47330,1333877,
B2,ports,drl,49,known,Generic,853,150,703,17.584994138335286,82.41500586166471,0.3159224936815501,17.584994138335286,0.620693935820247,1381207,47330,1333877,
B2,ports,drl,49,known,Infilteration,9186,453,8733,4.931417374265186,95.0685826257348,0.948035912353766,4.931417374265186,1.5903386052063402,1381207,47330,1333877,
B2,ports,drl,49,known,Reconnaissance,72925,42361,30564,58.088447034624615,41.911552965375385,47.22993388411324,58.088447034624615,52.09942441088208,1381207,47330,1333877,
B2,ports,drl,49,known,Worms,32,16,16,50.0,50.0,0.0337937734972331,50.0,0.0675418970830343,1381207,47330,1333877,
B2,ports,drl,49,known,injection,70150,68354,1796,97.43977191732004,2.560228082679972,59.0868227239722,97.43977191732004,73.56457914052325,1381207,47330,1333877,
B2,ports,drl,49,known,mitm,187,95,92,50.80213903743316,49.19786096256684,0.2003162888771744,50.80213903743316,0.3990590607409896,1381207,47330,1333877,
B2,ports,drl,49,known,password,23322,23242,80,99.656976245605,0.3430237543949888,32.933741427194924,99.656976245605,49.506890749142656,1381207,47330,1333877,
B2,ports,drl,49,known,scanning,3208,2818,390,87.8428927680798,12.157107231920197,5.619366674643056,87.8428927680798,10.563010720443812,1381207,47330,1333877,
B2,ports,drl,49,known,xss,15004,14465,539,96.40762463343108,3.592375366568912,23.408042721903065,96.40762463343108,37.669761325017255,1381207,47330,1333877,
B2,ports,drl,49,zero_day,Backdoor,19029,7126,11903,37.44810552314888,62.551894476851125,13.085794035551638,37.44810552314888,19.394434238279924,1381207,47330,1333877,
B2,ports,drl,49,zero_day,Brute Force,291955,287597,4358,98.50730420784024,1.4926957921597483,85.86856240315053,98.50730420784024,91.7547481025137,1381207,47330,1333877,
B2,ports,drl,49,zero_day,Shellcode,1365,16,1349,1.1721611721611722,98.82783882783885,0.0337937734972331,1.1721611721611722,0.0656935805054299,1381207,47330,1333877,
B2,ports,drl,49,zero_day,Theft,1909,1096,813,57.4122577265584,42.5877422734416,2.26324701606575,57.4122577265584,4.354822687990464,1381207,47330,1333877,
B2,ports,drl,49,zero_day,ransomware,142,134,8,94.3661971830986,5.633802816901412,0.2823192314174954,94.3661971830986,0.5629542494643532,1381207,47330,1333877,
B3,ports,drl,42,known,Analysis,315,22,293,6.984126984126984,93.015873015873,0.1163036582787058,6.984126984126984,0.2287972544329468,1381207,18894,1362313,
B3,ports,drl,42,known,Bot,2346,0,2346,0.0,100.0,0.0,0.0,0.0,1381207,18894,1362313,
B3,ports,drl,42,known,DDoS,114041,82883,31158,72.67824729702475,27.32175270297524,81.43588433536064,72.67824729702475,76.80823656970226,1381207,18894,1362313,
B3,ports,drl,42,known,DoS,52727,37509,15218,71.13812657651678,28.86187342348322,66.50178182011595,71.13812657651678,68.74186749748007,1381207,18894,1362313,
B3,ports,drl,42,known,Exploits,3690,1042,2648,28.238482384823847,71.76151761517615,5.226725521669342,28.238482384823847,8.820790654363837,1381207,18894,1362313,
B3,ports,drl,42,known,Fuzzers,2881,519,2362,18.01457827143353,81.98542172856646,2.6734662339669297,18.01457827143353,4.655961245178076,1381207,18894,1362313,
B3,ports,drl,42,known,Generic,853,92,761,10.785463071512307,89.21453692848769,0.4845675761087116,10.785463071512307,0.9274661021220828,1381207,18894,1362313,
B3,ports,drl,42,known,Infilteration,9186,3,9183,0.0326583932070542,99.96734160679294,0.0158755357993332,0.0326583932070542,0.0213652387565431,1381207,18894,1362313,
B3,ports,drl,42,known,Reconnaissance,72925,3887,69038,5.330133699005828,94.66986630099416,17.06246433431368,5.330133699005828,8.122792719369736,1381207,18894,1362313,
B3,ports,drl,42,known,Worms,32,15,17,46.875,53.125,0.0793273044581945,46.875,0.1583865688189641,1381207,18894,1362313,
B3,ports,drl,42,known,injection,70150,60641,9509,86.4447612259444,13.5552387740556,76.24442069529138,86.4447612259444,81.02481878611752,1381207,18894,1362313,
B3,ports,drl,42,known,mitm,187,20,167,10.6951871657754,89.3048128342246,0.1057417785767156,10.6951871657754,0.2094131197319512,1381207,18894,1362313,
B3,ports,drl,42,known,password,23322,23217,105,99.54978132235658,0.4502186776434214,55.13286314739617,99.54978132235658,70.96419237999176,1381207,18894,1362313,
B3,ports,drl,42,known,scanning,3208,2817,391,87.81172069825436,12.18827930174564,12.974989636589749,87.81172069825436,22.60925398290461,1381207,18894,1362313,
B3,ports,drl,42,known,xss,15004,14436,568,96.21434284190885,3.7856571580911713,43.31233123312332,96.21434284190885,59.73434849174495,1381207,18894,1362313,
B3,ports,drl,42,zero_day,Backdoor,19029,3810,15219,20.022071574964528,79.97792842503547,16.781183932346725,20.022071574964528,18.25893178060528,1381207,18894,1362313,
B3,ports,drl,42,zero_day,Brute Force,291955,190724,101231,65.32650579712626,34.673494202873734,90.98646108635708,65.32650579712626,76.05034561270243,1381207,18894,1362313,
B3,ports,drl,42,zero_day,Shellcode,1365,0,1365,0.0,100.0,0.0,0.0,0.0,1381207,18894,1362313,
B3,ports,drl,42,zero_day,Theft,1909,5,1904,0.2619172341540073,99.738082765846,0.0264564262659399,0.2619172341540073,0.0480584390618992,1381207,18894,1362313,
B3,ports,drl,42,zero_day,ransomware,142,140,2,98.59154929577466,1.4084507042253502,0.7355259010192288,98.59154929577466,1.4601585314977052,1381207,18894,1362313,
B3,ports,drl,43,known,Analysis,315,27,288,8.571428571428571,91.42857142857144,0.0741289844329132,8.571428571428571,0.1469867711905928,1381207,36396,1344811,
B3,ports,drl,43,known,Bot,2346,0,2346,0.0,100.0,0.0,0.0,0.0,1381207,36396,1344811,
B3,ports,drl,43,known,DDoS,114041,102970,11071,90.29208793328716,9.707912066712854,73.8845916507613,90.29208793328716,81.26847324659539,1381207,36396,1344811,
B3,ports,drl,43,known,DoS,52727,42797,9930,81.16714396798605,18.83285603201396,54.041392547321095,81.16714396798605,64.88326258338387,1381207,36396,1344811,
B3,ports,drl,43,known,Exploits,3690,1308,2382,35.44715447154472,64.55284552845528,3.469127943984724,35.44715447154472,6.319756486447312,1381207,36396,1344811,
B3,ports,drl,43,known,Fuzzers,2881,718,2163,24.92190211732037,75.07809788267963,1.9345799428786985,24.92190211732037,3.590448806100763,1381207,36396,1344811,
B3,ports,drl,43,known,Generic,853,148,705,17.35052754982415,82.64947245017585,0.4049912434325743,17.35052754982415,0.7915073401609753,1381207,36396,1344811,
B3,ports,drl,43,known,Infilteration,9186,21,9165,0.2286087524493794,99.77139124755062,0.057665376060631,0.2286087524493794,0.0920992039997368,1381207,36396,1344811,
B3,ports,drl,43,known,Reconnaissance,72925,4228,68697,5.797737401439836,94.20226259856015,10.407640803465933,5.797737401439836,7.4470052576420755,1381207,36396,1344811,
B3,ports,drl,43,known,Worms,32,16,16,50.0,50.0,0.0439415577282214,50.0,0.0878059488530347,1381207,36396,1344811,
B3,ports,drl,43,known,injection,70150,68332,1818,97.40841054882397,2.591589451176046,65.24711633946987,97.40841054882397,78.1481947414769,1381207,36396,1344811,
B3,ports,drl,43,known,mitm,187,97,90,51.87165775401069,48.12834224598931,0.2658044008439975,51.87165775401069,0.5288985823336969,1381207,36396,1344811,
B3,ports,drl,43,known,password,23322,23225,97,99.58408369779607,0.4159163022039225,38.9543952634139,99.58408369779607,56.00231484272331,1381207,36396,1344811,
B3,ports,drl,43,known,scanning,3208,2816,392,87.78054862842892,12.219451371571076,7.181475058655513,87.78054862842892,13.276756247053276,1381207,36396,1344811,
B3,ports,drl,43,known,xss,15004,14462,542,96.38762996534258,3.61237003465742,28.436037594872,96.38762996534258,43.916066927818775,1381207,36396,1344811,
B3,ports,drl,43,zero_day,Backdoor,19029,4641,14388,24.38909033580325,75.61090966419674,11.309306235835953,24.38909033580325,15.453001698132054,1381207,36396,1344811,
B3,ports,drl,43,zero_day,Brute Force,291955,256868,35087,87.98205202856605,12.017947971433951,87.58933929837963,87.98205202856605,87.78525645954763,1381207,36396,1344811,
B3,ports,drl,43,zero_day,Shellcode,1365,4,1361,0.293040293040293,99.70695970695972,0.0109890109890109,0.293040293040293,0.0211836356414669,1381207,36396,1344811,
B3,ports,drl,43,zero_day,Theft,1909,5,1904,0.2619172341540073,99.738082765846,0.0137358863767478,0.2619172341540073,0.0261028452101279,1381207,36396,1344811,
B3,ports,drl,43,zero_day,ransomware,142,141,1,99.29577464788731,0.7042253521126751,0.3859101732490352,99.29577464788731,0.7688323018621008,1381207,36396,1344811,
B3,ports,drl,44,known,Analysis,315,42,273,13.333333333333334,86.66666666666667,0.0840975531616675,13.333333333333334,0.1671408957956105,1381207,49900,1331307,
B3,ports,drl,44,known,Bot,2346,0,2346,0.0,100.0,0.0,0.0,0.0,1381207,49900,1331307,
B3,ports,drl,44,known,DDoS,114041,107849,6192,94.57037381292692,5.429626187073067,68.36746984133022,94.57037381292692,79.3620074322087,1381207,49900,1331307,
B3,ports,drl,44,known,DoS,52727,46864,5863,88.88045972651582,11.119540273484176,48.43123475672771,88.88045972651582,62.69808884815807,1381207,49900,1331307,
B3,ports,drl,44,known,Exploits,3690,1577,2113,42.73712737127372,57.26287262872629,3.0635040892048875,42.73712737127372,5.71718599887614,1381207,49900,1331307,
B3,ports,drl,44,known,Fuzzers,2881,1134,1747,39.361332870531065,60.63866712946893,2.222048046400438,39.361332870531065,4.206621533895947,1381207,49900,1331307,
B3,ports,drl,44,known,Generic,853,175,678,20.5158264947245,79.4841735052755,0.3494757863205192,20.5158264947245,0.6872447376688658,1381207,49900,1331307,
B3,ports,drl,44,known,Infilteration,9186,139,9047,1.513172218593512,98.48682778140648,0.2777833290033774,1.513172218593512,0.4693963697762769,1381207,49900,1331307,
B3,ports,drl,44,known,Reconnaissance,72925,22968,49957,31.49537195749057,68.50462804250942,31.520008783004887,31.49537195749057,31.507685554176124,1381207,49900,1331307,
B3,ports,drl,44,known,Worms,32,17,15,53.125,46.875,0.0340565338461846,53.125,0.0680694308194358,1381207,49900,1331307,
B3,ports,drl,44,known,injection,70150,68366,1784,97.45687811831787,2.543121881682109,57.806977491417655,97.45687811831787,72.56920855978261,1381207,49900,1331307,
B3,ports,drl,44,known,mitm,187,99,88,52.94117647058824,47.05882352941176,0.1980039600792015,52.94117647058824,0.3945323396963297,1381207,49900,1331307,
B3,ports,drl,44,known,password,23322,23244,78,99.66555183946488,0.3344481605351168,31.778409712348243,99.66555183946488,48.19107250222877,1381207,49900,1331307,
B3,ports,drl,44,known,scanning,3208,2818,390,87.8428927680798,12.157107231920197,5.34542281573656,87.8428927680798,10.077602546221794,1381207,49900,1331307,
B3,ports,drl,44,known,xss,15004,14466,538,96.41428952279392,3.5857104772060837,22.474598390454588,96.41428952279392,36.45205997228172,1381207,49900,1331307,
B3,ports,drl,44,zero_day,Backdoor,19029,6600,12429,34.68390351568658,65.31609648431342,11.68141592920354,34.68390351568658,17.476730792146064,1381207,49900,1331307,
B3,ports,drl,44,zero_day,Brute Force,291955,287597,4358,98.50730420784024,1.4926957921597483,85.21468338977827,98.50730420784024,91.38012112122924,1381207,49900,1331307,
B3,ports,drl,44,zero_day,Shellcode,1365,8,1357,0.5860805860805861,99.41391941391942,0.0160294942694557,0.5860805860805861,0.0312055077721217,1381207,49900,1331307,
B3,ports,drl,44,zero_day,Theft,1909,642,1267,33.63017286537454,66.36982713462545,1.2702306992204502,33.63017286537454,2.447999084860155,1381207,49900,1331307,
B3,ports,drl,44,zero_day,ransomware,142,141,1,99.29577464788731,0.7042253521126751,0.2817689494614416,99.29577464788731,0.561943287567503,1381207,49900,1331307,
B3,ports,drl,45,known,Analysis,315,26,289,8.253968253968253,91.74603174603176,0.0881505339888116,8.253968253968253,0.1744381080174438,1381207,29469,1351738,
B3,ports,drl,45,known,Bot,2346,0,2346,0.0,100.0,0.0,0.0,0.0,1381207,29469,1351738,
B3,ports,drl,45,known,DDoS,114041,104808,9233,91.90378898817092,8.09621101182908,78.0535758171541,91.90378898817092,84.41433967734922,1381207,29469,1351738,
B3,ports,drl,45,known,DoS,52727,43864,8863,83.19077512469892,16.809224875301076,59.81481734007882,83.19077512469892,69.5922576550849,1381207,29469,1351738,
B3,ports,drl,45,known,Exploits,3690,1119,2571,30.32520325203252,69.67479674796748,3.6582973715182425,30.32520325203252,6.528969018029056,1381207,29469,1351738,
B3,ports,drl,45,known,Fuzzers,2881,783,2098,27.178063172509543,72.82193682749045,2.5882586275287585,27.178063172509543,4.726405698246461,1381207,29469,1351738,
B3,ports,drl,45,known,Generic,853,116,737,13.599062133645957,86.40093786635404,0.392090586445834,13.599062133645957,0.7622051383139498,1381207,29469,1351738,
B3,ports,drl,45,known,Infilteration,9186,21,9165,0.2286087524493794,99.77139124755062,0.0712105798575788,0.2286087524493794,0.1085944771951597,1381207,29469,1351738,
B3,ports,drl,45,known,Reconnaissance,72925,4092,68833,5.6112444292080905,94.3887555707919,12.192723697148477,5.6112444292080905,7.6855173450031,1381207,29469,1351738,
B3,ports,drl,45,known,Worms,32,15,17,46.875,53.125,0.0508750508750508,46.875,0.1016397885892397,1381207,29469,1351738,
B3,ports,drl,45,known,injection,70150,68362,1788,97.4511760513186,2.5488239486814,69.8776461448825,97.4511760513186,81.39253844184759,1381207,29469,1351738,
B3,ports,drl,45,known,mitm,187,99,88,52.94117647058824,47.05882352941176,0.3348214285714285,52.94117647058824,0.6654343807763401,1381207,29469,1351738,
B3,ports,drl,45,known,password,23322,23242,80,99.656976245605,0.3430237543949888,44.093263265732006,99.656976245605,61.13661173437849,1381207,29469,1351738,
B3,ports,drl,45,known,scanning,3208,2818,390,87.8428927680798,12.157107231920197,8.727971010004026,87.8428927680798,15.878292717284124,1381207,29469,1351738,
B3,ports,drl,45,known,xss,15004,14464,540,96.40095974406825,3.599040255931752,32.922859809255,96.40095974406825,49.082919049154185,1381207,29469,1351738,
B3,ports,drl,45,zero_day,Backdoor,19029,4964,14065,26.086499553313363,73.91350044668663,14.41640286934046,26.086499553313363,18.57019939396207,1381207,29469,1351738,
B3,ports,drl,45,zero_day,Brute Force,291955,271960,19995,93.1513418163758,6.84865818362419,90.2235684025094,93.1513418163758,91.66408261766408,1381207,29469,1351738,
B3,ports,drl,45,zero_day,Shellcode,1365,4,1361,0.293040293040293,99.70695970695972,0.0135717436297628,0.293040293040293,0.0259420195862247,1381207,29469,1351738,
B3,ports,drl,45,zero_day,Theft,1909,5,1904,0.2619172341540073,99.738082765846,0.016964103956029,0.2619172341540073,0.031864385176688,1381207,29469,1351738,
B3,ports,drl,45,zero_day,ransomware,142,135,7,95.07042253521126,4.929577464788737,0.4560194568301581,95.07042253521126,0.9076850668997511,1381207,29469,1351738,
B3,ports,drl,46,known,Analysis,315,20,295,6.349206349206349,93.65079365079364,0.0952834683182467,6.349206349206349,0.1877493546115935,1381207,20970,1360237,
B3,ports,drl,46,known,Bot,2346,0,2346,0.0,100.0,0.0,0.0,0.0,1381207,20970,1360237,
B3,ports,drl,46,known,DDoS,114041,102127,11914,89.55288010452381,10.447119895476186,82.96465389083406,89.55288010452381,86.13296898852145,1381207,20970,1360237,
B3,ports,drl,46,known,DoS,52727,29522,23205,55.99028960494623,44.00971039505377,58.46866830388973,55.99028960494623,57.20264679952335,1381207,20970,1360237,
B3,ports,drl,46,known,Exploits,3690,630,3060,17.073170731707318,82.92682926829268,2.9166666666666665,17.073170731707318,4.98220640569395,1381207,20970,1360237,
B3,ports,drl,46,known,Fuzzers,2881,496,2385,17.21624435959736,82.78375564040263,2.310630764930588,17.21624435959736,4.074423953669857,1381207,20970,1360237,
B3,ports,drl,46,known,Generic,853,50,803,5.861664712778429,94.13833528722158,0.2378686964795432,5.861664712778429,0.457184656882915,1381207,20970,1360237,
B3,ports,drl,46,known,Infilteration,9186,345,8841,3.7557152188112335,96.24428478118875,1.6185784658691065,3.7557152188112335,2.26222091078981,1381207,20970,1360237,
B3,ports,drl,46,known,Reconnaissance,72925,39612,33313,54.31882070620501,45.68117929379499,65.38575814598396,54.31882070620501,59.34070872688323,1381207,20970,1360237,
B3,ports,drl,46,known,Worms,32,15,17,46.875,53.125,0.0714796283059328,46.875,0.1427415901413141,1381207,20970,1360237,
B3,ports,drl,46,known,injection,70150,53885,16265,76.81397006414825,23.18602993585175,71.98583928929263,76.81397006414825,74.32157511809937,1381207,20970,1360237,
B3,ports,drl,46,known,mitm,187,90,97,48.1283422459893,51.87165775401071,0.4273504273504274,48.1283422459893,0.8471784251894385,1381207,20970,1360237,
B3,ports,drl,46,known,password,23322,22368,954,95.90944172883972,4.090558271160283,51.61290322580645,95.90944172883972,67.1107110711071,1381207,20970,1360237,
B3,ports,drl,46,known,scanning,3208,2765,443,86.19077306733168,13.809226932668327,11.649462818622288,86.19077306733168,20.52481163938685,1381207,20970,1360237,
B3,ports,drl,46,known,xss,15004,14059,945,93.70167955211944,6.298320447880568,40.13531645208256,93.70167955211944,56.198908720244646,1381207,20970,1360237,
B3,ports,drl,46,zero_day,Backdoor,19029,169,18860,0.8881181354774291,99.11188186452256,0.7994701736127537,0.8881181354774291,0.8414658434574787,1381207,20970,1360237,
B3,ports,drl,46,zero_day,Brute Force,291955,89962,201993,30.813652788957203,69.1863472110428,81.09652760249523,30.813652788957203,44.65867600592722,1381207,20970,1360237,
B3,ports,drl,46,zero_day,Shellcode,1365,0,1365,0.0,100.0,0.0,0.0,0.0,1381207,20970,1360237,
B3,ports,drl,46,zero_day,Theft,1909,642,1267,33.63017286537454,66.36982713462545,2.9705719044975014,33.63017286537454,5.458951575188131,1381207,20970,1360237,
B3,ports,drl,46,zero_day,ransomware,142,134,8,94.3661971830986,5.633802816901412,0.634950720242608,94.3661971830986,1.2614139132071918,1381207,20970,1360237,
B3,ports,drl,47,known,Analysis,315,36,279,11.428571428571429,88.57142857142857,0.0950193997941246,11.428571428571429,0.1884718077587561,1381207,37851,1343356,
B3,ports,drl,47,known,Bot,2346,0,2346,0.0,100.0,0.0,0.0,0.0,1381207,37851,1343356,
B3,ports,drl,47,known,DDoS,114041,106266,7775,93.18227654966196,6.817723450338031,73.73592289598035,93.18227654966196,82.32632728793993,1381207,37851,1343356,
B3,ports,drl,47,known,DoS,52727,45203,7524,85.7302710186432,14.2697289813568,54.42603607291642,85.7302710186432,66.5822169522982,1381207,37851,1343356,
B3,ports,drl,47,known,Exploits,3690,1212,2478,32.84552845528455,67.15447154471545,3.102680285692343,32.84552845528455,5.669777559469511,1381207,37851,1343356,
B3,ports,drl,47,known,Fuzzers,2881,993,1888,34.46719888927456,65.53280111072543,2.556379363608279,34.46719888927456,4.759736369083283,1381207,37851,1343356,
B3,ports,drl,47,known,Generic,853,135,718,15.826494724501758,84.17350527549824,0.355394092560417,15.826494724501758,0.6951775277427328,1381207,37851,1343356,
B3,ports,drl,47,known,Infilteration,9186,451,8735,4.90964511212715,95.09035488787283,1.177484204480184,4.90964511212715,1.8994272237196763,1381207,37851,1343356,
B3,ports,drl,47,known,Reconnaissance,72925,40580,32345,55.64621186150154,44.35378813849846,51.73974576379238,55.64621186150154,53.62192446946271,1381207,37851,1343356,
B3,ports,drl,47,known,Worms,32,16,16,50.0,50.0,0.0422531491800248,50.0,0.0844349455130742,1381207,37851,1343356,
B3,ports,drl,47,known,injection,70150,68349,1801,97.43264433357092,2.567355666429083,64.35875706214689,97.43264433357092,77.51516869861071,1381207,37851,1343356,
B3,ports,drl,47,known,mitm,187,95,92,50.80213903743316,49.19786096256684,0.2503557687239761,50.80213903743316,0.4982561036372694,1381207,37851,1343356,
B3,ports,drl,47,known,password,23322,23242,80,99.656976245605,0.3430237543949888,38.04363838737663,99.656976245605,55.06604276491145,1381207,37851,1343356,
B3,ports,drl,47,known,scanning,3208,2818,390,87.8428927680798,12.157107231920197,6.9291106248002166,87.8428927680798,12.84499851858605,1381207,37851,1343356,
B3,ports,drl,47,known,xss,15004,14464,540,96.40095974406825,3.599040255931752,27.64790213131989,96.40095974406825,42.971523641171146,1381207,37851,1343356,
B3,ports,drl,47,zero_day,Backdoor,19029,7117,11912,37.400809291082034,62.59919070891797,15.826810176125244,37.400809291082034,22.241667578167725,1381207,37851,1343356,
B3,ports,drl,47,zero_day,Brute Force,291955,287597,4358,98.50730420784024,1.4926957921597483,88.36957056119564,98.50730420784024,93.16346049500892,1381207,37851,1343356,
B3,ports,drl,47,zero_day,Shellcode,1365,8,1357,0.5860805860805861,99.41391941391942,0.0211310388546976,0.5860805860805861,0.0407913522333265,1381207,37851,1343356,
B3,ports,drl,47,zero_day,Theft,1909,1096,813,57.4122577265584,42.5877422734416,2.814080673736103,57.4122577265584,5.365185040140982,1381207,37851,1343356,
B3,ports,drl,47,zero_day,ransomware,142,133,9,93.66197183098592,6.338028169014088,0.3501474304970514,93.66197183098592,0.6976866180559199,1381207,37851,1343356,
B3,ports,drl,48,known,Analysis,315,38,277,12.063492063492063,87.93650793650794,0.1280754971351533,12.063492063492063,0.2534600633650158,1381207,29632,1351575,
B3,ports,drl,48,known,Bot,2346,0,2346,0.0,100.0,0.0,0.0,0.0,1381207,29632,1351575,
B3,ports,drl,48,known,DDoS,114041,106199,7842,93.12352574951112,6.876474250488862,78.18465593273994,93.12352574951112,85.0027213933534,1381207,29632,1351575,
B3,ports,drl,48,known,DoS,52727,45026,7701,85.394579627136,14.605420372863998,60.30967880200381,85.394579627136,70.69278172469286,1381207,29632,1351575,
B3,ports,drl,48,known,Exploits,3690,1199,2491,32.49322493224932,67.50677506775068,3.88894294703383,32.49322493224932,6.946496335563861,1381207,29632,1351575,
B3,ports,drl,48,known,Fuzzers,2881,920,1961,31.93335647344672,68.06664352655328,3.011259492013616,31.93335647344672,5.50354440223731,1381207,29632,1351575,
B3,ports,drl,48,known,Generic,853,118,735,13.833528722157093,86.1664712778429,0.3966386554621849,13.833528722157093,0.7711662255334445,1381207,29632,1351575,
B3,ports,drl,48,known,Infilteration,9186,20,9166,0.2177226213803614,99.78227737861964,0.0674490759476595,0.2177226213803614,0.1029919151346619,1381207,29632,1351575,
B3,ports,drl,48,known,Reconnaissance,72925,4139,68786,5.675694206376415,94.32430579362358,12.256077699801606,5.675694206376415,7.758491414860913,1381207,29632,1351575,
B3,ports,drl,48,known,Worms,32,16,16,50.0,50.0,0.0539665407447382,50.0,0.1078167115902964,1381207,29632,1351575,
B3,ports,drl,48,known,injection,70150,68246,1904,97.28581610833928,2.7141838916607264,69.72557673838861,97.28581610833928,81.23169947865833,1381207,29632,1351575,
B3,ports,drl,48,known,mitm,187,93,94,49.73262032085562,50.26737967914438,0.3128679562657696,49.73262032085562,0.6218240171168762,1381207,29632,1351575,
B3,ports,drl,48,known,password,23322,23242,80,99.656976245605,0.3430237543949888,43.95733252638348,99.656976245605,61.00582707753688,1381207,29632,1351575,
B3,ports,drl,48,known,scanning,3208,2818,390,87.8428927680798,12.157107231920197,8.684129429892142,87.8428927680798,15.805709798642658,1381207,29632,1351575,
B3,ports,drl,48,known,xss,15004,14464,540,96.40095974406825,3.599040255931752,32.801161103047896,96.40095974406825,48.94754653130288,1381207,29632,1351575,
B3,ports,drl,48,zero_day,Backdoor,19029,3716,15313,19.52808870671081,80.4719112932892,11.143097037303589,19.52808870671081,14.189434293678527,1381207,29632,1351575,
B3,ports,drl,48,zero_day,Brute Force,291955,285439,6516,97.7681492010755,2.231850798924495,90.59513569957248,97.7681492010755,94.0450656149819,1381207,29632,1351575,
B3,ports,drl,48,zero_day,Shellcode,1365,3,1362,0.2197802197802197,99.78021978021978,0.0101231651763117,0.2197802197802197,0.0193548387096774,1381207,29632,1351575,
B3,ports,drl,48,zero_day,Theft,1909,5,1904,0.2619172341540073,99.738082765846,0.0168708033876573,0.2619172341540073,0.0316997400621314,1381207,29632,1351575,
B3,ports,drl,48,zero_day,ransomware,142,141,1,99.29577464788731,0.7042253521126751,0.4735834480905518,99.29577464788731,0.9426709008858432,1381207,29632,1351575,
B3,ports,drl,49,known,Analysis,315,38,277,12.063492063492063,87.93650793650794,0.1077616765448203,12.063492063492063,0.2136151554331328,1381207,35225,1345982,
B3,ports,drl,49,known,Bot,2346,0,2346,0.0,100.0,0.0,0.0,0.0,1381207,35225,1345982,
B3,ports,drl,49,known,DDoS,114041,107088,6953,93.90306994852727,6.096930051472715,75.24822047177699,93.90306994852727,83.54697020526304,1381207,35225,1345982,
B3,ports,drl,49,known,DoS,52727,46035,6692,87.30821021488042,12.691789785119578,56.65148904750185,87.30821021488042,68.71562166478839,1381207,35225,1345982,
B3,ports,drl,49,known,Exploits,3690,1137,2553,30.8130081300813,69.1869918699187,3.126890710081954,30.8130081300813,5.677619095176271,1381207,35225,1345982,
B3,ports,drl,49,known,Fuzzers,2881,887,1994,30.787920860812218,69.2120791391878,2.456247230837395,30.787920860812218,4.549534531839048,1381207,35225,1345982,
B3,ports,drl,49,known,Generic,853,119,734,13.95076201641266,86.04923798358735,0.3366908103214124,13.95076201641266,0.6575130535679752,1381207,35225,1345982,
B3,ports,drl,49,known,Infilteration,9186,431,8755,4.691922490746789,95.3080775092532,1.2087727170742653,4.691922490746789,1.9223049819365776,1381207,35225,1345982,
B3,ports,drl,49,known,Reconnaissance,72925,42242,30683,57.92526568392184,42.07473431607816,54.52902526236978,57.92526568392184,56.17586041810735,1381207,35225,1345982,
B3,ports,drl,49,known,Worms,32,16,16,50.0,50.0,0.0454016628359013,50.0,0.0907209480339069,1381207,35225,1345982,
B3,ports,drl,49,known,injection,70150,68358,1792,97.44547398431932,2.5545260156806804,65.99345452439107,97.44547398431932,78.69316710124157,1381207,35225,1345982,
B3,ports,drl,49,known,mitm,187,91,96,48.66310160427808,51.33689839572193,0.2576735757163891,48.66310160427808,0.5126327352618089,1381207,35225,1345982,
B3,ports,drl,49,known,password,23322,23241,81,99.65268844867508,0.3473115513249247,39.75130845277597,99.65268844867508,56.83229813664597,1381207,35225,1345982,
B3,ports,drl,49,known,scanning,3208,2818,390,87.8428927680798,12.157107231920197,7.4074074074074066,87.8428927680798,13.66269908608276,1381207,35225,1345982,
B3,ports,drl,49,known,xss,15004,14463,541,96.3942948547054,3.605705145294591,29.10763162131702,96.3942948547054,44.71341124095715,1381207,35225,1345982,
B3,ports,drl,49,zero_day,Backdoor,19029,4695,14334,24.67286772820432,75.32713227179568,11.761022044088175,24.67286772820432,15.929023393102511,1381207,35225,1345982,
B3,ports,drl,49,zero_day,Brute Force,291955,287597,4358,98.50730420784024,1.4926957921597483,89.08841404860883,98.50730420784024,93.5614051924519,1381207,35225,1345982,
B3,ports,drl,49,zero_day,Shellcode,1365,5,1360,0.3663003663003663,99.63369963369964,0.0141924496168038,0.3663003663003663,0.0273261374504713,1381207,35225,1345982,
B3,ports,drl,49,zero_day,Theft,1909,1080,829,56.574122577265584,43.425877422734416,2.974796859936648,56.574122577265584,5.6523787093735285,1381207,35225,1345982,
B3,ports,drl,49,zero_day,ransomware,142,133,9,93.66197183098592,6.338028169014088,0.3761524973131964,93.66197183098592,0.7492957746478873,1381207,35225,1345982,
B4,ports,drl,42,known,Analysis,315,47,268,14.92063492063492,85.07936507936508,0.0694280311982982,14.92063492063492,0.1382129361426828,1381207,67649,1313558,
B4,ports,drl,42,known,Bot,2346,0,2346,0.0,100.0,0.0,0.0,0.0,1381207,67649,1313558,
B4,ports,drl,42,known,DDoS,114041,106303,7738,93.21472102138704,6.785278978612952,61.110536239882265,93.21472102138704,73.82332209463425,1381207,67649,1313558,
B4,ports,drl,42,known,DoS,52727,45288,7439,85.89147874902801,14.108521250971984,40.10023287319479,85.89147874902801,54.67452192389415,1381207,67649,1313558,
B4,ports,drl,42,known,Exploits,3690,1650,2040,44.71544715447154,55.28455284552846,2.380986738625377,44.71544715447154,4.521229226321775,1381207,67649,1313558,
B4,ports,drl,42,known,Fuzzers,2881,1180,1701,40.9580006942034,59.0419993057966,1.714393642214764,40.9580006942034,3.2910333286849816,1381207,67649,1313558,
B4,ports,drl,42,known,Generic,853,199,654,23.329425556858148,76.67057444314185,0.293302676571159,23.329425556858148,0.5793219894906916,1381207,67649,1313558,
B4,ports,drl,42,known,Infilteration,9186,577,8609,6.281297626823427,93.71870237317658,0.845718640987307,6.281297626823427,1.4907249522037929,1381207,67649,1313558,
B4,ports,drl,42,known,Reconnaissance,72925,44740,28185,61.35070277682551,38.64929722317449,39.80816627961811,61.35070277682551,48.28561252792557,1381207,67649,1313558,
B4,ports,drl,42,known,Worms,32,19,13,59.375,40.625,0.0280782644676952,59.375,0.0561299852289512,1381207,67649,1313558,
B4,ports,drl,42,known,injection,70150,68365,1785,97.45545260156808,2.544547398431929,50.263208199155976,97.45545260156808,66.32098717525854,1381207,67649,1313558,
B4,ports,drl,42,known,mitm,187,99,88,52.94117647058824,47.05882352941176,0.1461297750487099,52.94117647058824,0.2914550673437844,1381207,67649,1313558,
B4,ports,drl,42,known,password,23322,23244,78,99.66555183946488,0.3344481605351168,25.57292640797421,99.66555183946488,40.70218447664492,1381207,67649,1313558,
B4,ports,drl,42,known,scanning,3208,2818,390,87.8428927680798,12.157107231920197,3.9990350092951306,87.8428927680798,7.649813369528334,1381207,67649,1313558,
B4,ports,drl,42,known,xss,15004,14466,538,96.41428952279392,3.5857104772060837,17.616756987152165,96.41428952279392,29.79025731319309,1381207,67649,1313558,
B4,ports,drl,42,zero_day,Backdoor,19029,7137,11892,37.50591202900836,62.49408797099165,9.543230016313212,37.50591202900836,15.21505089804402,1381207,67649,1313558,
B4,ports,drl,42,zero_day,Brute Force,291955,287597,4358,98.50730420784024,1.4926957921597483,80.9571395596291,98.50730420784024,88.87409012037992,1381207,67649,1313558,
B4,ports,drl,42,zero_day,Shellcode,1365,17,1348,1.2454212454212454,98.75457875457876,0.0251234002305441,1.2454212454212454,0.0492532340542654,1381207,67649,1313558,
B4,ports,drl,42,zero_day,Theft,1909,1109,800,58.093242535358826,41.90675746464117,1.6129032258064515,58.093242535358826,3.1386644402620743,1381207,67649,1313558,
B4,ports,drl,42,zero_day,ransomware,142,141,1,99.29577464788731,0.7042253521126751,0.2079952795397551,99.29577464788731,0.4151210033562974,1381207,67649,1313558,
B4,ports,drl,43,known,Analysis,315,47,268,14.92063492063492,85.07936507936508,0.0789332258497917,14.92063492063492,0.1570357005629896,1381207,59497,1321710,
B4,ports,drl,43,known,Bot,2346,0,2346,0.0,100.0,0.0,0.0,0.0,1381207,59497,1321710,
B4,ports,drl,43,known,DDoS,114041,107671,6370,94.41428959760088,5.585710402399135,64.40885815467074,94.41428959760088,76.57720769961132,1381207,59497,1321710,
B4,ports,drl,43,known,DoS,52727,46742,5985,88.64907921937527,11.35092078062473,43.997025574412405,88.64907921937527,58.80754375149403,1381207,59497,1321710,
B4,ports,drl,43,known,Exploits,3690,1817,1873,49.24119241192412,50.75880758807588,2.963434125974492,49.24119241192412,5.590425204602793,1381207,59497,1321710,
B4,ports,drl,43,known,Fuzzers,2881,1252,1629,43.45713293995141,56.54286706004859,2.0609392747205715,43.45713293995141,3.935250667923935,1381207,59497,1321710,
B4,ports,drl,43,known,Generic,853,210,643,24.6189917936694,75.3810082063306,0.3517175540556383,24.6189917936694,0.6935270805812417,1381207,59497,1321710,
B4,ports,drl,43,known,Infilteration,9186,496,8690,5.399521010232963,94.60047898976704,0.8267631223642758,5.399521010232963,1.4339611731883952,1381207,59497,1321710,
B4,ports,drl,43,known,Reconnaissance,72925,48169,24756,66.05279396640384,33.94720603359615,44.73928631137035,66.05279396640384,53.34595854721444,1381207,59497,1321710,
B4,ports,drl,43,known,Worms,32,19,13,59.375,40.625,0.0319241884535251,59.375,0.0638140659635924,1381207,59497,1321710,
B4,ports,drl,43,known,injection,70150,68366,1784,97.45687811831787,2.543121881682109,53.4681651455073,97.45687811831787,69.05203193729704,1381207,59497,1321710,
B4,ports,drl,43,known,mitm,187,99,88,52.94117647058824,47.05882352941176,0.1661185314450634,52.94117647058824,0.331197832159644,1381207,59497,1321710,
B4,ports,drl,43,known,password,23322,23244,78,99.66555183946488,0.3344481605351168,28.092481357489028,99.66555183946488,43.8305535389344,1381207,59497,1321710,
B4,ports,drl,43,known,scanning,3208,2818,390,87.8428927680798,12.157107231920197,4.522185669581963,87.8428927680798,8.601559757642354,1381207,59497,1321710,
B4,ports,drl,43,known,xss,15004,14466,538,96.41428952279392,3.5857104772060837,19.55842786257994,96.41428952279392,32.519923117560445,1381207,59497,1321710,
B4,ports,drl,43,zero_day,Backdoor,19029,13187,5842,69.29949025172105,30.700509748278947,18.142920037422268,69.29949025172105,28.75710095624393,1381207,59497,1321710,
B4,ports,drl,43,zero_day,Brute Force,291955,287597,4358,98.50730420784024,1.4926957921597483,82.85853399943531,98.50730420784024,90.00780847791015,1381207,59497,1321710,
B4,ports,drl,43,zero_day,Shellcode,1365,13,1352,0.9523809523809524,99.04761904761904,0.0218450680557889,0.9523809523809524,0.0427104722792607,1381207,59497,1321710,
B4,ports,drl,43,zero_day,Theft,1909,1121,788,58.72184389732844,41.27815610267156,1.8492856907189283,58.72184389732844,3.5856509987685325,1381207,59497,1321710,
B4,ports,drl,43,zero_day,ransomware,142,141,1,99.29577464788731,0.7042253521126751,0.2364264395184278,99.29577464788731,0.4717296754767481,1381207,59497,1321710,
B4,ports,drl,44,known,Analysis,315,38,277,12.063492063492063,87.93650793650794,0.0840856788812179,12.063492063492063,0.1670072736062584,1381207,45154,1336053,
B4,ports,drl,44,known,Bot,2346,0,2346,0.0,100.0,0.0,0.0,0.0,1381207,45154,1336053,
B4,ports,drl,44,known,DDoS,114041,107944,6097,94.6536771862751,5.346322813724891,70.50647297809246,94.6536771862751,80.81485668509652,1381207,45154,1336053,
B4,ports,drl,44,known,DoS,52727,46960,5767,89.06252963377396,10.937470366226032,50.98030701087782,89.06252963377396,64.8435180646364,1381207,45154,1336053,
B4,ports,drl,44,known,Exploits,3690,1484,2206,40.21680216802168,59.78319783197832,3.181954629272267,40.21680216802168,5.897313622635511,1381207,45154,1336053,
B4,ports,drl,44,known,Fuzzers,2881,1122,1759,38.944810829573065,61.055189170426935,2.424582937159651,38.944810829573065,4.564965315214517,1381207,45154,1336053,
B4,ports,drl,44,known,Generic,853,152,701,17.819460726846426,82.18053927315357,0.3354964022425286,17.819460726846426,0.658593123767846,1381207,45154,1336053,
B4,ports,drl,44,known,Infilteration,9186,131,9055,1.4260831700413674,98.57391682995863,0.2892790107099481,1.4260831700413674,0.4809898845257109,1381207,45154,1336053,
B4,ports,drl,44,known,Reconnaissance,72925,26995,45930,37.01748371614673,62.98251628385327,37.41562599620231,37.01748371614673,37.21549002577994,1381207,45154,1336053,
B4,ports,drl,44,known,Worms,32,17,15,53.125,46.875,0.0376347656682384,53.125,0.0752162467092892,1381207,45154,1336053,
B4,ports,drl,44,known,injection,70150,68363,1787,97.45260156806842,2.54739843193158,60.222697921897165,97.45260156806842,74.44233313551155,1381207,45154,1336053,
B4,ports,drl,44,known,mitm,187,99,88,52.94117647058824,47.05882352941176,0.2187700262965991,52.94117647058824,0.4357394366197183,1381207,45154,1336053,
B4,ports,drl,44,known,password,23322,23242,80,99.656976245605,0.3430237543949888,33.981519387098665,99.656976245605,50.68143657733488,1381207,45154,1336053,
B4,ports,drl,44,known,scanning,3208,2818,390,87.8428927680798,12.157107231920197,5.8742599849912445,87.8428927680798,11.012114107073074,1381207,45154,1336053,
B4,ports,drl,44,known,xss,15004,14465,539,96.40762463343108,3.592375366568912,24.26239957060669,96.40762463343108,38.76820819318441,1381207,45154,1336053,
B4,ports,drl,44,zero_day,Backdoor,19029,8145,10884,42.80309002049504,57.19690997950497,15.28171260248785,42.80309002049504,22.522397964826904,1381207,45154,1336053,
B4,ports,drl,44,zero_day,Brute Force,291955,287597,4358,98.50730420784024,1.4926957921597483,86.43009337312284,98.50730420784024,92.074351775075,1381207,45154,1336053,
B4,ports,drl,44,zero_day,Shellcode,1365,6,1359,0.4395604395604395,99.56043956043956,0.0132860938883968,0.4395604395604395,0.0257925846319183,1381207,45154,1336053,
B4,ports,drl,44,zero_day,Theft,1909,643,1266,33.68255631220534,66.31744368779466,1.4040220975173046,33.68255631220534,2.695677692533434,1381207,45154,1336053,
B4,ports,drl,44,zero_day,ransomware,142,141,1,99.29577464788731,0.7042253521126751,0.311292637156419,99.29577464788731,0.6206395668728129,1381207,45154,1336053,
B4,ports,drl,45,known,Analysis,315,36,279,11.428571428571429,88.57142857142857,0.1105006292396942,11.428571428571429,0.2188849030218276,1381207,32543,1348664,
B4,ports,drl,45,known,Bot,2346,0,2346,0.0,100.0,0.0,0.0,0.0,1381207,32543,1348664,
B4,ports,drl,45,known,DDoS,114041,105870,8171,92.83503301444216,7.164966985557831,76.48848012831164,92.83503301444216,83.87270552259024,1381207,32543,1348664,
B4,ports,drl,45,known,DoS,52727,45190,7537,85.70561571870199,14.294384281298012,58.13489766251142,85.70561571870199,69.2779395983443,1381207,32543,1348664,
B4,ports,drl,45,known,Exploits,3690,1181,2509,32.00542005420054,67.99457994579946,3.501957063219072,32.00542005420054,6.313144812102421,1381207,32543,1348664,
B4,ports,drl,45,known,Fuzzers,2881,958,1923,33.25234293648039,66.74765706351961,2.8596161308617654,33.25234293648039,5.266340498048486,1381207,32543,1348664,
B4,ports,drl,45,known,Generic,853,128,725,15.005861664712777,84.99413833528722,0.3917847632456919,15.005861664712777,0.7636320248180407,1381207,32543,1348664,
B4,ports,drl,45,known,Infilteration,9186,20,9166,0.2177226213803614,99.78227737861964,0.0614194023892147,0.2177226213803614,0.0958106781000742,1381207,32543,1348664,
B4,ports,drl,45,known,Reconnaissance,72925,4423,68502,6.065135413095646,93.93486458690435,11.965048963912784,6.065135413095646,8.049794796662146,1381207,32543,1348664,
B4,ports,drl,45,known,Worms,32,16,16,50.0,50.0,0.0491415584016708,50.0,0.098186615936915,1381207,32543,1348664,
B4,ports,drl,45,known,injection,70150,68116,2034,97.10049893086244,2.8995010691375667,67.67005434188697,97.10049893086244,79.75692147369284,1381207,32543,1348664,
B4,ports,drl,45,known,mitm,187,87,100,46.524064171122994,53.475935828877,0.2666258044744101,46.524064171122994,0.5302129993600878,1381207,32543,1348664,
B4,ports,drl,45,known,password,23322,23242,80,99.656976245605,0.3430237543949888,41.663529622658416,99.656976245605,58.76091875560948,1381207,32543,1348664,
B4,ports,drl,45,known,scanning,3208,2818,390,87.8428927680798,12.157107231920197,7.969231639376714,87.8428927680798,14.612771915268738,1381207,32543,1348664,
B4,ports,drl,45,known,xss,15004,14463,541,96.3942948547054,3.605705145294591,30.76841254307961,96.3942948547054,46.64731494920174,1381207,32543,1348664,
B4,ports,drl,45,zero_day,Backdoor,19029,7102,11927,37.32198223763729,62.6780177623627,17.91398663135326,37.32198223763729,24.20833759416437,1381207,32543,1348664,
B4,ports,drl,45,zero_day,Brute Force,291955,287597,4358,98.50730420784024,1.4926957921597483,89.83475979259075,98.50730420784024,93.97136065480032,1381207,32543,1348664,
B4,ports,drl,45,zero_day,Shellcode,1365,5,1360,0.3663003663003663,99.63369963369964,0.0153619270001228,0.3663003663003663,0.0294872172913042,1381207,32543,1348664,
B4,ports,drl,45,zero_day,Theft,1909,5,1904,0.2619172341540073,99.738082765846,0.0153619270001228,0.2619172341540073,0.0290216791943581,1381207,32543,1348664,
B4,ports,drl,45,zero_day,ransomware,142,134,8,94.3661971830986,5.633802816901412,0.4100743642317226,94.3661971830986,0.8166001401627105,1381207,32543,1348664,
B4,ports,drl,46,known,Analysis,315,37,278,11.746031746031743,88.25396825396825,0.0903739527612906,11.746031746031743,0.1793678495249175,1381207,40904,1340303,
B4,ports,drl,46,known,Bot,2346,0,2346,0.0,100.0,0.0,0.0,0.0,1381207,40904,1340303,
B4,ports,drl,46,known,DDoS,114041,107491,6550,94.25645162704642,5.7435483729535886,72.43572896660939,94.25645162704642,81.917877120517,1381207,40904,1340303,
B4,ports,drl,46,known,DoS,52727,46498,6229,88.18631820509417,11.81368179490584,53.20015560284662,88.18631820509417,66.36456408024036,1381207,40904,1340303,
B4,ports,drl,46,known,Exploits,3690,1302,2388,35.28455284552845,64.71544715447155,3.0848694498412548,35.28455284552845,5.6736970542095175,1381207,40904,1340303,
B4,ports,drl,46,known,Fuzzers,2881,1076,1805,37.34814300590073,62.65185699409928,2.5631252977608385,37.34814300590073,4.79703974499008,1381207,40904,1340303,
B4,ports,drl,46,known,Generic,853,140,713,16.412661195779602,83.5873388042204,0.341097358931878,16.412661195779602,0.6683056066066783,1381207,40904,1340303,
B4,ports,drl,46,known,Infilteration,9186,318,8868,3.4617896799477466,96.53821032005226,0.77143273009558,3.4617896799477466,1.2617044913505793,1381207,40904,1340303,
B4,ports,drl,46,known,Reconnaissance,72925,38689,34236,53.0531367843675,46.9468632156325,48.60854597766136,53.0531367843675,50.733683893048685,1381207,40904,1340303,
B4,ports,drl,46,known,Worms,32,16,16,50.0,50.0,0.0391006842619745,50.0,0.0781402617698769,1381207,40904,1340303,
B4,ports,drl,46,known,injection,70150,68362,1788,97.4511760513186,2.5488239486814,62.56475024252741,97.4511760513186,76.20502073393678,1381207,40904,1340303,
B4,ports,drl,46,known,mitm,187,98,89,52.406417112299465,47.593582887700535,0.2390127310862884,52.406417112299465,0.4758552040593362,1381207,40904,1340303,
B4,ports,drl,46,known,password,23322,23242,80,99.656976245605,0.3430237543949888,36.23296854051695,99.656976245605,53.14400695111355,1381207,40904,1340303,
B4,ports,drl,46,known,scanning,3208,2818,390,87.8428927680798,12.157107231920197,6.44526782855313,87.8428927680798,12.00937566588536,1381207,40904,1340303,
B4,ports,drl,46,known,xss,15004,14464,540,96.40095974406825,3.599040255931752,26.123392573327557,96.40095974406825,41.10725856874893,1381207,40904,1340303,
B4,ports,drl,46,zero_day,Backdoor,19029,7121,11908,37.4218298386673,62.5781701613327,14.827693909422177,37.4218298386673,21.239597935991885,1381207,40904,1340303,
B4,ports,drl,46,zero_day,Brute Force,291955,287597,4358,98.50730420784024,1.4926957921597483,87.54828752423889,98.50730420784024,92.70504274275694,1381207,40904,1340303,
B4,ports,drl,46,zero_day,Shellcode,1365,8,1357,0.5860805860805861,99.41391941391942,0.0195541650371529,0.5860805860805861,0.0378456371076471,1381207,40904,1340303,
B4,ports,drl,46,zero_day,Theft,1909,635,1274,33.26348873755893,66.73651126244107,1.5286838874310889,33.26348873755893,2.9230344319646475,1381207,40904,1340303,
B4,ports,drl,46,zero_day,ransomware,142,136,6,95.77464788732394,4.225352112676061,0.3313840155945419,95.77464788732394,0.6604827351755622,1381207,40904,1340303,
B4,ports,drl,47,known,Analysis,315,38,277,12.063492063492063,87.93650793650794,0.0727077912138374,12.063492063492063,0.1445443998554555,1381207,52226,1328981,
B4,ports,drl,47,known,Bot,2346,2345,1,99.95737425404944,0.042625745950553,4.297154166132195,99.95737425404944,8.24006887221744,1381207,52226,1328981,
B4,ports,drl,47,known,DDoS,114041,106280,7761,93.19455283626064,6.805447163739354,67.05108954866061,93.19455283626064,77.99021820089746,1381207,52226,1328981,
B4,ports,drl,47,known,DoS,52727,45220,7507,85.76251256472017,14.23748743527984,46.40518851466453,85.76251256472017,60.223875130682615,1381207,52226,1328981,
B4,ports,drl,47,known,Exploits,3690,1422,2268,38.53658536585366,61.46341463414634,2.650611392782583,38.53658536585366,4.960061390351949,1381207,52226,1328981,
B4,ports,drl,47,known,Fuzzers,2881,1089,1792,37.79937521693856,62.20062478306143,2.0425771358904625,37.79937521693856,3.875720691864189,1381207,52226,1328981,
B4,ports,drl,47,known,Generic,853,167,686,19.577960140679952,80.42203985932005,0.3187448704979673,19.577960140679952,0.6272771663599144,1381207,52226,1328981,
B4,ports,drl,47,known,Infilteration,9186,249,8937,2.7106466361854995,97.2893533638145,0.474511672224869,2.7106466361854995,0.8076417832990059,1381207,52226,1328981,
B4,ports,drl,47,known,Reconnaissance,72925,21483,51442,29.45903325334248,70.54096674665753,29.14569455561736,29.45903325334248,29.301526249028196,1381207,52226,1328981,
B4,ports,drl,47,known,Worms,32,17,15,53.125,46.875,0.0325402446260743,53.125,0.065040650406504,1381207,52226,1328981,
B4,ports,drl,47,known,injection,70150,68362,1788,97.4511760513186,2.5488239486814,56.69054964009685,97.4511760513186,71.68157367698099,1381207,52226,1328981,
B4,ports,drl,47,known,mitm,187,99,88,52.94117647058824,47.05882352941176,0.1892021022455805,52.94117647058824,0.3770566727605119,1381207,52226,1328981,
B4,ports,drl,47,known,password,23322,23242,80,99.656976245605,0.3430237543949888,30.797159060793977,99.656976245605,47.05334548031177,1381207,52226,1328981,
B4,ports,drl,47,known,scanning,3208,2818,390,87.8428927680798,12.157107231920197,5.119540731051522,87.8428927680798,9.67520428483142,1381207,52226,1328981,
B4,ports,drl,47,known,xss,15004,14464,540,96.40095974406825,3.599040255931752,21.68840905683011,96.40095974406825,35.41018924278405,1381207,52226,1328981,
B4,ports,drl,47,zero_day,Backdoor,19029,17150,1879,90.12559777182196,9.874402228178049,24.72036439114391,90.12559777182196,38.79871048017646,1381207,52226,1328981,
B4,ports,drl,47,zero_day,Brute Force,291955,287597,4358,98.50730420784024,1.4926957921597483,84.63141105810966,98.50730420784024,91.04368939722498,1381207,52226,1328981,
B4,ports,drl,47,zero_day,Shellcode,1365,16,1349,1.1721611721611722,98.82783882783885,0.0306266988247004,1.1721611721611722,0.0596936967187121,1381207,52226,1328981,
B4,ports,drl,47,zero_day,Theft,1909,5,1904,0.2619172341540073,99.738082765846,0.0095728590300779,0.2619172341540073,0.0184706316956039,1381207,52226,1328981,
B4,ports,drl,47,zero_day,ransomware,142,136,6,95.77464788732394,4.225352112676061,0.2597303387953096,95.77464788732394,0.5180557671796435,1381207,52226,1328981,
B4,ports,drl,48,known,Analysis,315,36,279,11.428571428571429,88.57142857142857,0.1063295625719939,11.428571428571429,0.2106988177455226,1381207,33821,1347386,
B4,ports,drl,48,known,Bot,2346,0,2346,0.0,100.0,0.0,0.0,0.0,1381207,33821,1347386,
B4,ports,drl,48,known,DDoS,114041,106251,7790,93.1691233854491,6.830876614550907,75.85456051173682,93.1691233854491,83.62500147572143,1381207,33821,1347386,
B4,ports,drl,48,known,DoS,52727,44805,7922,84.97543952813548,15.024560471864511,56.98496680487371,84.97543952813548,68.22074866961546,1381207,33821,1347386,
B4,ports,drl,48,known,Exploits,3690,1038,2652,28.13008130081301,71.869918699187,2.977710203964543,28.13008130081301,5.385353705673299,1381207,33821,1347386,
B4,ports,drl,48,known,Fuzzers,2881,977,1904,33.91183616799722,66.08816383200278,2.807632622564515,33.91183616799722,5.185912577297699,1381207,33821,1347386,
B4,ports,drl,48,known,Generic,853,102,751,11.957796014067997,88.042203985932,0.3006809539250656,11.957796014067997,0.5866114561766735,1381207,33821,1347386,
B4,ports,drl,48,known,Infilteration,9186,395,8791,4.300021772262138,95.69997822773786,1.1544306757072715,4.300021772262138,1.820192617851712,1381207,33821,1347386,
B4,ports,drl,48,known,Reconnaissance,72925,36187,36738,49.62221460404525,50.377785395954746,51.689806879213805,49.62221460404525,50.63491286127066,1381207,33821,1347386,
B4,ports,drl,48,known,Worms,32,16,16,50.0,50.0,0.0472855158554245,50.0,0.0944816794118515,1381207,33821,1347386,
B4,ports,drl,48,known,injection,70150,68360,1790,97.44832501781896,2.5516749821810403,66.9008915551815,97.44832501781896,79.33569700170021,1381207,33821,1347386,
B4,ports,drl,48,known,mitm,187,98,89,52.406417112299465,47.593582887700535,0.2889236121347917,52.406417112299465,0.5746789421216209,1381207,33821,1347386,
B4,ports,drl,48,known,password,23322,23241,81,99.65268844867508,0.3473115513249247,40.72938207563703,99.65268844867508,57.824940286624205,1381207,33821,1347386,
B4,ports,drl,48,known,scanning,3208,2818,390,87.8428927680798,12.157107231920197,7.691257949179836,87.8428927680798,14.14410118704043,1381207,33821,1347386,
B4,ports,drl,48,known,xss,15004,14463,541,96.3942948547054,3.605705145294591,29.95402203628531,96.3942948547054,45.70534698521045,1381207,33821,1347386,
B4,ports,drl,48,zero_day,Backdoor,19029,2752,16277,14.462136738662045,85.53786326133796,7.524676674049162,14.462136738662045,9.898924499118737,1381207,33821,1347386,
B4,ports,drl,48,zero_day,Brute Force,291955,283151,8804,96.9844667842647,3.0155332157353,89.32997236348952,96.9844667842647,92.99998193543726,1381207,33821,1347386,
B4,ports,drl,48,zero_day,Shellcode,1365,4,1361,0.293040293040293,99.70695970695972,0.0118255728011825,0.293040293040293,0.0227337311736288,1381207,33821,1347386,
B4,ports,drl,48,zero_day,Theft,1909,616,1293,32.268203247773705,67.73179675222629,1.7887737027034876,32.268203247773705,3.3896439773290044,1381207,33821,1347386,
B4,ports,drl,48,zero_day,ransomware,142,133,9,93.66197183098592,6.338028169014088,0.3917064263415208,93.66197183098592,0.7801501642421398,1381207,33821,1347386,
B4,ports,drl,49,known,Analysis,315,22,293,6.984126984126984,93.015873015873,0.0748936170212765,6.984126984126984,0.1481980464802964,1381207,29353,1351854,
B4,ports,drl,49,known,Bot,2346,0,2346,0.0,100.0,0.0,0.0,0.0,1381207,29353,1351854,
B4,ports,drl,49,known,DDoS,114041,99205,14836,86.99064371585658,13.009356284143426,77.16750416154576,86.99064371585658,81.78516811693369,1381207,29353,1351854,
B4,ports,drl,49,known,DoS,52727,36002,16725,68.28000834487075,31.71999165512925,55.0868334480912,68.28000834487075,60.97796446537153,1381207,29353,1351854,
B4,ports,drl,49,known,Exploits,3690,922,2768,24.986449864498645,75.01355013550135,3.04541701073493,24.986449864498645,5.429118209921978,1381207,29353,1351854,
B4,ports,drl,49,known,Fuzzers,2881,658,2223,22.83929191253037,77.16070808746963,2.192529405884509,22.83929191253037,4.000972880943694,1381207,29353,1351854,
B4,ports,drl,49,known,Generic,853,88,765,10.316529894490037,89.68347010550997,0.2989028905268163,10.316529894490037,0.5809731299927379,1381207,29353,1351854,
B4,ports,drl,49,known,Infilteration,9186,316,8870,3.4400174178097105,96.55998258219029,1.0650847686137046,3.4400174178097105,1.6265602882511905,1381207,29353,1351854,
B4,ports,drl,49,known,Reconnaissance,72925,31749,41176,43.53651011312993,56.46348988687007,51.96065595234198,43.53651011312993,47.37702104799779,1381207,29353,1351854,
B4,ports,drl,49,known,Worms,32,15,17,46.875,53.125,0.0510760010896213,46.875,0.1020408163265306,1381207,29353,1351854,
B4,ports,drl,49,known,injection,70150,64559,5591,92.02993585174626,7.970064148253741,68.74414345344579,92.02993585174626,78.70073508795457,1381207,29353,1351854,
B4,ports,drl,49,known,mitm,187,93,94,49.73262032085562,50.26737967914438,0.3158323711200163,49.73262032085562,0.6276786015590727,1381207,29353,1351854,
B4,ports,drl,49,known,password,23322,22617,705,96.97710316439412,3.0228968356058705,43.51933807966134,96.97710316439412,60.078095946448485,1381207,29353,1351854,
B4,ports,drl,49,known,scanning,3208,2771,437,86.37780548628429,13.622194513715712,8.625949445897149,86.37780548628429,15.685497565945886,1381207,29353,1351854,
B4,ports,drl,49,known,xss,15004,14117,887,94.08824313516396,5.911756864836049,32.475270301357256,94.08824313516396,48.28470773335157,1381207,29353,1351854,
B4,ports,drl,49,zero_day,Backdoor,19029,4387,14642,23.054285564138947,76.94571443586106,13.002371072910494,23.054285564138947,16.627186416267126,1381207,29353,1351854,
B4,ports,drl,49,zero_day,Brute Force,291955,195218,96737,66.86578411056499,33.13421588943501,86.92930075566302,66.86578411056499,75.58883773517694,1381207,29353,1351854,
B4,ports,drl,49,zero_day,Shellcode,1365,3,1362,0.2197802197802197,99.78021978021978,0.0102193759367761,0.2197802197802197,0.0195306142378177,1381207,29353,1351854,
B4,ports,drl,49,zero_day,Theft,1909,617,1292,32.3205866946045,67.6794133053955,2.0587253920587254,32.3205866946045,3.870886790677249,1381207,29353,1351854,
B4,ports,drl,49,zero_day,ransomware,142,133,9,93.66197183098592,6.338028169014088,0.4510615207216984,93.66197183098592,0.897799378965843,1381207,29353,1351854,
B5,ports,drl,42,known,Analysis,315,47,268,14.92063492063492,85.07936507936508,0.0763557201806543,14.92063492063492,0.1519339249058494,1381207,61507,1319700,
B5,ports,drl,42,known,Bot,2346,0,2346,0.0,100.0,0.0,0.0,0.0,1381207,61507,1319700,
B5,ports,drl,42,known,DDoS,114041,106282,7759,93.19630659148903,6.803693408510969,63.342650590920734,93.19630659148903,75.42277259340737,1381207,61507,1319700,
B5,ports,drl,42,known,DoS,52727,45291,7436,85.89716843362983,14.102831566370169,42.40809752991629,85.89716843362983,56.7823225199812,1381207,61507,1319700,
B5,ports,drl,42,known,Exploits,3690,1857,1833,50.32520325203252,49.67479674796748,2.930686194053406,50.32520325203252,5.538819458943538,1381207,61507,1319700,
B5,ports,drl,42,known,Fuzzers,2881,1290,1591,44.776119402985074,55.223880597014926,2.0542382597894804,44.776119402985074,3.928256037029142,1381207,61507,1319700,
B5,ports,drl,42,known,Generic,853,247,606,28.95662368112544,71.04337631887456,0.399974090747158,28.95662368112544,0.7890491478588656,1381207,61507,1319700,
B5,ports,drl,42,known,Infilteration,9186,21,9165,0.2286087524493794,99.77139124755062,0.0341308022363801,0.2286087524493794,0.0593941793704217,1381207,61507,1319700,
B5,ports,drl,42,known,Reconnaissance,72925,4859,68066,6.663009941720946,93.33699005827906,7.32152005545008,6.663009941720946,6.976760881894739,1381207,61507,1319700,
B5,ports,drl,42,known,Worms,32,19,13,59.375,40.625,0.0308812534538244,59.375,0.0617304005978101,1381207,61507,1319700,
B5,ports,drl,42,known,injection,70150,68368,1782,97.45972915181753,2.5402708481824687,52.64138594802695,97.45972915181753,68.35945506811647,1381207,61507,1319700,
B5,ports,drl,42,known,mitm,187,101,86,54.01069518716578,45.98930481283422,0.1639397480846643,54.01069518716578,0.3268872886155838,1381207,61507,1319700,
B5,ports,drl,42,known,password,23322,23245,77,99.6698396363948,0.3301603636051808,27.4270813668114,99.6698396363948,43.0168218072802,1381207,61507,1319700,
B5,ports,drl,42,known,scanning,3208,2818,390,87.8428927680798,12.157107231920197,4.38087835211815,87.8428927680798,8.345549583166747,1381207,61507,1319700,
B5,ports,drl,42,known,xss,15004,14466,538,96.41428952279392,3.5857104772060837,19.04097508325326,96.41428952279392,31.80144432109214,1381207,61507,1319700,
B5,ports,drl,42,zero_day,Backdoor,19029,17159,1870,90.1728940038888,9.827105996111197,21.812472987059213,90.1728940038888,35.127693331286146,1381207,61507,1319700,
B5,ports,drl,42,zero_day,Brute Force,291955,287597,4358,98.50730420784024,1.4926957921597483,82.38146798661717,98.50730420784024,89.72559468005285,1381207,61507,1319700,
B5,ports,drl,42,zero_day,Shellcode,1365,10,1355,0.7326007326007326,99.26739926739928,0.0162556691646211,0.7326007326007326,0.0318056041474507,1381207,61507,1319700,
B5,ports,drl,42,zero_day,Theft,1909,5,1904,0.2619172341540073,99.738082765846,0.0081284952529587,0.2619172341540073,0.0157676479399567,1381207,61507,1319700,
B5,ports,drl,42,zero_day,ransomware,142,141,1,99.29577464788731,0.7042253521126751,0.2287178821697378,99.29577464788731,0.4563845282408156,1381207,61507,1319700,
B5,ports,drl,43,known,Analysis,315,38,277,12.063492063492063,87.93650793650794,0.077684193310982,12.063492063492063,0.1543742763705795,1381207,48878,1332329,
B5,ports,drl,43,known,Bot,2346,0,2346,0.0,100.0,0.0,0.0,0.0,1381207,48878,1332329,
B5,ports,drl,43,known,DDoS,114041,79119,34922,69.37767995720837,30.62232004279163,61.81316749611319,69.37767995720837,65.37733744288087,1381207,48878,1332329,
B5,ports,drl,43,known,DoS,52727,45184,7543,85.69423634949837,14.305763650501635,48.03640152240012,85.69423634949837,61.56319615230024,1381207,48878,1332329,
B5,ports,drl,43,known,Exploits,3690,1639,2051,44.41734417344173,55.58265582655826,3.244452362571016,44.41734417344173,6.047189477373772,1381207,48878,1332329,
B5,ports,drl,43,known,Fuzzers,2881,907,1974,31.482124262408885,68.51787573759111,1.821833885708547,31.482124262408885,3.444347396802492,1381207,48878,1332329,
B5,ports,drl,43,known,Generic,853,194,659,22.743259085580306,77.2567409144197,0.3953374633192045,22.743259085580306,0.7771657486229345,1381207,48878,1332329,
B5,ports,drl,43,known,Infilteration,9186,3,9183,0.0326583932070542,99.96734160679294,0.0061373539821198,0.0326583932070542,0.0103328913152048,1381207,48878,1332329,
B5,ports,drl,43,known,Reconnaissance,72925,4596,68329,6.302365443949263,93.69763455605072,8.59483113288701,6.302365443949263,7.272209432036646,1381207,48878,1332329,
B5,ports,drl,43,known,Worms,32,16,16,50.0,50.0,0.032723851597333,50.0,0.0654048971916772,1381207,48878,1332329,
B5,ports,drl,43,known,injection,70150,61087,9063,87.08054169636493,12.919458303635068,55.55131178102123,87.08054169636493,67.831107903284,1381207,48878,1332329,
B5,ports,drl,43,known,mitm,187,11,176,5.88235294117647,94.11764705882352,0.0224999488637525,5.88235294117647,0.0448284293748471,1381207,48878,1332329,
B5,ports,drl,43,known,password,23322,23243,79,99.66126404253497,0.3387359574650528,32.227783863229845,99.66126404253497,48.70551009503053,1381207,48878,1332329,
B5,ports,drl,43,known,scanning,3208,2818,390,87.8428927680798,12.157107231920197,5.451098731043021,87.8428927680798,10.26519015008014,1381207,48878,1332329,
B5,ports,drl,43,known,xss,15004,14443,561,96.26099706744868,3.739002932551316,22.80917862952259,96.26099706744868,36.87966804979253,1381207,48878,1332329,
B5,ports,drl,43,zero_day,Backdoor,19029,7069,11960,37.148562720058855,62.85143727994114,12.63517257404329,37.148562720058855,18.856700810926164,1381207,48878,1332329,
B5,ports,drl,43,zero_day,Brute Force,291955,287597,4358,98.50730420784024,1.4926957921597483,85.47351214800504,98.50730420784024,91.52873032796012,1381207,48878,1332329,
B5,ports,drl,43,zero_day,Shellcode,1365,20,1345,1.465201465201465,98.53479853479854,0.0409014683627142,1.465201465201465,0.0795814018263931,1381207,48878,1332329,
B5,ports,drl,43,zero_day,Theft,1909,5,1904,0.2619172341540073,99.738082765846,0.0102285047971687,0.2619172341540073,0.0196881398645455,1381207,48878,1332329,
B5,ports,drl,43,zero_day,ransomware,142,95,47,66.90140845070422,33.098591549295776,0.1939844404059379,66.90140845070422,0.3868471953578337,1381207,48878,1332329,
B5,ports,drl,44,known,Analysis,315,44,271,13.968253968253968,86.03174603174604,0.0540799646022049,13.968253968253968,0.1077427885792644,1381207,81317,1299890,
B5,ports,drl,44,known,Bot,2346,0,2346,0.0,100.0,0.0,0.0,0.0,1381207,81317,1299890,
B5,ports,drl,44,known,DDoS,114041,107307,6734,94.0951061460352,5.904893853964799,56.88936720671812,94.0951061460352,70.90809971420548,1381207,81317,1299890,
B5,ports,drl,44,known,DoS,52727,46376,6351,87.95493769795361,12.045062302046396,36.31835731011097,87.95493769795361,51.408934707903775,1381207,81317,1299890,
B5,ports,drl,44,known,Exploits,3690,1893,1797,51.300813008130085,48.69918699186992,2.2749669510876096,51.300813008130085,4.356731875719217,1381207,81317,1299890,
B5,ports,drl,44,known,Fuzzers,2881,1148,1733,39.84727525164873,60.15272474835128,1.3921057418298672,39.84727525164873,2.6902256696271643,1381207,81317,1299890,
B5,ports,drl,44,known,Generic,853,222,631,26.025791324736225,73.97420867526378,0.2722623529844614,26.025791324736225,0.538887270608797,1381207,81317,1299890,
B5,ports,drl,44,known,Infilteration,9186,140,9046,1.52405834966253,98.47594165033748,0.1718698208870938,1.52405834966253,0.3089041624835895,1381207,81317,1299890,
B5,ports,drl,44,known,Reconnaissance,72925,22182,50743,30.417552279739457,69.58244772026055,21.43209113131528,30.417552279739457,25.146238606992245,1381207,81317,1299890,
B5,ports,drl,44,known,Worms,32,17,15,53.125,46.875,0.0209014680207539,53.125,0.0417864955878376,1381207,81317,1299890,
B5,ports,drl,44,known,injection,70150,68368,1782,97.45972915181753,2.5402708481824687,45.67458329157898,97.45972915181753,62.19937680533128,1381207,81317,1299890,
B5,ports,drl,44,known,mitm,187,100,87,53.475935828877006,46.524064171122994,0.1228244715477111,53.475935828877006,0.2450860251948434,1381207,81317,1299890,
B5,ports,drl,44,known,password,23322,23248,74,99.68270302718464,0.3172969728153729,22.23306077559413,99.68270302718464,36.357096499253245,1381207,81317,1299890,
B5,ports,drl,44,known,scanning,3208,2818,390,87.8428927680798,12.157107231920197,3.349378974267546,87.8428927680798,6.452720882039774,1381207,81317,1299890,
B5,ports,drl,44,known,xss,15004,14469,535,96.43428419088244,3.5657158091175645,15.105547783600946,96.43428419088244,26.119685892228546,1381207,81317,1299890,
B5,ports,drl,44,zero_day,Backdoor,19029,7158,11871,37.616269903831,62.383730096169,8.09042102288782,37.616269903831,13.316713796695936,1381207,81317,1299890,
B5,ports,drl,44,zero_day,Brute Force,291955,287597,4358,98.50730420784024,1.4926957921597483,77.95773540716807,98.50730420784024,87.03600864921792,1381207,81317,1299890,
B5,ports,drl,44,zero_day,Shellcode,1365,32,1333,2.3443223443223444,97.65567765567764,0.0393366851467135,2.3443223443223444,0.07737505138187,1381207,81317,1299890,
B5,ports,drl,44,zero_day,Theft,1909,636,1273,33.31587218438973,66.68412781561027,0.7760545678620673,33.31587218438973,1.5167775631394431,1381207,81317,1299890,
B5,ports,drl,44,zero_day,ransomware,142,142,0,100.0,0.0,0.1743208239727961,100.0,0.3480349505520765,1381207,81317,1299890,
B5,ports,drl,45,known,Analysis,315,37,278,11.746031746031743,88.25396825396825,0.077511260081701,11.746031746031743,0.1540062434963579,1381207,47698,1333509,
B5,ports,drl,45,known,Bot,2346,0,2346,0.0,100.0,0.0,0.0,0.0,1381207,47698,1333509,
B5,ports,drl,45,known,DDoS,114041,104111,9930,91.29260529107952,8.707394708920479,68.58025545257527,91.29260529107952,78.32311453827346,1381207,47698,1333509,
B5,ports,drl,45,known,DoS,52727,45038,7689,85.41733836554327,14.582661634456729,48.565821256038646,85.41733836554327,61.92365068780378,1381207,47698,1333509,
B5,ports,drl,45,known,Exploits,3690,1467,2223,39.75609756097561,60.24390243902439,2.9838299603376384,39.75609756097561,5.551035852804844,1381207,47698,1333509,
B5,ports,drl,45,known,Fuzzers,2881,1046,1835,36.30683790350573,63.69316209649427,2.145905137042508,36.30683790350573,4.052300242130751,1381207,47698,1333509,
B5,ports,drl,45,known,Generic,853,171,682,20.046893317702228,79.95310668229777,0.3572249263615283,20.046893317702228,0.7019416280119863,1381207,47698,1333509,
B5,ports,drl,45,known,Infilteration,9186,20,9166,0.2177226213803614,99.78227737861964,0.0419129049834444,0.2177226213803614,0.0702938282018838,1381207,47698,1333509,
B5,ports,drl,45,known,Reconnaissance,72925,4510,68415,6.184436064449777,93.81556393555024,8.638522831749922,6.184436064449777,7.208330336521939,1381207,47698,1333509,
B5,ports,drl,45,known,Worms,32,16,16,50.0,50.0,0.0335331349289516,50.0,0.0670213211577933,1381207,47698,1333509,
B5,ports,drl,45,known,injection,70150,68098,2052,97.07483962936566,2.92516037063435,58.808594424677885,97.07483962936566,73.24492056833705,1381207,47698,1333509,
B5,ports,drl,45,known,mitm,187,94,93,50.26737967914438,49.73262032085562,0.1966856377636424,50.26737967914438,0.3918380958335939,1381207,47698,1333509,
B5,ports,drl,45,known,password,23322,23246,76,99.67412743332476,0.3258725666752449,32.76668921966622,99.67412743332476,49.320009335285256,1381207,47698,1333509,
B5,ports,drl,45,known,scanning,3208,2818,390,87.8428927680798,12.157107231920197,5.578430596246734,87.8428927680798,10.4906559452014,1381207,47698,1333509,
B5,ports,drl,45,known,xss,15004,14466,538,96.41428952279392,3.5857104772060837,23.27070330094589,96.41428952279392,37.4922247563757,1381207,47698,1333509,
B5,ports,drl,45,zero_day,Backdoor,19029,7122,11907,37.42708497556361,62.572915024436384,12.991608901860635,37.42708497556361,19.288006608078646,1381207,47698,1333509,
B5,ports,drl,45,zero_day,Brute Force,291955,287597,4358,98.50730420784024,1.4926957921597483,85.77431813775928,98.50730420784024,91.70091669988042,1381207,47698,1333509,
B5,ports,drl,45,zero_day,Shellcode,1365,12,1353,0.8791208791208791,99.12087912087912,0.0251519597568643,0.8791208791208791,0.0489047376464595,1381207,47698,1333509,
B5,ports,drl,45,zero_day,Theft,1909,6,1903,0.3143006809848088,99.6856993190152,0.0125775616300519,0.3143006809848088,0.0241872089976417,1381207,47698,1333509,
B5,ports,drl,45,zero_day,ransomware,142,141,1,99.29577464788731,0.7042253521126751,0.294738602395535,99.29577464788731,0.5877326441716512,1381207,47698,1333509,
B5,ports,drl,46,known,Analysis,315,36,279,11.428571428571429,88.57142857142857,0.0582006305068304,11.428571428571429,0.1158114846388933,1381207,61819,1319388,
B5,ports,drl,46,known,Bot,2346,0,2346,0.0,100.0,0.0,0.0,0.0,1381207,61819,1319388,
B5,ports,drl,46,known,DDoS,114041,107865,6176,94.584403854754,5.415596145246004,63.568161995238206,94.584403854754,76.03489294210944,1381207,61819,1319388,
B5,ports,drl,46,known,DoS,52727,46881,5846,88.91270127259278,11.087298727407212,43.12879484820607,88.91270127259278,58.08322027913546,1381207,61819,1319388,
B5,ports,drl,46,known,Exploits,3690,1462,2228,39.62059620596206,60.37940379403794,2.3103301148844047,39.62059620596206,4.366068895492078,1381207,61819,1319388,
B5,ports,drl,46,known,Fuzzers,2881,1138,1743,39.5001735508504,60.4998264491496,1.8075829534444143,39.5001735508504,3.456970138825602,1381207,61819,1319388,
B5,ports,drl,46,known,Generic,853,170,683,19.929660023446655,80.07033997655334,0.2742422042620465,19.929660023446655,0.5410394322268547,1381207,61819,1319388,
B5,ports,drl,46,known,Infilteration,9186,163,9023,1.7744393642499456,98.22556063575006,0.2629795747152399,1.7744393642499456,0.4580710431654676,1381207,61819,1319388,
B5,ports,drl,46,known,Reconnaissance,72925,22039,50886,30.2214604045252,69.7785395954748,26.281332729137358,30.2214604045252,28.114017463628063,1381207,61819,1319388,
B5,ports,drl,46,known,Worms,32,16,16,50.0,50.0,0.0258753133338724,50.0,0.051723859246448,1381207,61819,1319388,
B5,ports,drl,46,known,injection,70150,68366,1784,97.45687811831787,2.543121881682109,52.51449859814878,97.45687811831787,68.25167843861531,1381207,61819,1319388,
B5,ports,drl,46,known,mitm,187,100,87,53.475935828877006,46.524064171122994,0.1615013162357273,53.475935828877006,0.3220300776092487,1381207,61819,1319388,
B5,ports,drl,46,known,password,23322,23244,78,99.66555183946488,0.3344481605351168,27.32562923950484,99.66555183946488,42.89154403284588,1381207,61819,1319388,
B5,ports,drl,46,known,scanning,3208,2818,390,87.8428927680798,12.157107231920197,4.359732042019277,87.8428927680798,8.307170756872283,1381207,61819,1319388,
B5,ports,drl,46,known,xss,15004,14465,539,96.40762463343108,3.592375366568912,18.96203660007341,96.40762463343108,31.69091227762685,1381207,61819,1319388,
B5,ports,drl,46,zero_day,Backdoor,19029,17146,1883,90.10457722423668,9.895422775763308,21.713417336794784,90.10457722423668,34.99397922321775,1381207,61819,1319388,
B5,ports,drl,46,zero_day,Brute Force,291955,287597,4358,98.50730420784024,1.4926957921597483,82.30790805229297,98.50730420784024,89.68194695425893,1381207,61819,1319388,
B5,ports,drl,46,zero_day,Shellcode,1365,10,1355,0.7326007326007326,99.26739926739928,0.0161736402012,0.7326007326007326,0.0316485742317308,1381207,61819,1319388,
B5,ports,drl,46,zero_day,Theft,1909,945,964,49.50235725510738,50.497642744892616,1.505640175897011,49.50235725510738,2.9223941985063315,1381207,61819,1319388,
B5,ports,drl,46,zero_day,ransomware,142,141,1,99.29577464788731,0.7042253521126751,0.2275661717236927,99.29577464788731,0.4540916556632636,1381207,61819,1319388,
B5,ports,drl,47,known,Analysis,315,45,270,14.285714285714285,85.71428571428572,0.0986409469530907,14.285714285714285,0.1959290301513007,1381207,45575,1335632,
B5,ports,drl,47,known,Bot,2346,0,2346,0.0,100.0,0.0,0.0,0.0,1381207,45575,1335632,
B5,ports,drl,47,known,DDoS,114041,106274,7767,93.18929157057548,6.810708429424506,69.9866314562493,93.18929157057548,79.9383203580428,1381207,45575,1335632,
B5,ports,drl,47,known,DoS,52727,45255,7472,85.82889221840803,14.171107781591974,49.8238467466696,85.82889221840803,63.04812722472607,1381207,45575,1335632,
B5,ports,drl,47,known,Exploits,3690,1638,2052,44.39024390243903,55.60975609756098,3.4693834325291766,44.39024390243903,6.435769993909986,1381207,45575,1335632,
B5,ports,drl,47,known,Fuzzers,2881,1180,1701,40.9580006942034,59.0419993057966,2.523794246604641,40.9580006942034,4.754613586912725,1381207,45575,1335632,
B5,ports,drl,47,known,Generic,853,173,680,20.281359906213364,79.71864009378665,0.3781586080265804,20.281359906213364,0.7424733374820283,1381207,45575,1335632,
B5,ports,drl,47,known,Infilteration,9186,21,9165,0.2286087524493794,99.77139124755062,0.0460566716378629,0.2286087524493794,0.0766675185279836,1381207,45575,1335632,
B5,ports,drl,47,known,Reconnaissance,72925,4286,68639,5.877271169009256,94.12272883099074,8.595896592527225,5.877271169009256,6.981251934259607,1381207,45575,1335632,
B5,ports,drl,47,known,Worms,32,17,15,53.125,46.875,0.0372872433760308,53.125,0.0745221813080834,1381207,45575,1335632,
B5,ports,drl,47,known,injection,70150,68364,1786,97.45402708481824,2.545972915181749,60.00052659756536,97.45402708481824,74.27277023613577,1381207,45575,1335632,
B5,ports,drl,47,known,mitm,187,99,88,52.94117647058824,47.05882352941176,0.2167535140342427,52.94117647058824,0.4317393864067508,1381207,45575,1335632,
B5,ports,drl,47,known,password,23322,23242,80,99.656976245605,0.3430237543949888,33.77363151546856,99.656976245605,50.44986379274791,1381207,45575,1335632,
B5,ports,drl,47,known,scanning,3208,2818,390,87.8428927680798,12.157107231920197,5.823156241605191,87.8428927680798,10.922268948276196,1381207,45575,1335632,
B5,ports,drl,47,known,xss,15004,14465,539,96.40762463343108,3.592375366568912,24.092271818787477,96.40762463343108,38.55071691274452,1381207,45575,1335632,
B5,ports,drl,47,zero_day,Backdoor,19029,17147,1882,90.109832361133,9.890167638866998,27.338095086253627,90.109832361133,41.94933395310149,1381207,45575,1335632,
B5,ports,drl,47,zero_day,Brute Force,291955,287597,4358,98.50730420784024,1.4926957921597483,86.3208793055839,98.50730420784024,92.01234309188374,1381207,45575,1335632,
B5,ports,drl,47,zero_day,Shellcode,1365,6,1359,0.4395604395604395,99.56043956043956,0.0131633794782913,0.4395604395604395,0.0255612831764154,1381207,45575,1335632,
B5,ports,drl,47,zero_day,Theft,1909,5,1904,0.2619172341540073,99.738082765846,0.0109697235629662,0.2619172341540073,0.0210575080544968,1381207,45575,1335632,
B5,ports,drl,47,zero_day,ransomware,142,141,1,99.29577464788731,0.7042253521126751,0.308425934027474,99.29577464788731,0.6149417767892189,1381207,45575,1335632,
B5,ports,drl,48,known,Analysis,315,45,270,14.285714285714285,85.71428571428572,0.0865068532651531,14.285714285714285,0.1719723315626552,1381207,51974,1329233,
B5,ports,drl,48,known,Bot,2346,0,2346,0.0,100.0,0.0,0.0,0.0,1381207,51974,1329233,
B5,ports,drl,48,known,DDoS,114041,106280,7761,93.19455283626064,6.805447163739354,67.15786014887459,93.19455283626064,78.06239556363502,1381207,51974,1329233,
B5,ports,drl,48,known,DoS,52727,45264,7463,85.84596127221347,14.154038727786524,46.54970279108991,85.84596127221347,60.36608541993132,1381207,51974,1329233,
B5,ports,drl,48,known,Exploits,3690,1702,1988,46.12466124661246,53.87533875338754,3.170877114539086,46.12466124661246,5.933828400097619,1381207,51974,1329233,
B5,ports,drl,48,known,Fuzzers,2881,1205,1676,41.82575494619923,58.17424505380077,2.26593204084319,41.82575494619923,4.298965394220478,1381207,51974,1329233,
B5,ports,drl,48,known,Generic,853,195,658,22.860492379835872,77.13950762016412,0.373785198106155,22.860492379835872,0.7355437365621817,1381207,51974,1329233,
B5,ports,drl,48,known,Infilteration,9186,295,8891,3.211408665360331,96.78859133463968,0.5643880694101666,3.211408665360331,0.9600520706207794,1381207,51974,1329233,
B5,ports,drl,48,known,Reconnaissance,72925,26388,46537,36.185121700377096,63.8148782996229,33.67448508205508,36.185121700377096,34.88468936524619,1381207,51974,1329233,
B5,ports,drl,48,known,Worms,32,17,15,53.125,46.875,0.0326979669558192,53.125,0.0653557080522076,1381207,51974,1329233,
B5,ports,drl,48,known,injection,70150,68364,1786,97.45402708481824,2.545972915181749,56.80998520832987,97.45402708481824,71.77774977951367,1381207,51974,1329233,
B5,ports,drl,48,known,mitm,187,99,88,52.94117647058824,47.05882352941176,0.1901177193555201,52.94117647058824,0.3788748564867968,1381207,51974,1329233,
B5,ports,drl,48,known,password,23322,23243,79,99.66126404253497,0.3387359574650528,30.90125902389088,99.66126404253497,47.17523011193537,1381207,51974,1329233,
B5,ports,drl,48,known,scanning,3208,2818,390,87.8428927680798,12.157107231920197,5.143086581982772,87.8428927680798,9.717241379310346,1381207,51974,1329233,
B5,ports,drl,48,known,xss,15004,14466,538,96.41428952279392,3.5857104772060837,21.7730282962071,96.41428952279392,35.523795491380575,1381207,51974,1329233,
B5,ports,drl,48,zero_day,Backdoor,19029,7133,11896,37.48489148142309,62.51510851857691,12.067944575092628,37.48489148142309,18.25790928637248,1381207,51974,1329233,
B5,ports,drl,48,zero_day,Brute Force,291955,287597,4358,98.50730420784024,1.4926957921597483,84.69421711512467,98.50730420784024,91.08001887491568,1381207,51974,1329233,
B5,ports,drl,48,zero_day,Shellcode,1365,8,1357,0.5860805860805861,99.41391941391942,0.0153899426724635,0.5860805860805861,0.0299923144694172,1381207,51974,1329233,
B5,ports,drl,48,zero_day,Theft,1909,5,1904,0.2619172341540073,99.738082765846,0.0096192693203024,0.2619172341540073,0.0185570071258907,1381207,51974,1329233,
B5,ports,drl,48,zero_day,ransomware,142,141,1,99.29577464788731,0.7042253521126751,0.2705555022546291,99.29577464788731,0.5396406223089729,1381207,51974,1329233,
B5,ports,drl,49,known,Analysis,315,47,268,14.92063492063492,85.07936507936508,0.0992650164737686,14.92063492063492,0.1972179678157061,1381207,47301,1333906,
B5,ports,drl,49,known,Bot,2346,0,2346,0.0,100.0,0.0,0.0,0.0,1381207,47301,1333906,
B5,ports,drl,49,known,DDoS,114041,102518,11523,89.89573925167265,10.104260748327354,68.4279030029569,89.89573925167265,77.70635943303266,1381207,47301,1333906,
B5,ports,drl,49,known,DoS,52727,44777,7950,84.9223358051852,15.0776641948148,48.62942288060123,84.9223358051852,61.84454956665861,1381207,47301,1333906,
B5,ports,drl,49,known,Exploits,3690,1636,2054,44.3360433604336,55.6639566395664,3.3430737478799277,44.3360433604336,6.217340908659054,1381207,47301,1333906,
B5,ports,drl,49,known,Fuzzers,2881,1058,1823,36.72335994446373,63.27664005553627,2.1878037180256,36.72335994446373,4.129586260733801,1381207,47301,1333906,
B5,ports,drl,49,known,Generic,853,186,667,21.805392731535758,78.19460726846424,0.3916861456819761,21.805392731535758,0.7695490277203145,1381207,47301,1333906,
B5,ports,drl,49,known,Infilteration,9186,350,8836,3.810145874156325,96.18985412584368,0.7345071457052318,3.810145874156325,1.2315920966975735,1381207,47301,1333906,
B5,ports,drl,49,known,Reconnaissance,72925,40355,32570,55.33767569420638,44.66232430579362,46.037920963767455,55.33767569420638,50.26123887633032,1381207,47301,1333906,
B5,ports,drl,49,known,Worms,32,19,13,59.375,40.625,0.0401521555367709,59.375,0.0802500422368643,1381207,47301,1333906,
B5,ports,drl,49,known,injection,70150,66997,3153,95.50534568781184,4.494654312188173,58.6160737720695,95.50534568781184,72.64594899375433,1381207,47301,1333906,
B5,ports,drl,49,known,mitm,187,79,108,42.24598930481284,57.75401069518716,0.1667370198395947,42.24598930481284,0.3321630542182605,1381207,47301,1333906,
B5,ports,drl,49,known,password,23322,23244,78,99.66555183946488,0.3344481605351168,32.94918137359132,99.66555183946488,49.52539231039663,1381207,47301,1333906,
B5,ports,drl,49,known,scanning,3208,2818,390,87.8428927680798,12.157107231920197,5.622618168758355,87.8428927680798,10.56875503966096,1381207,47301,1333906,
B5,ports,drl,49,known,xss,15004,14457,547,96.3543055185284,3.6456944814716064,23.40911298941028,96.3543055185284,37.66707485474584,1381207,47301,1333906,
B5,ports,drl,49,zero_day,Backdoor,19029,8943,10086,46.99668926375532,53.00331073624468,15.900362705355237,46.99668926375532,23.761508110477862,1381207,47301,1333906,
B5,ports,drl,49,zero_day,Brute Force,291955,265128,26827,90.81125515918548,9.188744840814511,84.86024024658403,90.81125515918548,87.7349499655848,1381207,47301,1333906,
B5,ports,drl,49,zero_day,Shellcode,1365,9,1356,0.6593406593406593,99.34065934065934,0.0190234622701331,0.6593406593406593,0.036979969183359,1381207,47301,1333906,
B5,ports,drl,49,zero_day,Theft,1909,1121,788,58.72184389732844,41.27815610267156,2.31506340093346,58.72184389732844,4.454511136277841,1381207,47301,1333906,
B5,ports,drl,49,zero_day,ransomware,142,141,1,99.29577464788731,0.7042253521126751,0.297205008220564,99.29577464788731,0.5926361802286484,1381207,47301,1333906,
B6,ports,drl,42,known,Analysis,315,21,294,6.666666666666667,93.33333333333331,0.0614628149969268,6.666666666666667,0.1218026796589525,1381207,34146,1347061,
B6,ports,drl,42,known,Bot,2346,2346,0,100.0,0.0,6.428806313712594,100.0,12.080951645295844,1381207,34146,1347061,
B6,ports,drl,42,known,DDoS,114041,105842,8199,92.81048044124482,7.189519558755187,75.60790924936424,92.81048044124482,83.3306433517433,1381207,34146,1347061,
B6,ports,drl,42,known,DoS,52727,46402,6325,88.00424829783601,11.995751702163982,57.60788598102995,88.00424829783601,69.63346464078035,1381207,34146,1347061,
B6,ports,drl,42,known,Exploits,3690,985,2705,26.693766937669377,73.30623306233062,2.8037915231561867,26.693766937669377,5.074573040364752,1381207,34146,1347061,
B6,ports,drl,42,known,Fuzzers,2881,713,2168,24.74835126692121,75.2516487330788,2.045382827964084,24.74835126692121,3.778484366719661,1381207,34146,1347061,
B6,ports,drl,42,known,Generic,853,94,759,11.019929660023449,88.98007033997656,0.2745327102803738,11.019929660023449,0.5357193742341778,1381207,34146,1347061,
B6,ports,drl,42,known,Infilteration,9186,383,8803,4.1693881994339215,95.83061180056607,1.1092125459758464,4.1693881994339215,1.7522589500171566,1381207,34146,1347061,
B6,ports,drl,42,known,Reconnaissance,72925,43249,29676,59.30613644154954,40.69386355845046,55.88087085729052,59.30613644154954,57.54257583821182,1381207,34146,1347061,
B6,ports,drl,42,known,Worms,32,15,17,46.875,53.125,0.0439097216123649,46.875,0.0877372561635422,1381207,34146,1347061,
B6,ports,drl,42,known,injection,70150,67222,2928,95.82608695652172,4.173913043478262,66.3148133533265,95.82608695652172,78.38477594188366,1381207,34146,1347061,
B6,ports,drl,42,known,mitm,187,96,91,51.33689839572193,48.66310160427807,0.280357455756089,51.33689839572193,0.557669406604897,1381207,34146,1347061,
B6,ports,drl,42,known,password,23322,23235,87,99.62696166709544,0.3730383329045517,40.49249751659957,99.62696166709544,57.58150254637374,1381207,34146,1347061,
B6,ports,drl,42,known,scanning,3208,2818,390,87.8428927680798,12.157107231920197,7.6236338058651665,87.8428927680798,14.029672408642837,1381207,34146,1347061,
B6,ports,drl,42,known,xss,15004,14463,541,96.3942948547054,3.605705145294591,29.75374930568413,96.3942948547054,45.47183751748857,1381207,34146,1347061,
B6,ports,drl,42,zero_day,Backdoor,19029,3033,15996,15.93883020652688,84.06116979347313,8.157831033648028,15.93883020652688,10.792058070025618,1381207,34146,1347061,
B6,ports,drl,42,zero_day,Brute Force,291955,282358,9597,96.71284958298368,3.287150417016316,89.21151075499836,96.71284958298368,92.81085496311174,1381207,34146,1347061,
B6,ports,drl,42,zero_day,Shellcode,1365,5,1360,0.3663003663003663,99.63369963369964,0.0146408597112822,0.3663003663003663,0.0281563239103502,1381207,34146,1347061,
B6,ports,drl,42,zero_day,Theft,1909,638,1271,33.42063907805134,66.57936092194868,1.8341766329346827,33.42063907805134,3.477502520916796,1381207,34146,1347061,
B6,ports,drl,42,zero_day,ransomware,142,136,6,95.77464788732394,4.225352112676061,0.3967096435447174,95.77464788732394,0.7901464094817571,1381207,34146,1347061,
B6,ports,drl,43,known,Analysis,315,106,209,33.65079365079365,66.34920634920634,0.2768129945420834,33.65079365079365,0.5491089929548278,1381207,38187,1343020,
B6,ports,drl,43,known,Bot,2346,2346,0,100.0,0.0,5.787876545037377,100.0,10.942419366123277,1381207,38187,1343020,
B6,ports,drl,43,known,DDoS,114041,106294,7747,93.20682912285932,6.793170877140675,73.5695350945799,93.20682912285932,82.23207309242541,1381207,38187,1343020,
B6,ports,drl,43,known,DoS,52727,45273,7454,85.86303032601893,14.13696967398107,54.2451473759885,85.86303032601893,66.486522208434,1381207,38187,1343020,
B6,ports,drl,43,known,Exploits,3690,1250,2440,33.87533875338754,66.12466124661248,3.1696122930243176,33.87533875338754,5.796832610661535,1381207,38187,1343020,
B6,ports,drl,43,known,Fuzzers,2881,953,1928,33.07879208608122,66.92120791391878,2.4348492590700053,33.07879208608122,4.535827324433022,1381207,38187,1343020,
B6,ports,drl,43,known,Generic,853,205,648,24.03282532239156,75.96717467760844,0.5339654094603042,24.03282532239156,1.0447190724933113,1381207,38187,1343020,
B6,ports,drl,43,known,Infilteration,9186,593,8593,6.455475723927716,93.54452427607228,1.5291387313047962,6.455475723927716,2.4725847475295,1381207,38187,1343020,
B6,ports,drl,43,known,Reconnaissance,72925,48129,24796,65.99794309221804,34.00205690778196,55.75907131933825,65.99794309221804,60.44800020095328,1381207,38187,1343020,
B6,ports,drl,43,known,Worms,32,17,15,53.125,46.875,0.0444979583289707,53.125,0.0889214352965791,1381207,38187,1343020,
B6,ports,drl,43,known,injection,70150,68360,1790,97.44832501781896,2.5516749821810403,64.15947891540822,97.44832501781896,77.37539403611832,1381207,38187,1343020,
B6,ports,drl,43,known,mitm,187,98,89,52.406417112299465,47.593582887700535,0.2559749249053154,52.406417112299465,0.5094614264919942,1381207,38187,1343020,
B6,ports,drl,43,known,password,23322,23240,82,99.64840065174512,0.3515993482548718,37.83352597392026,99.64840065174512,54.844304947551,1381207,38187,1343020,
B6,ports,drl,43,known,scanning,3208,2818,390,87.8428927680798,12.157107231920197,6.872332642360687,87.8428927680798,12.74738199172189,1381207,38187,1343020,
B6,ports,drl,43,known,xss,15004,14463,541,96.3942948547054,3.605705145294591,27.470085470085472,96.3942948547054,42.75578679752861,1381207,38187,1343020,
B6,ports,drl,43,zero_day,Backdoor,19029,595,18434,3.1268064533081086,96.8731935466919,1.534216904749626,3.1268064533081086,2.05843178633824,1381207,38187,1343020,
B6,ports,drl,43,zero_day,Brute Force,291955,287597,4358,98.50730420784024,1.4926957921597483,88.27842987992044,98.50730420784024,93.11278711559412,1381207,38187,1343020,
B6,ports,drl,43,zero_day,Shellcode,1365,6,1359,0.4395604395604395,99.56043956043956,0.0157096850208153,0.4395604395604395,0.0303352040042469,1381207,38187,1343020,
B6,ports,drl,43,zero_day,Theft,1909,1097,812,57.46464117338921,42.53535882661079,2.7924854902759395,57.46464117338921,5.326147646444785,1381207,38187,1343020,
B6,ports,drl,43,zero_day,ransomware,142,134,8,94.3661971830986,5.633802816901412,0.349677722397641,94.3661971830986,0.6967735226061409,1381207,38187,1343020,
B6,ports,drl,44,known,Analysis,315,38,277,12.063492063492063,87.93650793650794,0.0757349277528649,12.063492063492063,0.1505248564072093,1381207,50137,1331070,
B6,ports,drl,44,known,Bot,2346,2346,0,100.0,0.0,4.470018863250957,100.0,8.557515183570738,1381207,50137,1331070,
B6,ports,drl,44,known,DDoS,114041,107410,6631,94.1854245402969,5.814575459703086,68.1764806692606,94.1854245402969,79.09775100519904,1381207,50137,1331070,
B6,ports,drl,44,known,DoS,52727,46428,6299,88.05355889771843,11.946441102281568,48.07953192150365,88.05355889771843,62.19757254240013,1381207,50137,1331070,
B6,ports,drl,44,known,Exploits,3690,1449,2241,39.268292682926834,60.731707317073166,2.8089016399798394,39.268292682926834,5.24278167740068,1381207,50137,1331070,
B6,ports,drl,44,known,Fuzzers,2881,1080,1801,37.48698368622006,62.51301631377994,2.108674854052365,37.48698368622006,3.9927538910865454,1381207,50137,1331070,
B6,ports,drl,44,known,Generic,853,165,688,19.343493552168816,80.65650644783118,0.3280187666494374,19.343493552168816,0.6450982308669728,1381207,50137,1331070,
B6,ports,drl,44,known,Infilteration,9186,541,8645,5.889396908338776,94.11060309166125,1.0675243695489167,5.889396908338776,1.8074301750634776,1381207,50137,1331070,
B6,ports,drl,44,known,Reconnaissance,72925,51115,21810,70.09256085018855,29.907439149811456,50.48295342314226,70.09256085018855,58.69316844359472,1381207,50137,1331070,
B6,ports,drl,44,known,Worms,32,18,14,56.25,43.75,0.0358887448908384,56.25,0.0717317233546536,1381207,50137,1331070,
B6,ports,drl,44,known,injection,70150,68362,1788,97.4511760513186,2.5488239486814,57.689938311715714,97.4511760513186,72.47533779664882,1381207,50137,1331070,
B6,ports,drl,44,known,mitm,187,98,89,52.406417112299465,47.593582887700535,0.1950831093858863,52.406417112299465,0.3887192098687081,1381207,50137,1331070,
B6,ports,drl,44,known,password,23322,23242,80,99.656976245605,0.3430237543949888,31.67391215470366,99.656976245605,48.06982347648939,1381207,50137,1331070,
B6,ports,drl,44,known,scanning,3208,2818,390,87.8428927680798,12.157107231920197,5.321499386271363,87.8428927680798,10.035076473835089,1381207,50137,1331070,
B6,ports,drl,44,known,xss,15004,14465,539,96.40762463343108,3.592375366568912,22.390947648679607,96.40762463343108,36.34148179785443,1381207,50137,1331070,
B6,ports,drl,44,zero_day,Backdoor,19029,6988,12041,36.722896631457246,63.277103368542754,12.232822757111595,36.722896631457246,18.352286156997664,1381207,50137,1331070,
B6,ports,drl,44,zero_day,Brute Force,291955,287597,4358,98.50730420784024,1.4926957921597483,85.15488520551678,98.50730420784024,91.34572781166575,1381207,50137,1331070,
B6,ports,drl,44,zero_day,Shellcode,1365,8,1357,0.5860805860805861,99.41391941391942,0.0159537341709043,0.5860805860805861,0.031061929722384,1381207,50137,1331070,
B6,ports,drl,44,zero_day,Theft,1909,1121,788,58.72184389732844,41.27815610267156,2.18697569159936,58.72184389732844,4.216901461432844,1381207,50137,1331070,
B6,ports,drl,44,zero_day,ransomware,142,141,1,99.29577464788731,0.7042253521126751,0.2804407494331516,99.29577464788731,0.5593018643395479,1381207,50137,1331070,
B6,ports,drl,45,known,Analysis,315,38,277,12.063492063492063,87.93650793650794,0.0918762088974854,12.063492063492063,0.182363527294541,1381207,41322,1339885,
B6,ports,drl,45,known,Bot,2346,2346,0,100.0,0.0,5.372355042594119,100.0,10.196896596687964,1381207,41322,1339885,
B6,ports,drl,45,known,DDoS,114041,108085,5956,94.7773169298761,5.222683070123901,72.34266132108938,94.7773169298761,82.05414351219216,1381207,41322,1339885,
B6,ports,drl,45,known,DoS,52727,47093,5634,89.31477231778786,10.685227682212153,53.26358649550416,89.31477231778786,66.73137691119581,1381207,41322,1339885,
B6,ports,drl,45,known,Exploits,3690,1306,2384,35.392953929539296,64.60704607046071,3.063713990804166,35.392953929539296,5.639276307267153,1381207,41322,1339885,
B6,ports,drl,45,known,Fuzzers,2881,1087,1794,37.7299548767789,62.270045123221095,2.5631351835695253,37.7299548767789,4.8001766394347545,1381207,41322,1339885,
B6,ports,drl,45,known,Generic,853,134,719,15.70926143024619,84.29073856975381,0.3232342724816673,15.70926143024619,0.6334349665555792,1381207,41322,1339885,
B6,ports,drl,45,known,Infilteration,9186,575,8611,6.25952536468539,93.7404746353146,1.3724132992815714,6.25952536468539,2.2512381809995494,1381207,41322,1339885,
B6,ports,drl,45,known,Reconnaissance,72925,51527,21398,70.65752485430237,29.342475145697637,55.4954819114907,70.65752485430237,62.165357655603415,1381207,41322,1339885,
B6,ports,drl,45,known,Worms,32,16,16,50.0,50.0,0.0387053074652861,50.0,0.0773507372492144,1381207,41322,1339885,
B6,ports,drl,45,known,injection,70150,68361,1789,97.44975053456878,2.55024946543122,62.32597576652717,97.44975053456878,76.02720301613162,1381207,41322,1339885,
B6,ports,drl,45,known,mitm,187,99,88,52.94117647058824,47.05882352941176,0.2390091982327804,52.94117647058824,0.4758700249951932,1381207,41322,1339885,
B6,ports,drl,45,known,password,23322,23242,80,99.656976245605,0.3430237543949888,35.99838919521715,99.656976245605,52.891245477095325,1381207,41322,1339885,
B6,ports,drl,45,known,scanning,3208,2818,390,87.8428927680798,12.157107231920197,6.384231989125509,87.8428927680798,11.903353890343835,1381207,41322,1339885,
B6,ports,drl,45,known,xss,15004,14464,540,96.40095974406825,3.599040255931752,25.927652099092963,96.40095974406825,40.864528888261056,1381207,41322,1339885,
B6,ports,drl,45,zero_day,Backdoor,19029,5697,13332,29.9385148983131,70.0614851016869,12.11637848529318,29.9385148983131,17.25109011627907,1381207,41322,1339885,
B6,ports,drl,45,zero_day,Brute Force,291955,287597,4358,98.50730420784024,1.4926957921597483,87.43702856934382,98.50730420784024,92.64262958345816,1381207,41322,1339885,
B6,ports,drl,45,zero_day,Shellcode,1365,4,1361,0.293040293040293,99.70695970695972,0.0096791366210134,0.293040293040293,0.0187393127357054,1381207,41322,1339885,
B6,ports,drl,45,zero_day,Theft,1909,1116,793,58.45992666317444,41.54007333682557,2.629718648381168,58.45992666317444,5.033034929082013,1381207,41322,1339885,
B6,ports,drl,45,zero_day,ransomware,142,136,6,95.77464788732394,4.225352112676061,0.3280428385353852,95.77464788732394,0.653846153846154,1381207,41322,1339885,
B6,ports,drl,46,known,Analysis,315,26,289,8.253968253968253,91.74603174603176,0.0605453741005518,8.253968253968253,0.1202089786860234,1381207,42917,1338290,
B6,ports,drl,46,known,Bot,2346,2345,1,99.95737425404944,0.042625745950553,5.180946489328797,99.95737425404944,9.85128549823559,1381207,42917,1338290,
B6,ports,drl,46,known,DDoS,114041,63961,50080,56.08596908129533,43.91403091870467,59.84486985160651,56.08596908129533,57.90448082781472,1381207,42917,1338290,
B6,ports,drl,46,known,DoS,52727,47110,5617,89.34701386386482,10.65298613613519,52.32874582069823,89.34701386386482,66.00165319360579,1381207,42917,1338290,
B6,ports,drl,46,known,Exploits,3690,1245,2445,33.739837398373986,66.26016260162602,2.8191657986504235,33.739837398373986,5.203544261472874,1381207,42917,1338290,
B6,ports,drl,46,known,Fuzzers,2881,955,1926,33.14821242624089,66.85178757375911,2.176787016776076,33.14821242624089,4.085299339079844,1381207,42917,1338290,
B6,ports,drl,46,known,Generic,853,127,726,14.88862837045721,85.11137162954279,0.2950469287240962,14.88862837045721,0.5786272410415291,1381207,42917,1338290,
B6,ports,drl,46,known,Infilteration,9186,636,8550,6.923579359895493,93.0764206401045,1.4602897618992952,6.923579359895493,2.411877358311686,1381207,42917,1338290,
B6,ports,drl,46,known,Reconnaissance,72925,51110,21815,70.08570449091532,29.91429550908468,54.35672732300296,70.08570449091532,61.22717906943313,1381207,42917,1338290,
B6,ports,drl,46,known,Worms,32,17,15,53.125,46.875,0.0395956584525085,53.125,0.0791323371968533,1381207,42917,1338290,
B6,ports,drl,46,known,injection,70150,68340,1810,97.41981468282252,2.5801853171774747,61.42534851739666,97.41981468282252,75.34439134101771,1381207,42917,1338290,
B6,ports,drl,46,known,mitm,187,95,92,50.80213903743316,49.19786096256684,0.2208685948107505,50.80213903743316,0.4398249959489803,1381207,42917,1338290,
B6,ports,drl,46,known,password,23322,23241,81,99.65268844867508,0.3473115513249247,35.12953837782279,99.65268844867508,51.94680375502906,1381207,42917,1338290,
B6,ports,drl,46,known,scanning,3208,2818,390,87.8428927680798,12.157107231920197,6.161583032688313,87.8428927680798,11.515436323886972,1381207,42917,1338290,
B6,ports,drl,46,known,xss,15004,14464,540,96.40095974406825,3.599040255931752,25.206950035726116,96.40095974406825,39.96408095599917,1381207,42917,1338290,
B6,ports,drl,46,zero_day,Backdoor,19029,4844,14185,25.455883125755424,74.54411687424458,10.142166202550198,25.455883125755424,14.50516544392873,1381207,42917,1338290,
B6,ports,drl,46,zero_day,Brute Force,291955,287597,4358,98.50730420784024,1.4926957921597483,87.01507349159189,98.50730420784024,92.40524427722504,1381207,42917,1338290,
B6,ports,drl,46,zero_day,Shellcode,1365,6,1359,0.4395604395604395,99.56043956043956,0.0139785196747664,0.4395604395604395,0.0270953757225433,1381207,42917,1338290,
B6,ports,drl,46,zero_day,Theft,1909,1214,695,63.59350445259299,36.40649554740701,2.7509007273798467,63.59350445259299,5.27367506516073,1381207,42917,1338290,
B6,ports,drl,46,zero_day,ransomware,142,141,1,99.29577464788731,0.7042253521126751,0.3274652793905894,99.29577464788731,0.6527777777777778,1381207,42917,1338290,
B6,ports,drl,47,known,Analysis,315,191,124,60.63492063492063,39.36507936507937,0.5442370708078074,60.63492063492063,1.078791301892121,1381207,34904,1346303,
B6,ports,drl,47,known,Bot,2346,0,2346,0.0,100.0,0.0,0.0,0.0,1381207,34904,1346303,
B6,ports,drl,47,known,DDoS,114041,106309,7732,93.21998228707218,6.78001771292781,75.28272892722342,93.21998228707218,83.29663785876029,1381207,34904,1346303,
B6,ports,drl,47,known,DoS,52727,45352,7375,86.01285868720011,13.987141312799888,56.50917065390749,86.01285868720011,68.20721445598309,1381207,34904,1346303,
B6,ports,drl,47,known,Exploits,3690,1128,2562,30.569105691056908,69.4308943089431,3.130550621669627,30.569105691056908,5.679472332712351,1381207,34904,1346303,
B6,ports,drl,47,known,Fuzzers,2881,1112,1769,38.59770912877473,61.40229087122526,3.08751665926255,38.59770912877473,5.71766460138314,1381207,34904,1346303,
B6,ports,drl,47,known,Generic,853,244,609,28.604923798358733,71.39507620164127,0.6942073517696598,28.604923798358733,1.3555179022804922,1381207,34904,1346303,
B6,ports,drl,47,known,Infilteration,9186,697,8489,7.587633355105596,92.4123666448944,1.9578101738715203,7.587633355105596,3.112510326657289,1381207,34904,1346303,
B6,ports,drl,47,known,Reconnaissance,72925,54138,18787,74.23791566678094,25.76208433321906,60.80052110240112,74.23791566678094,66.85065476300728,1381207,34904,1346303,
B6,ports,drl,47,known,Worms,32,16,16,50.0,50.0,0.0458190148911798,50.0,0.0915541313801785,1381207,34904,1346303,
B6,ports,drl,47,known,injection,70150,66884,3266,95.34426229508198,4.655737704918028,65.70912091798641,95.34426229508198,77.80013725877934,1381207,34904,1346303,
B6,ports,drl,47,known,mitm,187,98,89,52.406417112299465,47.593582887700535,0.2799840009142335,52.406417112299465,0.5569922418937736,1381207,34904,1346303,
B6,ports,drl,47,known,password,23322,23229,93,99.60123488551582,0.3987651144841786,39.95837132093648,99.60123488551582,57.03517279479468,1381207,34904,1346303,
B6,ports,drl,47,known,scanning,3208,2818,390,87.8428927680798,12.157107231920197,7.470441652086316,87.8428927680798,13.7698509650623,1381207,34904,1346303,
B6,ports,drl,47,known,xss,15004,14463,541,96.3942948547054,3.605705145294591,29.296898738023376,96.3942948547054,44.936384396700376,1381207,34904,1346303,
B6,ports,drl,47,zero_day,Backdoor,19029,6608,12421,34.72594461085711,65.27405538914289,15.918288687608404,34.72594461085711,21.829834327150195,1381207,34904,1346303,
B6,ports,drl,47,zero_day,Brute Force,291955,287597,4358,98.50730420784024,1.4926957921597483,89.1770878229835,98.50730420784024,93.61028291692163,1381207,34904,1346303,
B6,ports,drl,47,zero_day,Shellcode,1365,3,1362,0.2197802197802197,99.78021978021978,0.0085942647606497,0.2197802197802197,0.0165416850463167,1381207,34904,1346303,
B6,ports,drl,47,zero_day,Theft,1909,1099,810,57.56940806705081,42.43059193294919,3.052523400827709,57.56940806705081,5.797636632200886,1381207,34904,1346303,
B6,ports,drl,47,zero_day,ransomware,142,133,9,93.66197183098592,6.338028169014088,0.3795987099352113,93.66197183098592,0.7561329202080787,1381207,34904,1346303,
B6,ports,drl,48,known,Analysis,315,250,65,79.36507936507937,20.63492063492064,0.6027291576257293,79.36507936507937,1.196372598282009,1381207,41228,1339979,
B6,ports,drl,48,known,Bot,2346,2346,0,100.0,0.0,5.38394455409189,100.0,10.217770034843207,1381207,41228,1339979,
B6,ports,drl,48,known,DDoS,114041,107684,6357,94.42568900658536,5.574310993414644,72.31384979048029,94.42568900658536,81.90361015086347,1381207,41228,1339979,
B6,ports,drl,48,known,DoS,52727,46905,5822,88.95821874940732,11.041781250592674,53.22070053215028,88.95821874940732,66.5980406076956,1381207,41228,1339979,
B6,ports,drl,48,known,Exploits,3690,1473,2217,39.918699186991866,60.08130081300813,3.4495679258097005,39.918699186991866,6.35036968377487,1381207,41228,1339979,
B6,ports,drl,48,known,Fuzzers,2881,1266,1615,43.943075321069074,56.05692467893093,2.9792441285828586,43.943075321069074,5.580165289256199,1381207,41228,1339979,
B6,ports,drl,48,known,Generic,853,349,504,40.91441969519343,59.08558030480657,0.8394064025783486,40.91441969519343,1.6450624558095688,1381207,41228,1339979,
B6,ports,drl,48,known,Infilteration,9186,576,8610,6.270411495754409,93.72958850424558,1.3778585781264951,6.270411495754409,2.2592665228476174,1381207,41228,1339979,
B6,ports,drl,48,known,Reconnaissance,72925,51969,20956,71.26362701405554,28.73637298594446,55.76252454478149,71.26362701405554,62.56726983783003,1381207,41228,1339979,
B6,ports,drl,48,known,Worms,32,18,14,56.25,43.75,0.0436405954516801,56.25,0.087213527787199,1381207,41228,1339979,
B6,ports,drl,48,known,injection,70150,68362,1788,97.4511760513186,2.5488239486814,62.3797791769322,97.4511760513186,76.0676532769556,1381207,41228,1339979,
B6,ports,drl,48,known,mitm,187,99,88,52.94117647058824,47.05882352941176,0.239552834708544,52.94117647058824,0.4769475357710651,1381207,41228,1339979,
B6,ports,drl,48,known,password,23322,23244,78,99.66555183946488,0.3344481605351168,36.05286015634694,99.66555183946488,52.9512267353122,1381207,41228,1339979,
B6,ports,drl,48,known,scanning,3208,2819,389,87.87406483790524,12.12593516209476,6.399981837582583,87.87406483790524,11.931012591260188,1381207,41228,1339979,
B6,ports,drl,48,known,xss,15004,14464,540,96.40095974406825,3.599040255931752,25.971414206708328,96.40095974406825,40.918863867828456,1381207,41228,1339979,
B6,ports,drl,48,zero_day,Backdoor,19029,6963,12066,36.59151820904935,63.40848179095065,14.448755991782695,36.59151820904935,20.71704849747099,1381207,41228,1339979,
B6,ports,drl,48,zero_day,Brute Force,291955,287597,4358,98.50730420784024,1.4926957921597483,87.4620238728807,98.50730420784024,92.65665775314928,1381207,41228,1339979,
B6,ports,drl,48,zero_day,Shellcode,1365,11,1354,0.805860805860806,99.1941391941392,0.0266737796745798,0.805860805860806,0.0516383438174819,1381207,41228,1339979,
B6,ports,drl,48,zero_day,Theft,1909,1110,799,58.14562598218963,41.85437401781037,2.621758231376069,58.14562598218963,5.017289307749677,1381207,41228,1339979,
B6,ports,drl,48,zero_day,ransomware,142,141,1,99.29577464788731,0.7042253521126751,0.3408349247020716,99.29577464788731,0.6793380067933802,1381207,41228,1339979,
B6,ports,drl,49,known,Analysis,315,194,121,61.58730158730159,38.41269841269841,0.4332581459231301,61.58730158730159,0.8604630533132263,1381207,44583,1336624,
B6,ports,drl,49,known,Bot,2346,2346,0,100.0,0.0,4.999041104647446,100.0,9.5220700152207,1381207,44583,1336624,
B6,ports,drl,49,known,DDoS,114041,106630,7411,93.50146000122764,6.498539998772368,70.51642385244655,93.50146000122764,80.3984105800478,1381207,44583,1336624,
B6,ports,drl,49,known,DoS,52727,45700,7027,86.67286210101088,13.327137898989127,50.618610369615546,86.67286210101088,63.91161457240753,1381207,44583,1336624,
B6,ports,drl,49,known,Exploits,3690,1286,2404,34.8509485094851,65.1490514905149,2.8036364429135143,34.8509485094851,5.189773804959744,1381207,44583,1336624,
B6,ports,drl,49,known,Fuzzers,2881,1134,1747,39.361332870531065,60.63866712946893,2.480477721635278,39.361332870531065,4.666858718465781,1381207,44583,1336624,
B6,ports,drl,49,known,Generic,853,271,582,31.770222743259087,68.2297772567409,0.6041824586435992,31.770222743259087,1.1858139891045136,1381207,44583,1336624,
B6,ports,drl,49,known,Infilteration,9186,761,8425,8.284345743522751,91.71565425647724,1.6782815808045166,8.284345743522751,2.7911241518430217,1381207,44583,1336624,
B6,ports,drl,49,known,Reconnaissance,72925,59107,13818,81.05176551251286,18.94823448748715,57.003568328672,81.05176551251286,66.93315969764741,1381207,44583,1336624,
B6,ports,drl,49,known,Worms,32,17,15,53.125,46.875,0.0381165919282511,53.125,0.0761785266176734,1381207,44583,1336624,
B6,ports,drl,49,known,injection,70150,68358,1792,97.44547398431932,2.5545260156806804,60.52540707094855,97.44547398431932,74.67106520801133,1381207,44583,1336624,
B6,ports,drl,49,known,mitm,187,96,91,51.33689839572193,48.66310160427807,0.2148660444504129,51.33689839572193,0.427940979806535,1381207,44583,1336624,
B6,ports,drl,49,known,password,23322,23242,80,99.656976245605,0.3430237543949888,34.26760044231478,99.656976245605,50.99893578505053,1381207,44583,1336624,
B6,ports,drl,49,known,scanning,3208,2818,390,87.8428927680798,12.157107231920197,5.945022256914411,87.8428927680798,11.136359145606512,1381207,44583,1336624,
B6,ports,drl,49,known,xss,15004,14464,540,96.40095974406825,3.599040255931752,24.495740681152306,96.40095974406825,39.06496873776181,1381207,44583,1336624,
B6,ports,drl,49,zero_day,Backdoor,19029,7916,11113,41.59966367123864,58.40033632876136,15.078382445379912,41.59966367123864,22.133989486634604,1381207,44583,1336624,
B6,ports,drl,49,zero_day,Brute Force,291955,287220,4735,98.37817471870665,1.6218252812933542,86.56341262737227,98.37817471870665,92.09340802041818,1381207,44583,1336624,
B6,ports,drl,49,zero_day,Shellcode,1365,8,1357,0.5860805860805861,99.41391941391942,0.0179408400798367,0.5860805860805861,0.0348159108712681,1381207,44583,1336624,
B6,ports,drl,49,zero_day,Theft,1909,1108,801,58.04085908852803,41.95914091147197,2.424985226849927,58.04085908852803,4.655462184873949,1381207,44583,1336624,
B6,ports,drl,49,zero_day,ransomware,142,134,8,94.3661971830986,5.633802816901412,0.2996623208175861,94.3661971830986,0.5974274950400144,1381207,44583,1336624,
B7,ports,drl,42,known,Analysis,315,295,20,93.65079365079364,6.349206349206349,0.1904429897612684,93.65079365079364,0.3801130030860021,1381207,154607,1226600,
B7,ports,drl,42,known,Bot,2346,2346,0,100.0,0.0,1.4947149783693208,100.0,2.945404553700902,1381207,154607,1226600,
B7,ports,drl,42,known,DDoS,114041,109366,4675,95.90059715365528,4.099402846344735,41.43075238755479,95.90059715365528,57.86346537429831,1381207,154607,1226600,
B7,ports,drl,42,known,DoS,52727,48338,4389,91.67599142754187,8.32400857245813,23.818275887555743,91.67599142754187,37.812509778153256,1381207,154607,1226600,
B7,ports,drl,42,known,Exploits,3690,3272,418,88.6720867208672,11.327913279132796,2.0724732231645757,88.6720867208672,4.050281922893624,1381207,154607,1226600,
B7,ports,drl,42,known,Fuzzers,2881,2542,339,88.23325234293648,11.766747657063515,1.6175731312321429,88.23325234293648,3.1769043304380427,1381207,154607,1226600,
B7,ports,drl,42,known,Generic,853,737,116,86.40093786635404,13.599062133645957,0.4744309403646101,86.40093786635404,0.9436800962886612,1381207,154607,1226600,
B7,ports,drl,42,known,Infilteration,9186,1208,7978,13.15044633137383,86.84955366862617,0.7752783749959888,13.15044633137383,1.4642335500996966,1381207,154607,1226600,
B7,ports,drl,42,known,Reconnaissance,72925,50269,22656,68.93246486115872,31.067535138841272,24.536304886858392,68.93246486115872,36.19065446128704,1381207,154607,1226600,
B7,ports,drl,42,known,Worms,32,29,3,90.625,9.375,0.0187537184096846,90.625,0.0374996767269247,1381207,154607,1226600,
B7,ports,drl,42,known,injection,70150,70146,4,99.99429793300072,0.0057020669992913,31.21026193198756,99.99429793300072,47.57225257118442,1381207,154607,1226600,
B7,ports,drl,42,known,mitm,187,187,0,100.0,0.0,0.1208057159838236,100.0,0.2413199037301346,1381207,154607,1226600,
B7,ports,drl,42,known,password,23322,23322,0,100.0,0.0,13.107475453692205,100.0,23.177027691787867,1381207,154607,1226600,
B7,ports,drl,42,known,scanning,3208,3208,0,100.0,0.0,2.0327598770712543,100.0,3.984523949994722,1381207,154607,1226600,
B7,ports,drl,42,known,xss,15004,15004,0,100.0,0.0,8.846124366933749,100.0,16.254367196598327,1381207,154607,1226600,
B7,ports,drl,42,zero_day,Backdoor,19029,18703,326,98.28682537180092,1.7131746281990656,10.791645029138538,98.28682537180092,19.44795387310946,1381207,154607,1226600,
B7,ports,drl,42,zero_day,Brute Force,291955,291594,361,99.87635080748746,0.1236491925125427,65.35036900410354,99.87635080748746,79.00606375888025,1381207,154607,1226600,
B7,ports,drl,42,zero_day,Shellcode,1365,91,1274,6.666666666666667,93.33333333333331,0.0588242899067861,6.666666666666667,0.1166195703017371,1381207,154607,1226600,
B7,ports,drl,42,zero_day,Theft,1909,1139,770,59.66474594028287,40.33525405971713,0.7313189423805427,59.66474594028287,1.4449272144873295,1381207,154607,1226600,
B7,ports,drl,42,zero_day,ransomware,142,141,1,99.29577464788731,0.7042253521126751,0.0911158787189495,99.29577464788731,0.1820646910710827,1381207,154607,1226600,
B7,ports,drl,43,known,Analysis,315,293,22,93.015873015873,6.9841269841269815,0.2607898461072888,93.015873015873,0.5201214208368097,1381207,112058,1269149,
B7,ports,drl,43,known,Bot,2346,2346,0,100.0,0.0,2.0506276004335517,100.0,4.018843683083512,1381207,112058,1269149,
B7,ports,drl,43,known,DDoS,114041,109382,4659,95.91462719548232,4.085372804517673,49.39577312138728,95.91462719548232,65.20905803905437,1381207,112058,1269149,
B7,ports,drl,43,known,DoS,52727,47867,4860,90.7827109450566,9.21728905494339,29.930905111771143,90.7827109450566,45.019092225796136,1381207,112058,1269149,
B7,ports,drl,43,known,Exploits,3690,3101,589,84.03794037940379,15.962059620596204,2.692798652298127,84.03794037940379,5.21838635579601,1381207,112058,1269149,
B7,ports,drl,43,known,Fuzzers,2881,2375,506,82.4366539396043,17.563346060395702,2.0754502634729493,82.4366539396043,4.04896261315785,1381207,112058,1269149,
B7,ports,drl,43,known,Generic,853,712,141,83.47010550996484,16.52989449003517,0.6313735922674469,83.47010550996484,1.253267384244387,1381207,112058,1269149,
B7,ports,drl,43,known,Infilteration,9186,987,8199,10.744611365120836,89.25538863487917,0.873103631297271,10.744611365120836,1.6149749245281473,1381207,112058,1269149,
B7,ports,drl,43,known,Reconnaissance,72925,36864,36061,50.55056564964004,49.44943435035996,24.753898013725305,50.55056564964004,33.23371512799362,1381207,112058,1269149,
B7,ports,drl,43,known,Worms,32,29,3,90.625,9.375,0.0258727595528473,90.625,0.0517307503634531,1381207,112058,1269149,
B7,ports,drl,43,known,injection,70150,70139,11,99.98431931575196,0.0156806842480428,38.49624307754793,99.98431931575196,55.589327394421176,1381207,112058,1269149,
B7,ports,drl,43,known,mitm,187,187,0,100.0,0.0,0.1665998485455922,100.0,0.3326455101750391,1381207,112058,1269149,
B7,ports,drl,43,known,password,23322,23322,0,100.0,0.0,17.227064559019055,100.0,29.390933951683028,1381207,112058,1269149,
B7,ports,drl,43,known,scanning,3208,3208,0,100.0,0.0,2.7831277219648465,100.0,5.415534210037645,1381207,112058,1269149,
B7,ports,drl,43,known,xss,15004,15004,0,100.0,0.0,11.808408493491369,100.0,21.12257683048724,1381207,112058,1269149,
B7,ports,drl,43,zero_day,Backdoor,19029,18690,339,98.21850859214882,1.7814914078511768,14.294673723498638,98.21850859214882,24.95710289296754,1381207,112058,1269149,
B7,ports,drl,43,zero_day,Brute Force,291955,291594,361,99.87635080748746,0.1236491925125427,72.238958310624,99.87635080748746,83.83871927683305,1381207,112058,1269149,
B7,ports,drl,43,zero_day,Shellcode,1365,200,1165,14.652014652014651,85.34798534798534,0.1781610219316218,14.652014652014651,0.3520414000686481,1381207,112058,1269149,
B7,ports,drl,43,zero_day,Theft,1909,629,1280,32.94918805657412,67.05081194342588,0.5581832864483037,32.94918805657412,1.097769555656393,1381207,112058,1269149,
B7,ports,drl,43,zero_day,ransomware,142,141,1,99.29577464788731,0.7042253521126751,0.1256695692474977,99.29577464788731,0.251021443640345,1381207,112058,1269149,
B7,ports,drl,44,known,Analysis,315,291,24,92.38095238095238,7.619047619047614,0.2380504405160214,92.38095238095238,0.4748772009987108,1381207,121952,1259255,
B7,ports,drl,44,known,Bot,2346,2346,0,100.0,0.0,1.8873996363577847,100.0,3.7048735036796057,1381207,121952,1259255,
B7,ports,drl,44,known,DDoS,114041,110219,3822,96.64857375856052,3.3514262414394813,47.47319863376563,96.64857375856052,63.67139209501692,1381207,121952,1259255,
B7,ports,drl,44,known,DoS,52727,48811,3916,92.573065033095,7.426934966904996,28.5840609499716,92.573065033095,43.6807015973869,1381207,121952,1259255,
B7,ports,drl,44,known,Exploits,3690,3207,483,86.91056910569105,13.08943089430894,2.5623407026262592,86.91056910569105,4.9779198907248015,1381207,121952,1259255,
B7,ports,drl,44,known,Fuzzers,2881,2473,408,85.83825060742798,14.16174939257202,1.987542696403456,85.83825060742798,3.885127173895967,1381207,121952,1259255,
B7,ports,drl,44,known,Generic,853,733,120,85.93200468933178,14.067995310668223,0.5974650527774381,85.93200468933178,1.1866794022891742,1381207,121952,1259255,
B7,ports,drl,44,known,Infilteration,9186,1067,8119,11.615501850642282,88.38449814935771,0.8673456945675059,11.615501850642282,1.6141598275405618,1381207,121952,1259255,
B7,ports,drl,44,known,Reconnaissance,72925,44873,28052,61.533081933493314,38.466918066506686,26.89824666566761,61.533081933493314,37.43315954118873,1381207,121952,1259255,
B7,ports,drl,44,known,Worms,32,29,3,90.625,9.375,0.0237741943417417,90.625,0.0475359183037873,1381207,121952,1259255,
B7,ports,drl,44,known,injection,70150,70145,5,99.99287241625088,0.0071275837491113,36.51540627911941,99.99287241625088,53.49536886980595,1381207,121952,1259255,
B7,ports,drl,44,known,mitm,187,187,0,100.0,0.0,0.1531042500757334,100.0,0.305740398607001,1381207,121952,1259255,
B7,ports,drl,44,known,password,23322,23322,0,100.0,0.0,16.05380178146124,100.0,27.66613680039859,1381207,121952,1259255,
B7,ports,drl,44,known,scanning,3208,3208,0,100.0,0.0,2.563119207414509,100.0,4.998130375171383,1381207,121952,1259255,
B7,ports,drl,44,known,xss,15004,15004,0,100.0,0.0,10.955343321942811,100.0,19.747301921558304,1381207,121952,1259255,
B7,ports,drl,44,zero_day,Backdoor,19029,18705,324,98.29733564559356,1.7026643544064357,13.298307229643743,98.29733564559356,23.42722593088937,1381207,121952,1259255,
B7,ports,drl,44,zero_day,Brute Force,291955,289596,2359,99.19199876693328,0.8080012330667352,70.36749054788262,99.19199876693328,82.32971287968923,1381207,121952,1259255,
B7,ports,drl,44,zero_day,Shellcode,1365,40,1325,2.93040293040293,97.06959706959708,0.0327890353465801,2.93040293040293,0.0648524202112567,1381207,121952,1259255,
B7,ports,drl,44,zero_day,Theft,1909,641,1268,33.57778941854374,66.42221058145626,0.5228683530054734,33.57778941854374,1.0297023340990503,1381207,121952,1259255,
B7,ports,drl,44,zero_day,ransomware,142,141,1,99.29577464788731,0.7042253521126751,0.1154857362829973,99.29577464788731,0.2307031537611976,1381207,121952,1259255,
B7,ports,drl,45,known,Analysis,315,296,19,93.96825396825396,6.0317460317460325,0.2106746571198781,93.96825396825396,0.4204067719577321,1381207,140205,1241002,
B7,ports,drl,45,known,Bot,2346,2346,0,100.0,0.0,1.6457267925163628,100.0,3.2381622807925634,1381207,140205,1241002,
B7,ports,drl,45,known,DDoS,114041,110569,3472,96.9554809235275,3.044519076472496,44.09109397305941,96.9554809235275,60.61647684442799,1381207,140205,1241002,
B7,ports,drl,45,known,DoS,52727,49595,3132,94.05996927570315,5.940030724296852,26.130136986301373,94.05996927570315,40.89853913172554,1381207,140205,1241002,
B7,ports,drl,45,known,Exploits,3690,3252,438,88.13008130081302,11.869918699186988,2.2668813651477446,88.13008130081302,4.420069726192176,1381207,140205,1241002,
B7,ports,drl,45,known,Fuzzers,2881,2465,416,85.56056924678931,14.439430753210692,1.7277633700147197,85.56056924678931,3.3871289101414623,1381207,140205,1241002,
B7,ports,drl,45,known,Generic,853,744,109,87.22157092614302,12.778429073856978,0.5278504991167018,87.22157092614302,1.0493505028137828,1381207,140205,1241002,
B7,ports,drl,45,known,Infilteration,9186,1139,8047,12.399303287611582,87.60069671238841,0.8058354086484039,12.399303287611582,1.5133196040656347,1381207,140205,1241002,
B7,ports,drl,45,known,Reconnaissance,72925,50438,22487,69.16420980459375,30.835790195406243,26.456780474499457,69.16420980459375,38.273234990590666,1381207,140205,1241002,
B7,ports,drl,45,known,Worms,32,29,3,90.625,9.375,0.0206797210376941,90.625,0.0413500064163803,1381207,140205,1241002,
B7,ports,drl,45,known,injection,70150,70146,4,99.99429793300072,0.0057020669992913,33.34711981402513,99.99429793300072,50.014794956167705,1381207,140205,1241002,
B7,ports,drl,45,known,mitm,187,187,0,100.0,0.0,0.1331984728474557,100.0,0.2660425810398424,1381207,140205,1241002,
B7,ports,drl,45,known,password,23322,23322,0,100.0,0.0,14.2618650131171,100.0,24.96347317887706,1381207,140205,1241002,
B7,ports,drl,45,known,scanning,3208,3208,0,100.0,0.0,2.2368962367428336,100.0,4.375907953158142,1381207,140205,1241002,
B7,ports,drl,45,known,xss,15004,15004,0,100.0,0.0,9.666965188874356,100.0,17.62967575919583,1381207,140205,1241002,
B7,ports,drl,45,zero_day,Backdoor,19029,18728,301,98.41820379420884,1.581796205791164,11.783581760867786,98.41820379420884,21.04718984951844,1381207,140205,1241002,
B7,ports,drl,45,zero_day,Brute Force,291955,289596,2359,99.19199876693328,0.8080012330667352,67.37908939253282,99.19199876693328,80.24761830868049,1381207,140205,1241002,
B7,ports,drl,45,zero_day,Shellcode,1365,85,1280,6.227106227106227,93.77289377289377,0.0605887803834913,6.227106227106227,0.120009883166849,1381207,140205,1241002,
B7,ports,drl,45,zero_day,Theft,1909,1332,577,69.77475117862755,30.225248821372443,0.9410966743678332,69.77475117862755,1.8571448489326996,1381207,140205,1241002,
B7,ports,drl,45,zero_day,ransomware,142,141,1,99.29577464788731,0.7042253521126751,0.1004659911931939,99.29577464788731,0.2007288878765446,1381207,140205,1241002,
B7,ports,drl,46,known,Analysis,315,302,13,95.87301587301587,4.126984126984123,0.1946403021436213,95.87301587301587,0.3884918924829392,1381207,154856,1226351,
B7,ports,drl,46,known,Bot,2346,2346,0,100.0,0.0,1.4923474256052722,100.0,2.940807781984105,1381207,154856,1226351,
B7,ports,drl,46,known,DDoS,114041,109424,4617,95.95145605527836,4.048543944721638,41.40457090964129,95.95145605527836,57.84717211045647,1381207,154856,1226351,
B7,ports,drl,46,known,DoS,52727,48371,4356,91.73857795816186,8.261422041838152,23.801463388230896,91.73857795816186,37.79663533291138,1381207,154856,1226351,
B7,ports,drl,46,known,Exploits,3690,3209,481,86.96476964769647,13.035230352303527,2.0301774586404324,86.96476964769647,3.967728972829279,1381207,154856,1226351,
B7,ports,drl,46,known,Fuzzers,2881,2658,223,92.25963207219716,7.740367927802849,1.687469050370126,92.25963207219716,3.314317777985598,1381207,154856,1226351,
B7,ports,drl,46,known,Generic,853,799,54,93.6694021101993,6.330597889800704,0.5133147023866885,93.6694021101993,1.0210340685460169,1381207,154856,1226351,
B7,ports,drl,46,known,Infilteration,9186,1060,8126,11.539298933159154,88.46070106684084,0.6798532543164268,11.539298933159154,1.2840547055759468,1381207,154856,1226351,
B7,ports,drl,46,known,Reconnaissance,72925,36989,35936,50.72197463147069,49.27802536852931,19.28066929031249,50.72197463147069,27.94047664010273,1381207,154856,1226351,
B7,ports,drl,46,known,Worms,32,29,3,90.625,9.375,0.0187235690996545,90.625,0.0374394030351736,1381207,154856,1226351,
B7,ports,drl,46,known,injection,70150,70145,5,99.99287241625088,0.0071275837491113,31.17541699814668,99.99287241625088,47.53160246788933,1381207,154856,1226351,
B7,ports,drl,46,known,mitm,187,187,0,100.0,0.0,0.1206117012699702,100.0,0.2409328093796302,1381207,154856,1226351,
B7,ports,drl,46,known,password,23322,23322,0,100.0,0.0,13.089158032978258,100.0,23.148387096774197,1381207,154856,1226351,
B7,ports,drl,46,known,scanning,3208,3208,0,100.0,0.0,2.029557647535176,100.0,3.97837194305273,1381207,154856,1226351,
B7,ports,drl,46,known,xss,15004,15004,0,100.0,0.0,8.833156717296598,100.0,16.232473602215684,1381207,154856,1226351,
B7,ports,drl,46,zero_day,Backdoor,19029,18767,262,98.62315413316516,1.3768458668348305,10.809051796133,98.62315413316516,19.482797998463557,1381207,154856,1226351,
B7,ports,drl,46,zero_day,Brute Force,291955,289669,2286,99.21700262026684,0.7829973797331746,65.16371407682358,99.21700262026684,78.66310015207473,1381207,154856,1226351,
B7,ports,drl,46,zero_day,Shellcode,1365,65,1300,4.761904761904762,95.23809523809524,0.0419568683393471,4.761904761904762,0.0831808351355847,1381207,154856,1226351,
B7,ports,drl,46,zero_day,Theft,1909,664,1245,34.78260869565217,65.21739130434783,0.426954732510288,34.78260869565217,0.843554872355157,1381207,154856,1226351,
B7,ports,drl,46,zero_day,ransomware,142,141,1,99.29577464788731,0.7042253521126751,0.0909695026355348,99.29577464788731,0.1817724750062847,1381207,154856,1226351,
B7,ports,drl,47,known,Analysis,315,288,27,91.42857142857144,8.571428571428575,0.2133001533094852,91.42857142857144,0.425607377194538,1381207,134733,1246474,
B7,ports,drl,47,known,Bot,2346,2346,0,100.0,0.0,1.7114218808132535,100.0,3.365250134480904,1381207,134733,1246474,
B7,ports,drl,47,known,DDoS,114041,109884,4157,96.3548197578064,3.645180242193602,44.92083542844528,96.3548197578064,61.27508657272387,1381207,134733,1246474,
B7,ports,drl,47,known,DoS,52727,48953,3774,92.84237677091434,7.157623229085663,26.65037074137387,92.84237677091434,41.41312025988419,1381207,134733,1246474,
B7,ports,drl,47,known,Exploits,3690,3243,447,87.88617886178862,12.113821138211378,2.350408766742042,87.88617886178862,4.578374486468172,1381207,134733,1246474,
B7,ports,drl,47,known,Fuzzers,2881,2426,455,84.20687261367581,15.79312738632419,1.768750136702659,84.20687261367581,3.464724364467296,1381207,134733,1246474,
B7,ports,drl,47,known,Generic,853,736,117,86.28370457209847,13.716295427901526,0.5432977286316426,86.28370457209847,1.0797963644899575,1381207,134733,1246474,
B7,ports,drl,47,known,Infilteration,9186,933,8253,10.15676028739386,89.84323971260613,0.6877183671664234,10.15676028739386,1.2882114157899096,1381207,134733,1246474,
B7,ports,drl,47,known,Reconnaissance,72925,34651,38274,47.51594103531025,52.48405896468975,20.45706796391631,47.51594103531025,28.600671043997544,1381207,134733,1246474,
B7,ports,drl,47,known,Worms,32,29,3,90.625,9.375,0.021519419420905,90.625,0.0430286214519934,1381207,134733,1246474,
B7,ports,drl,47,known,injection,70150,69931,219,99.68781183178902,0.3121881682109806,34.16868623695423,99.68781183178902,50.893331489662096,1381207,134733,1246474,
B7,ports,drl,47,known,mitm,187,175,12,93.58288770053476,6.417112299465244,0.1297180300649331,93.58288770053476,0.2590769458529183,1381207,134733,1246474,
B7,ports,drl,47,known,password,23322,23315,7,99.96998542149043,0.0300145785095629,14.751847539987851,99.96998542149043,25.709874841484258,1381207,134733,1246474,
B7,ports,drl,47,known,scanning,3208,3156,52,98.3790523690773,1.6209476309226978,2.2887975110414898,98.3790523690773,4.473518217963528,1381207,134733,1246474,
B7,ports,drl,47,known,xss,15004,14941,63,99.58011197014127,0.419888029858706,9.982361666020818,99.58011197014127,18.14571466741156,1381207,134733,1246474,
B7,ports,drl,47,zero_day,Backdoor,19029,18681,348,98.17121236008198,1.828787639918017,12.176854785091322,98.17121236008198,21.66628973051965,1381207,134733,1246474,
B7,ports,drl,47,zero_day,Brute Force,291955,289596,2359,99.19199876693328,0.8080012330667352,68.24798682154649,99.19199876693328,80.86066420581781,1381207,134733,1246474,
B7,ports,drl,47,zero_day,Shellcode,1365,51,1314,3.736263736263736,96.26373626373626,0.037838319088319,3.736263736263736,0.0749179208073507,1381207,134733,1246474,
B7,ports,drl,47,zero_day,Theft,1909,643,1266,33.68255631220534,66.31744368779466,0.4749734073986526,33.68255631220534,0.9367374440033508,1381207,134733,1246474,
B7,ports,drl,47,zero_day,ransomware,142,141,1,99.29577464788731,0.7042253521126751,0.1045420169936385,99.29577464788731,0.2088641346210819,1381207,134733,1246474,
B7,ports,drl,48,known,Analysis,315,292,23,92.6984126984127,7.301587301587298,0.1692498521961907,92.6984126984127,0.3378827940129946,1381207,172234,1208973,
B7,ports,drl,48,known,Bot,2346,2346,0,100.0,0.0,1.343796540268072,100.0,2.651956185071725,1381207,172234,1208973,
B7,ports,drl,48,known,DDoS,114041,110891,3150,97.23783551529714,2.762164484702867,39.166799116997794,97.23783551529714,55.8411344374896,1381207,172234,1208973,
B7,ports,drl,48,known,DoS,52727,49912,2815,94.6611792819618,5.338820718038195,22.468106560550268,94.6611792819618,36.316407941121895,1381207,172234,1208973,
B7,ports,drl,48,known,Exploits,3690,3281,409,88.9159891598916,11.084010840108403,1.8693558955075065,88.9159891598916,3.6617281883876,1381207,172234,1208973,
B7,ports,drl,48,known,Fuzzers,2881,2503,378,86.87955570982298,13.120444290177025,1.432438464664038,86.87955570982298,2.818408044229752,1381207,172234,1208973,
B7,ports,drl,48,known,Generic,853,728,125,85.34583821805393,14.654161781946073,0.4209017009516541,85.34583821805393,0.8376722377240169,1381207,172234,1208973,
B7,ports,drl,48,known,Infilteration,9186,1544,7642,16.808186370563902,83.1918136294361,0.8884899124169917,16.808186370563902,1.6877637130801686,1381207,172234,1208973,
B7,ports,drl,48,known,Reconnaissance,72925,55508,17417,76.11655810764483,23.88344189235516,24.37319422855688,76.11655810764483,36.92324066159571,1381207,172234,1208973,
B7,ports,drl,48,known,Worms,32,28,4,87.5,12.5,0.0162543102947835,87.5,0.0325025827945256,1381207,172234,1208973,
B7,ports,drl,48,known,injection,70150,70067,83,99.8816821097648,0.1183178902352088,28.91733835188464,99.8816821097648,44.84991246627471,1381207,172234,1208973,
B7,ports,drl,48,known,mitm,187,183,4,97.86096256684492,2.1390374331550777,0.1061380258327195,97.86096256684492,0.2120460707747213,1381207,172234,1208973,
B7,ports,drl,48,known,password,23322,23320,2,99.99142440614013,0.0085755938598719,11.925094858709103,99.99142440614013,21.308868948628447,1381207,172234,1208973,
B7,ports,drl,48,known,scanning,3208,3186,22,99.3142144638404,0.6857855361595999,1.816212518526964,99.3142144638404,3.56718991423517,1381207,172234,1208973,
B7,ports,drl,48,known,xss,15004,14979,25,99.83337776592909,0.1666222340709122,8.00104693584313,99.83337776592909,14.814778183832216,1381207,172234,1208973,
B7,ports,drl,48,zero_day,Backdoor,19029,18711,318,98.32886646697146,1.6711335330285348,9.799156825263818,98.32886646697146,17.822206558907293,1381207,172234,1208973,
B7,ports,drl,48,zero_day,Brute Force,291955,287597,4358,98.50730420784024,1.4926957921597483,62.54406510217885,98.50730420784024,76.51033671816181,1381207,172234,1208973,
B7,ports,drl,48,zero_day,Shellcode,1365,49,1316,3.589743589743589,96.4102564102564,0.0284415757793862,3.589743589743589,0.0564360084769188,1381207,172234,1208973,
B7,ports,drl,48,zero_day,Theft,1909,1132,777,59.29806181246726,40.70193818753274,0.6529538663867195,59.29806181246726,1.2916844957923264,1381207,172234,1208973,
B7,ports,drl,48,zero_day,ransomware,142,141,1,99.29577464788731,0.7042253521126751,0.0817984046410442,99.29577464788731,0.1634621515560785,1381207,172234,1208973,
B7,ports,drl,49,known,Analysis,315,293,22,93.015873015873,6.9841269841269815,0.2193803441201575,93.015873015873,0.4377282947270922,1381207,133265,1247942,
B7,ports,drl,49,known,Bot,2346,2346,0,100.0,0.0,1.729948160547448,100.0,3.401059750501968,1381207,133265,1247942,
B7,ports,drl,49,known,DDoS,114041,109279,4762,95.8243088012206,4.175691198779385,45.05533016689755,95.8243088012206,61.291978069744935,1381207,133265,1247942,
B7,ports,drl,49,known,DoS,52727,48204,4523,91.42185218199404,8.578147818005954,26.563214653742516,91.42185218199404,41.16551947941041,1381207,133265,1247942,
B7,ports,drl,49,known,Exploits,3690,3302,388,89.48509485094851,10.51490514905149,2.4178608302152056,89.48509485094851,4.708499397534526,1381207,133265,1247942,
B7,ports,drl,49,known,Fuzzers,2881,2532,349,87.88615064213815,12.11384935786185,1.8645478176984764,87.88615064213815,3.651624626833384,1381207,133265,1247942,
B7,ports,drl,49,known,Generic,853,742,111,86.98710433763188,13.012895662368118,0.5537024185303753,86.98710433763188,1.10040041524544,1381207,133265,1247942,
B7,ports,drl,49,known,Infilteration,9186,691,8495,7.522316568691487,92.4776834313085,0.515841022425274,7.522316568691487,0.9654748431627334,1381207,133265,1247942,
B7,ports,drl,49,known,Reconnaissance,72925,8219,64706,11.270483373328762,88.72951662667123,5.809137428967233,11.270483373328762,7.666655784038916,1381207,133265,1247942,
B7,ports,drl,49,known,Worms,32,29,3,90.625,9.375,0.0217564181433522,90.625,0.0435023926315947,1381207,133265,1247942,
B7,ports,drl,49,known,injection,70150,70145,5,99.99287241625088,0.0071275837491113,34.48453861658719,99.99287241625088,51.283082321976906,1381207,133265,1247942,
B7,ports,drl,49,known,mitm,187,187,0,100.0,0.0,0.140125288493241,100.0,0.2798584245616923,1381207,133265,1247942,
B7,ports,drl,49,known,password,23322,23322,0,100.0,0.0,14.893956714158902,100.0,25.92644058940909,1381207,133265,1247942,
B7,ports,drl,49,known,scanning,3208,3208,0,100.0,0.0,2.3506481135462693,100.0,4.593323358223381,1381207,133265,1247942,
B7,ports,drl,49,known,xss,15004,15004,0,100.0,0.0,10.11944506269011,100.0,18.379033888028022,1381207,133265,1247942,
B7,ports,drl,49,zero_day,Backdoor,19029,18716,313,98.35514215145304,1.6448578485469545,12.314697231890827,98.35514215145304,21.888778434009705,1381207,133265,1247942,
B7,ports,drl,49,zero_day,Brute Force,291955,289596,2359,99.19199876693328,0.8080012330667352,68.4849158470514,99.19199876693328,81.02672575879669,1381207,133265,1247942,
B7,ports,drl,49,zero_day,Shellcode,1365,52,1313,3.8095238095238098,96.1904761904762,0.0390047780853154,3.8095238095238098,0.0772189305178123,1381207,133265,1247942,
B7,ports,drl,49,zero_day,Theft,1909,6,1903,0.3143006809848088,99.6856993190152,0.0045021047339631,0.3143006809848088,0.0088770528184642,1381207,133265,1247942,
B7,ports,drl,49,zero_day,ransomware,142,141,1,99.29577464788731,0.7042253521126751,0.1056923976432844,99.29577464788731,0.2111600323479198,1381207,133265,1247942,
B8,ports,drl,42,known,Analysis,315,303,12,96.1904761904762,3.809523809523807,0.1948227306045291,96.1904761904762,0.388857874371956,1381207,155223,1225984,
B8,ports,drl,42,known,Bot,2346,2346,0,100.0,0.0,1.4888715419911276,100.0,2.934058718694306,1381207,155223,1225984,
B8,ports,drl,42,known,DDoS,114041,110884,3157,97.2316973719978,2.768302628002206,41.66895271450958,97.2316973719978,58.33727916495681,1381207,155223,1225984,
B8,ports,drl,42,known,DoS,52727,49563,3164,93.9992793066171,6.000720693382899,24.202338050452667,93.9992793066171,38.493590614842745,1381207,155223,1225984,
B8,ports,drl,42,known,Exploits,3690,3257,433,88.26558265582656,11.734417344173442,2.0551489146895507,88.26558265582656,4.016772522661405,1381207,155223,1225984,
B8,ports,drl,42,known,Fuzzers,2881,2595,286,90.07289135716763,9.92710864283235,1.644299129376877,90.07289135716763,3.229640508030541,1381207,155223,1225984,
B8,ports,drl,42,known,Generic,853,754,99,88.39390386869871,11.60609613130129,0.4834046045250261,88.39390386869871,0.9615507237135752,1381207,155223,1225984,
B8,ports,drl,42,known,Infilteration,9186,1108,8078,12.061833224472023,87.93816677552798,0.7087525826611485,12.061833224472023,1.3388352858014585,1381207,155223,1225984,
B8,ports,drl,42,known,Reconnaissance,72925,47419,25506,65.02434007541996,34.97565992458005,23.40038096742037,65.02434007541996,34.415586772001,1381207,155223,1225984,
B8,ports,drl,42,known,Worms,32,29,3,90.625,9.375,0.0186793084791178,90.625,0.0373509183174055,1381207,155223,1225984,
B8,ports,drl,42,known,injection,70150,70146,4,99.99429793300072,0.0057020669992913,31.124955073679168,99.99429793300072,47.47308971673564,1381207,155223,1225984,
B8,ports,drl,42,known,mitm,187,187,0,100.0,0.0,0.1203268772923235,100.0,0.2403645314498351,1381207,155223,1225984,
B8,ports,drl,42,known,password,23322,23322,0,100.0,0.0,13.062253213475596,100.0,23.10630266462572,1381207,155223,1225984,
B8,ports,drl,42,known,scanning,3208,3208,0,100.0,0.0,2.0248562465679067,100.0,3.9693390827708663,1381207,155223,1225984,
B8,ports,drl,42,known,xss,15004,15004,0,100.0,0.0,8.81411291980708,100.0,16.20031204280061,1381207,155223,1225984,
B8,ports,drl,42,zero_day,Backdoor,19029,18750,279,98.5338168059278,1.4661831940722014,10.777534445000086,98.5338168059278,19.4298504678708,1381207,155223,1225984,
B8,ports,drl,42,zero_day,Brute Force,291955,289596,2359,99.19199876693328,0.8080012330667352,65.104233407296,99.19199876693328,78.61189455653972,1381207,155223,1225984,
B8,ports,drl,42,zero_day,Shellcode,1365,96,1269,7.032967032967033,92.96703296703296,0.0618082784462944,7.032967032967033,0.1225396339128436,1381207,155223,1225984,
B8,ports,drl,42,zero_day,Theft,1909,646,1263,33.83970665269775,66.16029334730224,0.4144505963341011,33.83970665269775,0.8188720860956535,1381207,155223,1225984,
B8,ports,drl,42,zero_day,ransomware,142,133,9,93.66197183098592,6.338028169014088,0.0856098251757254,93.66197183098592,0.1710632934185648,1381207,155223,1225984,
B8,ports,drl,43,known,Analysis,315,282,33,89.52380952380953,10.476190476190473,0.2561145067979329,89.52380952380953,0.5107677817826157,1381207,109825,1271382,
B8,ports,drl,43,known,Bot,2346,2346,0,100.0,0.0,2.0914496616772604,100.0,4.097208274753966,1381207,109825,1271382,
B8,ports,drl,43,known,DDoS,114041,110156,3885,96.59333046886644,3.406669531133544,50.07523377018924,96.59333046886644,65.95733215177442,1381207,109825,1271382,
B8,ports,drl,43,known,DoS,52727,49298,3429,93.49669050012328,6.503309499876719,30.981064962324744,93.49669050012328,46.54047675241917,1381207,109825,1271382,
B8,ports,drl,43,known,Exploits,3690,2905,785,78.72628726287263,21.27371273712737,2.5769537833762084,78.72628726287263,4.990551451640611,1381207,109825,1271382,
B8,ports,drl,43,known,Fuzzers,2881,2041,840,70.84345713293995,29.15654286706005,1.8245043176657787,70.84345713293995,3.557391478644322,1381207,109825,1271382,
B8,ports,drl,43,known,Generic,853,684,169,80.18757327080891,19.81242672919109,0.618954112334742,80.18757327080891,1.2284262136096693,1381207,109825,1271382,
B8,ports,drl,43,known,Infilteration,9186,1071,8115,11.659046374918354,88.34095362508164,0.9657697301976628,11.659046374918354,1.7837810829266671,1381207,109825,1271382,
B8,ports,drl,43,known,Reconnaissance,72925,55590,17335,76.22900239972574,23.770997600274256,33.60638394341505,76.22900239972574,46.647646219686166,1381207,109825,1271382,
B8,ports,drl,43,known,Worms,32,29,3,90.625,9.375,0.026398674604475,90.625,0.0527819740458293,1381207,109825,1271382,
B8,ports,drl,43,known,injection,70150,69667,483,99.31147540983606,0.6885245901639303,38.81342901076371,99.31147540983606,55.81352496775382,1381207,109825,1271382,
B8,ports,drl,43,known,mitm,187,163,24,87.16577540106952,12.834224598930478,0.1481979852347528,87.16577540106952,0.2958928976628092,1381207,109825,1271382,
B8,ports,drl,43,known,password,23322,23301,21,99.9099562644713,0.0900437355286887,17.502967113862056,99.9099562644713,29.787533237880957,1381207,109825,1271382,
B8,ports,drl,43,known,scanning,3208,3086,122,96.19700748129677,3.802992518703241,2.7331260904606283,96.19700748129677,5.315236955192518,1381207,109825,1271382,
B8,ports,drl,43,known,xss,15004,14866,138,99.08024526792856,0.9197547320714428,11.922271856028102,99.08024526792856,21.28351050502881,1381207,109825,1271382,
B8,ports,drl,43,zero_day,Backdoor,19029,18632,397,97.9137106521625,2.086289347837511,14.504464528986352,97.9137106521625,25.26612695442279,1381207,109825,1271382,
B8,ports,drl,43,zero_day,Brute Force,291955,287597,4358,98.50730420784024,1.4926957921597483,72.36564659228729,98.50730420784024,83.43678422691792,1381207,109825,1271382,
B8,ports,drl,43,zero_day,Shellcode,1365,27,1338,1.9780219780219777,98.021978021978,0.0245785238320649,1.9780219780219777,0.048553728296933,1381207,109825,1271382,
B8,ports,drl,43,zero_day,Theft,1909,1134,775,59.40282870612887,40.597171293871135,1.0219991167908866,59.40282870612887,2.009426941205656,1381207,109825,1271382,
B8,ports,drl,43,zero_day,ransomware,142,133,9,93.66197183098592,6.338028169014088,0.1209552738318267,93.66197183098592,0.2415985467756585,1381207,109825,1271382,
B8,ports,drl,44,known,Analysis,315,294,21,93.33333333333331,6.666666666666665,0.3074445501793426,93.33333333333331,0.612870275791624,1381207,95333,1285874,
B8,ports,drl,44,known,Bot,2346,2346,0,100.0,0.0,2.401744489603702,100.0,4.690827293176706,1381207,95333,1285874,
B8,ports,drl,44,known,DDoS,114041,108202,5839,94.87991161073649,5.120088389263511,53.16137273687572,94.87991161073649,68.14242889890923,1381207,95333,1285874,
B8,ports,drl,44,known,DoS,52727,47464,5263,90.01839664687921,9.981603353120793,33.238793532077004,90.01839664687921,48.55056156788936,1381207,95333,1285874,
B8,ports,drl,44,known,Exploits,3690,3194,496,86.55826558265582,13.441734417344176,3.241750992113837,86.55826558265582,6.249449700147726,1381207,95333,1285874,
B8,ports,drl,44,known,Fuzzers,2881,2292,589,79.55570982297814,20.444290177021863,2.3477592829705505,79.55570982297814,4.56092173601576,1381207,95333,1285874,
B8,ports,drl,44,known,Generic,853,720,133,84.40797186400938,15.59202813599062,0.7495861659708702,84.40797186400938,1.4859761005510497,1381207,95333,1285874,
B8,ports,drl,44,known,Infilteration,9186,809,8377,8.80688003483562,91.1931199651644,0.8414636683239375,8.80688003483562,1.5361537293027494,1381207,95333,1285874,
B8,ports,drl,44,known,Reconnaissance,72925,42028,30897,57.63181350702777,42.36818649297223,30.596748713244654,57.63181350702777,39.97222829860285,1381207,95333,1285874,
B8,ports,drl,44,known,Worms,32,29,3,90.625,9.375,0.0304104360227344,90.625,0.0608004696312137,1381207,95333,1285874,
B8,ports,drl,44,known,injection,70150,69392,758,98.91945830363508,1.080541696364934,42.12596752162696,98.91945830363508,59.08845130388505,1381207,95333,1285874,
B8,ports,drl,44,known,mitm,187,149,38,79.67914438502673,20.320855614973265,0.1560503550407406,79.67914438502673,0.3114906605065382,1381207,95333,1285874,
B8,ports,drl,44,known,password,23322,23299,23,99.90138067061145,0.0986193293885606,19.639726212151864,99.90138067061145,32.82612677346183,1381207,95333,1285874,
B8,ports,drl,44,known,scanning,3208,3046,162,94.9501246882793,5.049875311720697,3.096189227375761,94.9501246882793,5.996830303089963,1381207,95333,1285874,
B8,ports,drl,44,known,xss,15004,14783,221,98.52705945081313,1.4729405491868852,13.424933706273384,98.52705945081313,23.630115089514064,1381207,95333,1285874,
B8,ports,drl,44,zero_day,Backdoor,19029,18626,403,97.8821798307846,2.117820169215412,16.34447476724085,97.8821798307846,28.01154991427798,1381207,95333,1285874,
B8,ports,drl,44,zero_day,Brute Force,291955,289596,2359,99.19199876693328,0.8080012330667352,75.23361451072795,99.19199876693328,85.56739411775133,1381207,95333,1285874,
B8,ports,drl,44,zero_day,Shellcode,1365,36,1329,2.6373626373626373,97.36263736263736,0.0377481152156361,2.6373626373626373,0.0744309136394649,1381207,95333,1285874,
B8,ports,drl,44,zero_day,Theft,1909,618,1291,32.37297014143531,67.6270298585647,0.6440787485278945,32.37297014143531,1.2630288166768855,1381207,95333,1285874,
B8,ports,drl,44,zero_day,ransomware,142,141,1,99.29577464788731,0.7042253521126751,0.1476841862706077,99.29577464788731,0.294929718875502,1381207,95333,1285874,
B8,ports,drl,45,known,Analysis,315,297,18,94.28571428571428,5.714285714285716,0.2409403976733432,94.28571428571428,0.4806525222119727,1381207,122970,1258237,
B8,ports,drl,45,known,Bot,2346,2346,0,100.0,0.0,1.8720674135784736,100.0,3.675330168726794,1381207,122970,1258237,
B8,ports,drl,45,known,DDoS,114041,110475,3566,96.87305442779352,3.1269455722064854,47.32378076206387,96.87305442779352,63.58529552269732,1381207,122970,1258237,
B8,ports,drl,45,known,DoS,52727,27473,25254,52.10423502190529,47.89576497809471,18.261401328077746,52.10423502190529,27.044347098488952,1381207,122970,1258237,
B8,ports,drl,45,known,Exploits,3690,2939,751,79.64769647696477,20.352303523035232,2.334225512076182,79.64769647696477,4.535528823524873,1381207,122970,1258237,
B8,ports,drl,45,known,Fuzzers,2881,2303,578,79.9375216938563,20.062478306143703,1.8383849672315664,79.9375216938563,3.5941133323969594,1381207,122970,1258237,
B8,ports,drl,45,known,Generic,853,669,184,78.42907385697538,21.57092614302461,0.5410914031980201,78.42907385697538,1.0747678565690968,1381207,122970,1258237,
B8,ports,drl,45,known,Infilteration,9186,1168,8018,12.715001088613109,87.2849989113869,0.94088836617313,12.715001088613109,1.7521226485854011,1381207,122970,1258237,
B8,ports,drl,45,known,Reconnaissance,72925,53785,19140,73.7538567020912,26.24614329790881,30.429125060111456,73.7538567020912,43.08314642742711,1381207,122970,1258237,
B8,ports,drl,45,known,Worms,32,29,3,90.625,9.375,0.0235774274587598,90.625,0.0471425900789232,1381207,122970,1258237,
B8,ports,drl,45,known,injection,70150,70050,100,99.8574483250178,0.1425516749821831,36.29157600248679,99.8574483250178,53.23555116464642,1381207,122970,1258237,
B8,ports,drl,45,known,mitm,187,187,0,100.0,0.0,0.1518387099393457,100.0,0.3032170190686211,1381207,122970,1258237,
B8,ports,drl,45,known,password,23322,23223,99,99.5755081039362,0.4244918960638055,15.885165500400156,99.5755081039362,27.399345190691093,1381207,122970,1258237,
B8,ports,drl,45,known,scanning,3208,3201,7,99.78179551122194,0.218204488778051,2.537033074161257,99.78179551122194,4.948252807642661,1381207,122970,1258237,
B8,ports,drl,45,known,xss,15004,14999,5,99.9666755531858,0.0333244468141868,10.871282679442483,99.9666755531858,19.6099965353363,1381207,122970,1258237,
B8,ports,drl,45,zero_day,Backdoor,19029,18699,330,98.26580482421568,1.7341951757843257,13.1990767210893,98.26580482421568,23.27222491879177,1381207,122970,1258237,
B8,ports,drl,45,zero_day,Brute Force,291955,96206,195749,32.95233854532377,67.04766145467623,43.89440449684272,32.95233854532377,37.64436123029126,1381207,122970,1258237,
B8,ports,drl,45,zero_day,Shellcode,1365,193,1172,14.13919413919414,85.86080586080587,0.1567029059051825,14.13919413919414,0.3099704484132083,1381207,122970,1258237,
B8,ports,drl,45,zero_day,Theft,1909,1349,560,70.66526977475118,29.33473022524882,1.0851116884788328,70.66526977475118,2.137402161168678,1381207,122970,1258237,
B8,ports,drl,45,zero_day,ransomware,142,133,9,93.66197183098592,6.338028169014088,0.1080396091078202,93.66197183098592,0.2158302568055499,1381207,122970,1258237,
B8,ports,drl,46,known,Analysis,315,286,29,90.7936507936508,9.206349206349207,0.1995047260297862,90.7936507936508,0.3981346140460778,1381207,143069,1238138,
B8,ports,drl,46,known,Bot,2346,2346,0,100.0,0.0,1.6133136196403397,100.0,3.175398109108628,1381207,143069,1238138,
B8,ports,drl,46,known,DDoS,114041,110233,3808,96.6608500451592,3.3391499548408032,43.51840885583217,96.6608500451592,60.01638795349306,1381207,143069,1238138,
B8,ports,drl,46,known,DoS,52727,49265,3462,93.4341039695033,6.56589603049671,25.614295964312085,93.4341039695033,40.20631597847067,1381207,143069,1238138,
B8,ports,drl,46,known,Exploits,3690,3169,521,85.88075880758808,14.119241192411923,2.1670154132304877,85.88075880758808,4.227362467317645,1381207,143069,1238138,
B8,ports,drl,46,known,Fuzzers,2881,2440,441,84.69281499479348,15.307185005206524,1.6768722209622773,84.69281499479348,3.288631309387425,1381207,143069,1238138,
B8,ports,drl,46,known,Generic,853,718,135,84.17350527549824,15.82649472450176,0.499349732590568,84.17350527549824,0.9928097345132744,1381207,143069,1238138,
B8,ports,drl,46,known,Infilteration,9186,1211,7975,13.183104724580886,86.81689527541911,0.8393401718879956,13.183104724580886,1.578199731536627,1381207,143069,1238138,
B8,ports,drl,46,known,Reconnaissance,72925,53496,19429,73.35755913609873,26.642440863901275,27.215424923053444,73.35755913609873,39.70165868863408,1381207,143069,1238138,
B8,ports,drl,46,known,Worms,32,28,4,87.5,12.5,0.0195671467605889,87.5,0.0391255440895974,1381207,143069,1238138,
B8,ports,drl,46,known,injection,70150,70050,100,99.8574483250178,0.1425516749821831,32.86896053378629,99.8574483250178,49.458288764390026,1381207,143069,1238138,
B8,ports,drl,46,known,mitm,187,183,4,97.86096256684492,2.1390374331550777,0.1277469075475386,97.86096256684492,0.2551607303453035,1381207,143069,1238138,
B8,ports,drl,46,known,password,23322,23319,3,99.9871366092102,0.0128633907898079,14.01483280044234,99.9871366092102,24.58383849032734,1381207,143069,1238138,
B8,ports,drl,46,known,scanning,3208,3185,23,99.28304239401496,0.7169576059850358,2.1777182162539144,99.28304239401496,4.261952870963857,1381207,143069,1238138,
B8,ports,drl,46,known,xss,15004,14975,29,99.80671820847776,0.1932817915222595,9.47520943534712,99.80671820847776,17.30733669270954,1381207,143069,1238138,
B8,ports,drl,46,zero_day,Backdoor,19029,18670,359,98.1134058542225,1.8865941457774984,11.543288878996409,98.1134058542225,20.65631085147814,1381207,143069,1238138,
B8,ports,drl,46,zero_day,Brute Force,291955,289596,2359,99.19199876693328,0.8080012330667352,66.93307755422786,99.19199876693328,79.93044630288979,1381207,143069,1238138,
B8,ports,drl,46,zero_day,Shellcode,1365,119,1246,8.717948717948717,91.28205128205128,0.0831075229767857,8.717948717948717,0.1646454933484604,1381207,143069,1238138,
B8,ports,drl,46,zero_day,Theft,1909,1188,721,62.23153483499214,37.76846516500786,0.8235302273026611,62.23153483499214,1.6255490332909155,1381207,143069,1238138,
B8,ports,drl,46,zero_day,ransomware,142,141,1,99.29577464788731,0.7042253521126751,0.0984568116751623,99.29577464788731,0.1967185668843127,1381207,143069,1238138,
B8,ports,drl,47,known,Analysis,315,284,31,90.15873015873017,9.84126984126984,0.2608879376073636,90.15873015873017,0.5202703940498653,1381207,108575,1272632,
B8,ports,drl,47,known,Bot,2346,2346,0,100.0,0.0,2.115018797161944,100.0,4.142424536714136,1381207,108575,1272632,
B8,ports,drl,47,known,DDoS,114041,109813,4228,96.2925614471988,3.70743855280119,50.283440482077765,96.2925614471988,66.06703987919225,1381207,108575,1272632,
B8,ports,drl,47,known,DoS,52727,48973,3754,92.88030800159312,7.119691998406886,31.084494884098813,92.88030800159312,46.579954821067645,1381207,108575,1272632,
B8,ports,drl,47,known,Exploits,3690,2971,719,80.51490514905149,19.485094850948517,2.663475158230685,80.51490514905149,5.156374744003609,1381207,108575,1272632,
B8,ports,drl,47,known,Fuzzers,2881,2283,598,79.24331829225963,20.756681707740366,2.0593912933662883,79.24331829225963,4.014454145016222,1381207,108575,1272632,
B8,ports,drl,47,known,Generic,853,704,149,82.53223915592028,17.467760844079717,0.6442225862242518,82.53223915592028,1.2784658409908112,1381207,108575,1272632,
B8,ports,drl,47,known,Infilteration,9186,1118,8068,12.170694535162204,87.82930546483779,1.019208153665229,12.170694535162204,1.8809041125850652,1381207,108575,1272632,
B8,ports,drl,47,known,Reconnaissance,72925,48263,24662,66.1816935207405,33.818306479259505,30.772516864535383,66.1816935207405,42.01111580193504,1381207,108575,1272632,
B8,ports,drl,47,known,Worms,32,28,4,87.5,12.5,0.025781976556817,87.5,0.0515487642104294,1381207,108575,1272632,
B8,ports,drl,47,known,injection,70150,69703,447,99.36279401282964,0.6372059871703528,39.09792571152919,99.36279401282964,56.1152527090344,1381207,108575,1272632,
B8,ports,drl,47,known,mitm,187,163,24,87.16577540106952,12.834224598930478,0.1499015983372878,87.16577540106952,0.2992885012623364,1381207,108575,1272632,
B8,ports,drl,47,known,password,23322,23308,14,99.93997084298088,0.0600291570191258,17.673240675447175,99.93997084298088,30.03511484810412,1381207,108575,1272632,
B8,ports,drl,47,known,scanning,3208,3105,103,96.78927680798004,3.2107231920199486,2.7802650429799427,96.78927680798004,5.405264257363693,1381207,108575,1272632,
B8,ports,drl,47,known,xss,15004,14868,136,99.09357504665422,0.9064249533457748,12.04442536231297,99.09357504665422,21.478255216797763,1381207,108575,1272632,
B8,ports,drl,47,zero_day,Backdoor,19029,18642,387,97.96626202112564,2.0337379788743504,14.653701942350471,97.96626202112564,25.49403060596529,1381207,108575,1272632,
B8,ports,drl,47,zero_day,Brute Force,291955,289596,2359,99.19199876693328,0.8080012330667352,72.73156508133441,99.19199876693328,83.92554403108997,1381207,108575,1272632,
B8,ports,drl,47,zero_day,Shellcode,1365,58,1307,4.249084249084249,95.75091575091577,0.0533907744423885,4.249084249084249,0.105456462844779,1381207,108575,1272632,
B8,ports,drl,47,zero_day,Theft,1909,657,1252,34.41592456783656,65.58407543216343,0.6014720960890582,34.41592456783656,1.1822819661511057,1381207,108575,1272632,
B8,ports,drl,47,zero_day,ransomware,142,133,9,93.66197183098592,6.338028169014088,0.1223461014828715,93.66197183098592,0.2443729903536977,1381207,108575,1272632,
B8,ports,drl,48,known,Analysis,315,298,17,94.6031746031746,5.3968253968254,0.3354609210541127,94.6031746031746,0.6685511733297438,1381207,88535,1292672,
B8,ports,drl,48,known,Bot,2346,2346,0,100.0,0.0,2.581397651874429,100.0,5.032876741716455,1381207,88535,1292672,
B8,ports,drl,48,known,DDoS,114041,108785,5256,95.39113125981008,4.608868740189931,55.131258868842494,95.39113125981008,69.87708801038023,1381207,88535,1292672,
B8,ports,drl,48,known,DoS,52727,47785,4942,90.6271928992736,9.372807100726387,35.05355046948357,90.6271928992736,50.5535660444228,1381207,88535,1292672,
B8,ports,drl,48,known,Exploits,3690,3041,649,82.41192411924119,17.5880758807588,3.3207390582685417,82.41192411924119,6.384229420779711,1381207,88535,1292672,
B8,ports,drl,48,known,Fuzzers,2881,1993,888,69.17736896910795,30.82263103089205,2.2015288087663487,69.17736896910795,4.267254761318502,1381207,88535,1292672,
B8,ports,drl,48,known,Generic,853,723,130,84.75967174677609,15.240328253223913,0.8100114275471106,84.75967174677609,1.6046875520191763,1381207,88535,1292672,
B8,ports,drl,48,known,Infilteration,9186,555,8631,6.04180274330503,93.95819725669496,0.6229655404646985,6.04180274330503,1.1294720989865277,1381207,88535,1292672,
B8,ports,drl,48,known,Reconnaissance,72925,46460,26465,63.70929036681522,36.29070963318478,34.416089484795734,63.70929036681522,44.690265486725664,1381207,88535,1292672,
B8,ports,drl,48,known,Worms,32,29,3,90.625,9.375,0.0327446818120229,90.625,0.0654657095128448,1381207,88535,1292672,
B8,ports,drl,48,known,injection,70150,69318,832,98.81397006414824,1.1860299358517512,43.91300767169455,98.81397006414824,60.80446309916975,1381207,88535,1292672,
B8,ports,drl,48,known,mitm,187,144,43,77.00534759358288,22.99465240641712,0.1623834278690558,77.00534759358288,0.3240834514887583,1381207,88535,1292672,
B8,ports,drl,48,known,password,23322,23284,38,99.83706371666236,0.1629362833376224,20.822937067940156,99.83706371666236,34.45882448701727,1381207,88535,1292672,
B8,ports,drl,48,known,scanning,3208,3002,206,93.5785536159601,6.421446384039897,3.279548160852989,93.5785536159601,6.33700986859465,1381207,88535,1292672,
B8,ports,drl,48,known,xss,15004,14741,263,98.247134097574,1.7528659024260151,14.27340330764166,98.247134097574,24.925600270544475,1381207,88535,1292672,
B8,ports,drl,48,zero_day,Backdoor,19029,18690,339,98.21850859214882,1.7814914078511768,17.43063651200746,98.21850859214882,29.60698274906141,1381207,88535,1292672,
B8,ports,drl,48,zero_day,Brute Force,291955,289596,2359,99.19199876693328,0.8080012330667352,76.58615664941514,99.19199876693328,86.43547246174373,1381207,88535,1292672,
B8,ports,drl,48,zero_day,Shellcode,1365,172,1193,12.6007326007326,87.3992673992674,0.1938967612477031,12.6007326007326,0.3819166888711253,1381207,88535,1292672,
B8,ports,drl,48,zero_day,Theft,1909,637,1272,33.368255631220535,66.63174436877947,0.7143497959000583,33.368255631220535,1.398754954381265,1381207,88535,1292672,
B8,ports,drl,48,zero_day,ransomware,142,134,8,94.3661971830986,5.633802816901412,0.1511238426056457,94.3661971830986,0.301764421073966,1381207,88535,1292672,
B8,ports,drl,49,known,Analysis,315,291,24,92.38095238095238,7.619047619047614,0.2999659832390141,92.38095238095238,0.5979902595401023,1381207,96720,1284487,
B8,ports,drl,49,known,Bot,2346,2346,0,100.0,0.0,2.3681182242141605,100.0,4.626671399834339,1381207,96720,1284487,
B8,ports,drl,49,known,DDoS,114041,109021,5020,95.59807437675924,4.401925623240766,52.98943817712561,95.59807437675924,68.1845757422244,1381207,96720,1284487,
B8,ports,drl,49,known,DoS,52727,48249,4478,91.5071974510213,8.492802548978705,33.2822879374211,91.5071974510213,48.81130624797669,1381207,96720,1284487,
B8,ports,drl,49,known,Exploits,3690,2950,740,79.94579945799458,20.054200542005415,2.959767231865156,79.94579945799458,5.708204334365326,1381207,96720,1284487,
B8,ports,drl,49,known,Fuzzers,2881,2029,852,70.42693509198195,29.57306490801805,2.0547043514364702,70.42693509198195,3.992915477713274,1381207,96720,1284487,
B8,ports,drl,49,known,Generic,853,705,148,82.64947245017585,17.350527549824147,0.7236335642802155,82.64947245017585,1.434705630965221,1381207,96720,1284487,
B8,ports,drl,49,known,Infilteration,9186,529,8657,5.75876333551056,94.24123666448943,0.5439644623595101,5.75876333551056,0.9940339174143844,1381207,96720,1284487,
B8,ports,drl,49,known,Reconnaissance,72925,48097,24828,65.95406239286939,34.04593760713062,33.21226099145819,65.95406239286939,44.17797209541568,1381207,96720,1284487,
B8,ports,drl,49,known,Worms,32,28,4,87.5,12.5,0.0289411667424649,87.5,0.0578631948749741,1381207,96720,1284487,
B8,ports,drl,49,known,injection,70150,69507,643,99.08339272986456,0.9166072701354278,41.81450666859175,99.08339272986456,58.81029034127686,1381207,96720,1284487,
B8,ports,drl,49,known,mitm,187,152,35,81.28342245989305,18.71657754010695,0.1569080848955322,81.28342245989305,0.3132115517365726,1381207,96720,1284487,
B8,ports,drl,49,known,password,23322,23290,32,99.862790498242,0.1372095017579955,19.406716106991084,99.862790498242,32.49797672536489,1381207,96720,1284487,
B8,ports,drl,49,known,scanning,3208,3048,160,95.01246882793018,4.987531172069826,3.0550878037045948,95.01246882793018,5.919825978868863,1381207,96720,1284487,
B8,ports,drl,49,known,xss,15004,14800,204,98.64036256998136,1.3596374300186564,13.27116212338594,98.64036256998136,23.39477095254655,1381207,96720,1284487,
B8,ports,drl,49,zero_day,Backdoor,19029,18659,370,98.05559934836302,1.9444006516369796,16.171920366791184,98.05559934836302,27.764716385929404,1381207,96720,1284487,
B8,ports,drl,49,zero_day,Brute Force,291955,289596,2359,99.19199876693328,0.8080012330667352,74.96350138228807,99.19199876693328,85.39241689531175,1381207,96720,1284487,
B8,ports,drl,49,zero_day,Shellcode,1365,23,1342,1.684981684981685,98.3150183150183,0.0237743299256793,1.684981684981685,0.0468871040078281,1381207,96720,1284487,
B8,ports,drl,49,zero_day,Theft,1909,1179,730,61.76008381351493,38.23991618648507,1.2043023932828731,61.76008381351493,2.3625360692529656,1381207,96720,1284487,
B8,ports,drl,49,zero_day,ransomware,142,136,6,95.77464788732394,4.225352112676061,0.1404146361608986,95.77464788732394,0.2804181529516072,1381207,96720,1284487,
B9,ports,drl,42,known,Analysis,315,284,31,90.15873015873017,9.84126984126984,0.2294115271214507,90.15873015873017,0.4576585287245185,1381207,123511,1257696,
B9,ports,drl,42,known,Bot,2346,2346,0,100.0,0.0,1.864020276981018,100.0,3.6598207530245,1381207,123511,1257696,
B9,ports,drl,42,known,DDoS,114041,110291,3750,96.7117089467823,3.2882910532177068,47.17282144720746,96.7117089467823,63.414241482507904,1381207,123511,1257696,
B9,ports,drl,42,known,DoS,52727,48973,3754,92.88030800159312,7.119691998406886,28.39277846061084,92.88030800159312,43.4907708770886,1381207,123511,1257696,
B9,ports,drl,42,known,Exploits,3690,3171,519,85.9349593495935,14.065040650406502,2.503118043605248,85.9349593495935,4.864541465958949,1381207,123511,1257696,
B9,ports,drl,42,known,Fuzzers,2881,2387,494,82.85317598056231,17.14682401943769,1.8959792848178685,82.85317598056231,3.7071261618742177,1381207,123511,1257696,
B9,ports,drl,42,known,Generic,853,727,126,85.22860492379836,14.771395076201642,0.5851671791239396,85.22860492379836,1.1623538064289198,1381207,123511,1257696,
B9,ports,drl,42,known,Infilteration,9186,1079,8107,11.746135423470498,88.25386457652951,0.8660406132113332,11.746135423470498,1.6131443607224012,1381207,123511,1257696,
B9,ports,drl,42,known,Reconnaissance,72925,48123,24802,65.98971546109016,34.01028453890984,28.038150949112644,65.98971546109016,39.354920489534216,1381207,123511,1257696,
B9,ports,drl,42,known,Worms,32,28,4,87.5,12.5,0.0226649074381369,87.5,0.0453180762476632,1381207,123511,1257696,
B9,ports,drl,42,known,injection,70150,69981,169,99.7590876692801,0.240912330719889,36.167386765344304,99.7590876692801,53.08789950007965,1381207,123511,1257696,
B9,ports,drl,42,known,mitm,187,176,11,94.11764705882352,5.882352941176472,0.1422946631416398,94.11764705882352,0.2841597106737491,1381207,123511,1257696,
B9,ports,drl,42,known,password,23322,23316,6,99.97427321842038,0.0257267815796269,15.879913095002962,99.97427321842038,27.40656718523177,1381207,123511,1257696,
B9,ports,drl,42,known,scanning,3208,3171,37,98.84663341645886,1.1533665835411488,2.503118043605248,98.84663341645886,4.882592963276619,1381207,123511,1257696,
B9,ports,drl,42,known,xss,15004,14958,46,99.69341508930953,0.3065849106904772,10.802417869703689,99.69341508930953,19.49267949411297,1381207,123511,1257696,
B9,ports,drl,42,zero_day,Backdoor,19029,18670,359,98.1134058542225,1.8865941457774984,13.131149731680042,98.1134058542225,23.16233484275169,1381207,123511,1257696,
B9,ports,drl,42,zero_day,Brute Force,291955,289596,2359,99.19199876693328,0.8080012330667352,70.10193484980888,99.19199876693328,82.14766928298506,1381207,123511,1257696,
B9,ports,drl,42,zero_day,Shellcode,1365,170,1195,12.454212454212454,87.54578754578755,0.1374503763714717,12.454212454212454,0.2718999408217776,1381207,123511,1257696,
B9,ports,drl,42,zero_day,Theft,1909,799,1110,41.85437401781037,58.14562598218963,0.6427479687877081,41.85437401781037,1.2660534467869338,1381207,123511,1257696,
B9,ports,drl,42,zero_day,ransomware,142,133,9,93.66197183098592,6.338028169014088,0.1075668855747145,93.66197183098592,0.2148869823728046,1381207,123511,1257696,
B9,ports,drl,43,known,Analysis,315,286,29,90.7936507936508,9.206349206349207,0.2391424318945766,90.7936507936508,0.4770284132133535,1381207,119308,1261899,
B9,ports,drl,43,known,Bot,2346,2346,0,100.0,0.0,1.9284199450901736,100.0,3.783870967741936,1381207,119308,1261899,
B9,ports,drl,43,known,DDoS,114041,110683,3358,97.05544497154531,2.944555028454676,48.12492662756369,97.05544497154531,64.34459585154869,1381207,119308,1261899,
B9,ports,drl,43,known,DoS,52727,49672,3055,94.20600451381644,5.793995486183546,29.395194697597347,94.20600451381644,44.80868894531972,1381207,119308,1261899,
B9,ports,drl,43,known,Exploits,3690,2837,853,76.88346883468836,23.11653116531165,2.322649310246019,76.88346883468836,4.509079349942384,1381207,119308,1261899,
B9,ports,drl,43,known,Fuzzers,2881,2220,661,77.05657757723013,22.94342242276988,1.826739516819169,77.05657757723013,3.568873634544125,1381207,119308,1261899,
B9,ports,drl,43,known,Generic,853,709,144,83.11840562719811,16.881594372801878,0.5907496438004616,83.11840562719811,1.1731612476214115,1381207,119308,1261899,
B9,ports,drl,43,known,Infilteration,9186,1199,7987,13.052471151752668,86.94752884824733,0.9949629482104774,13.052471151752668,1.848981826312908,1381207,119308,1261899,
B9,ports,drl,43,known,Reconnaissance,72925,53053,19872,72.75008570449091,27.249914295509083,30.780164886488244,72.75008570449091,43.25807424802068,1381207,119308,1261899,
B9,ports,drl,43,known,Worms,32,28,4,87.5,12.5,0.02346316283435,87.5,0.0469137457274981,1381207,119308,1261899,
B9,ports,drl,43,known,injection,70150,70146,4,99.99429793300072,0.0057020669992913,37.02534652211091,99.99429793300072,54.0407697878307,1381207,119308,1261899,
B9,ports,drl,43,known,mitm,187,187,0,100.0,0.0,0.1564919034269216,100.0,0.3124947778279106,1381207,119308,1261899,
B9,ports,drl,43,known,password,23322,23322,0,100.0,0.0,16.351398723971116,100.0,28.10692248360972,1381207,119308,1261899,
B9,ports,drl,43,known,scanning,3208,3208,0,100.0,0.0,2.6184335107251298,100.0,5.103242022207375,1381207,119308,1261899,
B9,ports,drl,43,known,xss,15004,15004,0,100.0,0.0,11.171004824587529,100.0,20.09697554180396,1381207,119308,1261899,
B9,ports,drl,43,zero_day,Backdoor,19029,18600,429,97.74554627148038,2.254453728519623,13.48725237114598,97.74554627148038,23.703779223510065,1381207,119308,1261899,
B9,ports,drl,43,zero_day,Brute Force,291955,289596,2359,99.19199876693328,0.8080012330667352,70.82249134271125,99.19199876693328,82.64030282838631,1381207,119308,1261899,
B9,ports,drl,43,zero_day,Shellcode,1365,53,1312,3.8827838827838823,96.11721611721612,0.0444031132446946,3.8827838827838823,0.0878021304441462,1381207,119308,1261899,
B9,ports,drl,43,zero_day,Theft,1909,1128,781,59.08852802514405,40.91147197485595,0.9365970307881364,59.08852802514405,1.8439658343209773,1381207,119308,1261899,
B9,ports,drl,43,zero_day,ransomware,142,55,87,38.732394366197184,61.26760563380282,0.0460779303469249,38.732394366197184,0.0920463578929751,1381207,119308,1261899,
B9,ports,drl,44,known,Analysis,315,295,20,93.65079365079364,6.349206349206349,0.231519632079988,93.65079365079364,0.4618973804938387,1381207,127124,1254083,
B9,ports,drl,44,known,Bot,2346,2346,0,100.0,0.0,1.8120027805669268,100.0,3.559507191843175,1381207,127124,1254083,
B9,ports,drl,44,known,DDoS,114041,110440,3601,96.84236371129684,3.1576362887031806,46.488525197420486,96.84236371129684,62.820494589098566,1381207,127124,1254083,
B9,ports,drl,44,known,DoS,52727,49443,3284,93.77169192254443,6.228308077455569,28.002401354726537,93.77169192254443,43.12629200938533,1381207,127124,1254083,
B9,ports,drl,44,known,Exploits,3690,2940,750,79.67479674796748,20.32520325203252,2.260425636609669,79.67479674796748,4.396130209190006,1381207,127124,1254083,
B9,ports,drl,44,known,Fuzzers,2881,2452,429,85.10933703575148,14.890662964248524,1.8923257393344448,85.10933703575148,3.702333587503869,1381207,127124,1254083,
B9,ports,drl,44,known,Generic,853,709,144,83.11840562719811,16.881594372801878,0.5546298686567631,83.11840562719811,1.101906967346875,1381207,127124,1254083,
B9,ports,drl,44,known,Infilteration,9186,1203,7983,13.096015676028738,86.90398432397126,0.9374488611126264,13.096015676028738,1.749652760102681,1381207,127124,1254083,
B9,ports,drl,44,known,Reconnaissance,72925,53298,19627,73.08604730887899,26.91395269112101,29.540743368325373,73.08604730887899,42.07509858020818,1381207,127124,1254083,
B9,ports,drl,44,known,Worms,32,29,3,90.625,9.375,0.0228071693157062,90.625,0.0456028619727169,1381207,127124,1254083,
B9,ports,drl,44,known,injection,70150,70146,4,99.99429793300072,0.0057020669992913,35.558371774725,99.99429793300072,52.46129683643706,1381207,127124,1254083,
B9,ports,drl,44,known,mitm,187,187,0,100.0,0.0,0.1468844011907847,100.0,0.2933379347127013,1381207,127124,1254083,
B9,ports,drl,44,known,password,23322,23322,0,100.0,0.0,15.501907661220638,100.0,26.84268680079186,1381207,127124,1254083,
B9,ports,drl,44,known,scanning,3208,3208,0,100.0,0.0,2.4614062547954454,100.0,4.804552942938446,1381207,127124,1254083,
B9,ports,drl,44,known,xss,15004,15004,0,100.0,0.0,10.556681301362152,100.0,19.097319451162083,1381207,127124,1254083,
B9,ports,drl,44,zero_day,Backdoor,19029,18719,310,98.370907562142,1.629092437858004,12.835034934827178,98.370907562142,22.70731233926925,1381207,127124,1254083,
B9,ports,drl,44,zero_day,Brute Force,291955,289596,2359,99.19199876693328,0.8080012330667352,69.49414474947207,99.19199876693328,81.72886019684623,1381207,127124,1254083,
B9,ports,drl,44,zero_day,Shellcode,1365,141,1224,10.329670329670328,89.67032967032968,0.1107924409696303,10.329670329670328,0.2192334603125243,1381207,127124,1254083,
B9,ports,drl,44,zero_day,Theft,1909,1127,782,59.036144578313255,40.963855421686745,0.8787455848297479,59.036144578313255,1.731714812538414,1381207,127124,1254083,
B9,ports,drl,44,zero_day,ransomware,142,133,9,93.66197183098592,6.338028169014088,0.1045129148101872,93.66197183098592,0.2087928476675641,1381207,127124,1254083,
B9,ports,drl,45,known,Analysis,315,294,21,93.33333333333331,6.666666666666665,0.2107088848913129,93.33333333333331,0.4204685220674466,1381207,139235,1241972,
B9,ports,drl,45,known,Bot,2346,2346,0,100.0,0.0,1.6570019988557787,100.0,3.259985965107311,1381207,139235,1241972,
B9,ports,drl,45,known,DDoS,114041,110032,4009,96.48459764470672,3.5154023552932734,44.14222500371088,96.48459764470672,60.57229678399594,1381207,139235,1241972,
B9,ports,drl,45,known,DoS,52727,49093,3634,93.10789538566578,6.892104614334215,26.06781784970902,93.10789538566578,40.73178320300347,1381207,139235,1241972,
B9,ports,drl,45,known,Exploits,3690,3191,499,86.47696476964771,13.5230352303523,2.240461713451196,86.47696476964771,4.367762599578418,1381207,139235,1241972,
B9,ports,drl,45,known,Fuzzers,2881,2333,548,80.9788267962513,19.0211732037487,1.6479712929475587,80.9788267962513,3.230205816585785,1381207,139235,1241972,
B9,ports,drl,45,known,Generic,853,731,122,85.69753810082064,14.302461899179365,0.5222696940685595,85.69753810082064,1.038212173073236,1381207,139235,1241972,
B9,ports,drl,45,known,Infilteration,9186,1172,8014,12.75854561288918,87.24145438711082,0.8347162178523863,12.75854561288918,1.5669182381528548,1381207,139235,1241972,
B9,ports,drl,45,known,Reconnaissance,72925,50044,22881,68.62392869386356,31.37607130613645,26.43927746871021,68.62392869386356,38.17180515934158,1381207,139235,1241972,
B9,ports,drl,45,known,Worms,32,29,3,90.625,9.375,0.0208237591911764,90.625,0.0416379508385021,1381207,139235,1241972,
B9,ports,drl,45,known,injection,70150,69921,229,99.6735566642908,0.3264433357091922,33.43007133431506,99.6735566642908,50.06766771927565,1381207,139235,1241972,
B9,ports,drl,45,known,mitm,187,175,12,93.58288770053476,6.417112299465244,0.1255290151352127,93.58288770053476,0.2507217203808105,1381207,139235,1241972,
B9,ports,drl,45,known,password,23322,23315,7,99.96998542149043,0.0300145785095629,14.343278991079666,99.96998542149043,25.087156753034343,1381207,139235,1241972,
B9,ports,drl,45,known,scanning,3208,3155,53,98.34788029925188,1.6521197007481336,2.215745487744926,98.34788029925188,4.333850739707963,1381207,139235,1241972,
B9,ports,drl,45,known,xss,15004,14937,67,99.55345241268996,0.4465475873100533,9.68852969410788,99.55345241268996,17.658533125265993,1381207,139235,1241972,
B9,ports,drl,45,zero_day,Backdoor,19029,18727,302,98.41294865731253,1.5870513426874733,11.855382940200808,98.41294865731253,21.16152798729879,1381207,139235,1241972,
B9,ports,drl,45,zero_day,Brute Force,291955,289596,2359,99.19199876693328,0.8080012330667352,67.53149842245547,99.19199876693328,80.35561179046209,1381207,139235,1241972,
B9,ports,drl,45,zero_day,Shellcode,1365,121,1244,8.864468864468865,91.13553113553114,0.0868279801372025,8.864468864468865,0.1719714896852637,1381207,139235,1241972,
B9,ports,drl,45,zero_day,Theft,1909,1177,732,61.65531691985333,38.344683080146666,0.8382474432384697,61.65531691985333,1.6540074901103845,1381207,139235,1241972,
B9,ports,drl,45,zero_day,ransomware,142,135,7,95.07042253521126,4.929577464788737,0.0968644615053454,95.07042253521126,0.1935317392052296,1381207,139235,1241972,
B9,ports,drl,46,known,Analysis,315,286,29,90.7936507936508,9.206349206349207,0.2113477483336042,90.7936507936508,0.4217138391441863,1381207,135036,1246171,
B9,ports,drl,46,known,Bot,2346,2346,0,100.0,0.0,1.7076472900379964,100.0,3.357952593610443,1381207,135036,1246171,
B9,ports,drl,46,known,DDoS,114041,109876,4165,96.34780473689288,3.652195263107128,44.86346116156007,96.34780473689288,61.22027117756363,1381207,135036,1246171,
B9,ports,drl,46,known,DoS,52727,49131,3596,93.17996472395546,6.820035276044534,26.67741777842936,93.17996472395546,41.4793114219862,1381207,135036,1246171,
B9,ports,drl,46,known,Exploits,3690,2931,759,79.4308943089431,20.56910569105691,2.1244210572093327,79.4308943089431,4.138164721828078,1381207,135036,1246171,
B9,ports,drl,46,known,Fuzzers,2881,2281,600,79.17389795209996,20.82610204790003,1.6611198904724105,79.17389795209996,3.253969386153868,1381207,135036,1246171,
B9,ports,drl,46,known,Generic,853,723,130,84.75967174677609,15.240328253223913,0.5325613771462665,84.75967174677609,1.058472169355547,1381207,135036,1246171,
B9,ports,drl,46,known,Infilteration,9186,1400,7786,15.240583496625298,84.75941650337471,1.02612213785218,15.240583496625298,1.9227863921660189,1381207,135036,1246171,
B9,ports,drl,46,known,Reconnaissance,72925,54486,18439,74.71511827219747,25.28488172780253,28.749168961914712,74.71511827219747,41.52152625101449,1381207,135036,1246171,
B9,ports,drl,46,known,Worms,32,28,4,87.5,12.5,0.0207309127524729,87.5,0.0414520045005033,1381207,135036,1246171,
B9,ports,drl,46,known,injection,70150,69551,599,99.14611546685671,0.8538845331432676,33.99580618514373,99.14611546685671,50.63096707032544,1381207,135036,1246171,
B9,ports,drl,46,known,mitm,187,155,32,82.88770053475936,17.112299465240643,0.1146526026140793,82.88770053475936,0.2289884619362082,1381207,135036,1246171,
B9,ports,drl,46,known,password,23322,23306,16,99.931395249121,0.0686047508789977,14.71877328819896,99.931395249121,25.65835828782807,1381207,135036,1246171,
B9,ports,drl,46,known,scanning,3208,3077,131,95.91645885286782,4.083541147132175,2.2278858615771147,95.91645885286782,4.354625285697101,1381207,135036,1246171,
B9,ports,drl,46,known,xss,15004,14818,186,98.7603305785124,1.2396694214875992,9.888291270169631,98.7603305785124,17.976682963520123,1381207,135036,1246171,
B9,ports,drl,46,zero_day,Backdoor,19029,18651,378,98.0135582531925,1.986441746807499,12.135704386187513,98.0135582531925,21.597304245119155,1381207,135036,1246171,
B9,ports,drl,46,zero_day,Brute Force,291955,289596,2359,99.19199876693328,0.8080012330667352,68.19928785395354,99.19199876693328,80.8264732684238,1381207,135036,1246171,
B9,ports,drl,46,zero_day,Shellcode,1365,140,1225,10.256410256410255,89.74358974358975,0.1035686808309167,10.256410256410255,0.205066610029222,1381207,135036,1246171,
B9,ports,drl,46,zero_day,Theft,1909,1432,477,75.0130958617077,24.9869041382923,1.049330245918457,75.0130958617077,2.069708116233189,1381207,135036,1246171,
B9,ports,drl,46,zero_day,ransomware,142,133,9,93.66197183098592,6.338028169014088,0.0983953421272629,93.66197183098592,0.1965841653671911,1381207,135036,1246171,
B9,ports,drl,47,known,Analysis,315,288,27,91.42857142857144,8.571428571428575,0.2673771968100415,91.42857142857144,0.5331950975672974,1381207,107425,1273782,
B9,ports,drl,47,known,Bot,2346,2346,0,100.0,0.0,2.137176485592734,100.0,4.184913973795233,1381207,107425,1273782,
B9,ports,drl,47,known,DDoS,114041,109213,4828,95.76643487868398,4.233565121316019,50.41266998402866,95.76643487868398,66.05378630030937,1381207,107425,1273782,
B9,ports,drl,47,known,DoS,52727,48448,4279,91.88461319627515,8.115386803724844,31.08171395944134,91.88461319627515,46.45062320230106,1381207,107425,1273782,
B9,ports,drl,47,known,Exploits,3690,2898,792,78.53658536585367,21.46341463414634,2.6268321202287828,78.53658536585367,5.083630814029978,1381207,107425,1273782,
B9,ports,drl,47,known,Fuzzers,2881,2193,688,76.11940298507463,23.88059701492537,2.000583845718769,76.11940298507463,3.898701321789528,1381207,107425,1273782,
B9,ports,drl,47,known,Generic,853,696,157,81.59437280187574,18.405627198124265,0.6437232360041065,81.59437280187574,1.2773689136858335,1381207,107425,1273782,
B9,ports,drl,47,known,Infilteration,9186,1150,8036,12.51905072937078,87.48094927062921,1.0591756850103615,12.51905072937078,1.9531084145005564,1381207,107425,1273782,
B9,ports,drl,47,known,Reconnaissance,72925,47881,25044,65.65786767226602,34.34213232773398,30.83010315119828,65.65786767226602,41.95836674246706,1381207,107425,1273782,
B9,ports,drl,47,known,Worms,32,28,4,87.5,12.5,0.0260579043861036,87.5,0.0521002930641484,1381207,107425,1273782,
B9,ports,drl,47,known,injection,70150,69574,576,99.17890235210264,0.821097647897362,39.307566709416434,99.17890235210264,56.30125956406864,1381207,107425,1273782,
B9,ports,drl,47,known,mitm,187,154,33,82.35294117647058,17.647058823529417,0.1431506148969594,82.35294117647058,0.2858044281127628,1381207,107425,1273782,
B9,ports,drl,47,known,password,23322,23306,16,99.931395249121,0.0686047508789977,17.82744720074045,99.931395249121,30.257119303096985,1381207,107425,1273782,
B9,ports,drl,47,known,scanning,3208,3084,124,96.13466334164588,3.8653366583541127,2.790722927544363,96.13466334164588,5.423991135889972,1381207,107425,1273782,
B9,ports,drl,47,known,xss,15004,14830,174,98.84030925086644,1.1596907491335684,12.130383215410411,98.84030925086644,21.60878339489578,1381207,107425,1273782,
B9,ports,drl,47,zero_day,Backdoor,19029,18632,397,97.9137106521625,2.086289347837511,14.780615118557478,97.9137106521625,25.684077030175207,1381207,107425,1273782,
B9,ports,drl,47,zero_day,Brute Force,291955,289596,2359,99.19199876693328,0.8080012330667352,72.94223731238398,99.19199876693328,84.06562783028726,1381207,107425,1273782,
B9,ports,drl,47,zero_day,Shellcode,1365,39,1326,2.857142857142857,97.14285714285714,0.0362912231072731,2.857142857142857,0.0716720727012101,1381207,107425,1273782,
B9,ports,drl,47,zero_day,Theft,1909,652,1257,34.15400733368256,65.84599266631744,0.6032735919760912,34.15400733368256,1.185605440692452,1381207,107425,1273782,
B9,ports,drl,47,zero_day,ransomware,142,133,9,93.66197183098592,6.338028169014088,0.1236542144703322,93.66197183098592,0.2469823584029712,1381207,107425,1273782,
B9,ports,drl,48,known,Analysis,315,298,17,94.6031746031746,5.3968253968254,0.2818606586837675,94.6031746031746,0.5620467555002311,1381207,105428,1275779,
B9,ports,drl,48,known,Bot,2346,2346,0,100.0,0.0,2.176777330339414,100.0,4.260806393025791,1381207,105428,1275779,
B9,ports,drl,48,known,DDoS,114041,108881,5160,95.47531151077244,4.524688489227557,50.80561245677969,95.47531151077244,66.32008527485914,1381207,105428,1275779,
B9,ports,drl,48,known,DoS,52727,47987,4740,91.01029832912928,8.989701670870708,31.279209985985723,91.01029832912928,46.55722754217966,1381207,105428,1275779,
B9,ports,drl,48,known,Exploits,3690,3091,599,83.7669376693767,16.233062330623305,2.8483491370174807,83.7669376693767,5.509361994135943,1381207,105428,1275779,
B9,ports,drl,48,known,Fuzzers,2881,2229,652,77.36896910794863,22.63103089205137,2.0704645308711926,77.36896910794863,4.033002225479021,1381207,105428,1275779,
B9,ports,drl,48,known,Generic,853,702,151,82.29777256740914,17.702227432590856,0.6614529350796193,82.29777256740914,1.312358038192984,1381207,105428,1275779,
B9,ports,drl,48,known,Infilteration,9186,1186,8000,12.910951447855432,87.08904855214456,1.1124242594781173,12.910951447855432,2.0483592400690847,1381207,105428,1275779,
B9,ports,drl,48,known,Reconnaissance,72925,58699,14226,80.49228659581762,19.507713404182383,35.76437758565014,80.49228659581762,49.52415503771325,1381207,105428,1275779,
B9,ports,drl,48,known,Worms,32,28,4,87.5,12.5,0.0265513579123046,87.5,0.0530866070074321,1381207,105428,1275779,
B9,ports,drl,48,known,injection,70150,69035,1115,98.41054882394867,1.5894511760513153,39.56999478399432,98.41054882394867,56.44426093461917,1381207,105428,1275779,
B9,ports,drl,48,known,mitm,187,130,57,69.5187165775401,30.48128342245989,0.1231550427253263,69.5187165775401,0.2458745094330701,1381207,105428,1275779,
B9,ports,drl,48,known,password,23322,23285,37,99.84135151359231,0.1586484864076864,18.090635755518093,99.84135151359231,30.631104679843464,1381207,105428,1275779,
B9,ports,drl,48,known,scanning,3208,2984,224,93.01745635910224,6.982543640897754,2.752462826993322,93.01745635910224,5.34671205877083,1381207,105428,1275779,
B9,ports,drl,48,known,xss,15004,14679,325,97.8339109570781,2.1660890429218926,12.221602404522637,97.8339109570781,21.72880076381642,1381207,105428,1275779,
B9,ports,drl,48,zero_day,Backdoor,19029,18648,381,97.99779284250356,2.002207157496449,15.029498049582513,97.99779284250356,26.061982460431157,1381207,105428,1275779,
B9,ports,drl,48,zero_day,Brute Force,291955,287597,4358,98.50730420784024,1.4926957921597483,73.17524330513326,98.50730420784024,83.9723787555841,1381207,105428,1275779,
B9,ports,drl,48,zero_day,Shellcode,1365,54,1311,3.956043956043956,96.04395604395604,0.051193568570941,3.956043956043956,0.1010791131243741,1381207,105428,1275779,
B9,ports,drl,48,zero_day,Theft,1909,1124,785,58.87899423782085,41.12100576217915,1.0548840003003228,58.87899423782085,2.072634403149519,1381207,105428,1275779,
B9,ports,drl,48,zero_day,ransomware,142,133,9,93.66197183098592,6.338028169014088,0.1259935013878231,93.66197183098592,0.2516484867979149,1381207,105428,1275779,
B9,ports,drl,49,known,Analysis,315,291,24,92.38095238095238,7.619047619047614,0.2280260466865699,92.38095238095238,0.454929181127474,1381207,127326,1253881,
B9,ports,drl,49,known,Bot,2346,2346,0,100.0,0.0,1.8091800851378863,100.0,3.554060809889561,1381207,127326,1253881,
B9,ports,drl,49,known,DDoS,114041,110094,3947,96.5389640567866,3.461035943213409,46.37098812231488,96.5389640567866,62.64934089415326,1381207,127326,1253881,
B9,ports,drl,49,known,DoS,52727,49170,3557,93.2539306237791,6.746069376220909,27.85898830568398,93.2539306237791,42.901454042569895,1381207,127326,1253881,
B9,ports,drl,49,known,Exploits,3690,2922,768,79.1869918699187,20.8130081300813,2.243412566795651,79.1869918699187,4.3632128298167805,1381207,127326,1253881,
B9,ports,drl,49,known,Fuzzers,2881,2265,616,78.61853523082263,21.38146476917737,1.747806560640785,78.61853523082263,3.4195905549852044,1381207,127326,1253881,
B9,ports,drl,49,known,Generic,853,700,153,82.063305978898,17.936694021101996,0.546763938574977,82.063305978898,1.0862902412340258,1381207,127326,1253881,
B9,ports,drl,49,known,Infilteration,9186,1145,8041,12.46462007402569,87.53537992597431,0.8912517221785462,12.46462007402569,1.6635550680314113,1381207,127326,1253881,
B9,ports,drl,49,known,Reconnaissance,72925,51681,21244,70.86870071991773,29.13129928008228,28.87093800801086,70.86870071991773,41.0277376434911,1381207,127326,1253881,
B9,ports,drl,49,known,Worms,32,29,3,90.625,9.375,0.0227709944642927,90.625,0.0455305486431111,1381207,127326,1253881,
B9,ports,drl,49,known,injection,70150,69972,178,99.74625801853172,0.2537419814682806,35.46513395979686,99.74625801853172,52.32568574077953,1381207,127326,1253881,
B9,ports,drl,49,known,mitm,187,177,10,94.6524064171123,5.3475935828877,0.138820263052634,94.6524064171123,0.2772339259143238,1381207,127326,1253881,
B9,ports,drl,49,known,password,23322,23316,6,99.97427321842038,0.0257267815796269,15.477755207710995,99.97427321842038,26.805545975029315,1381207,127326,1253881,
B9,ports,drl,49,known,scanning,3208,3167,41,98.7219451371571,1.2780548628428925,2.426950104603312,98.7219451371571,4.73743651879941,1381207,127326,1253881,
B9,ports,drl,49,known,xss,15004,14951,53,99.64676086376966,0.3532391362303433,10.508374508880564,99.64676086376966,19.011832325582876,1381207,127326,1253881,
B9,ports,drl,49,zero_day,Backdoor,19029,18683,346,98.1817226338746,1.818277366125387,12.795786561102398,98.1817226338746,22.64084635053745,1381207,127326,1253881,
B9,ports,drl,49,zero_day,Brute Force,291955,289596,2359,99.19199876693328,0.8080012330667352,69.46047462115216,99.19199876693328,81.70557092415186,1381207,127326,1253881,
B9,ports,drl,49,zero_day,Shellcode,1365,63,1302,4.615384615384616,95.38461538461536,0.0494548194899088,4.615384615384616,0.0978610373269956,1381207,127326,1253881,
B9,ports,drl,49,zero_day,Theft,1909,1113,796,58.30277632268204,41.697223677317965,0.8665592226660126,58.30277632268204,1.7077362138276,1381207,127326,1253881,
B9,ports,drl,49,zero_day,ransomware,142,141,1,99.29577464788731,0.7042253521126751,0.1106168655416696,99.29577464788731,0.2209875479002264,1381207,127326,1253881,
LSTM,ports,supervised,42,known,Analysis,315,249,66,79.04761904761905,20.95238095238096,3.145130731337628,79.04761904761905,6.049562682215744,1381207,7668,1373539,LSTM
LSTM,ports,supervised,42,known,Bot,2346,2346,0,100.0,0.0,23.42720191731576,100.0,37.96116504854369,1381207,7668,1373539,LSTM
LSTM,ports,supervised,42,known,DDoS,114041,109974,4067,96.43373874308364,3.56626125691637,93.48191972254808,96.43373874308364,94.93488948261202,1381207,7668,1373539,LSTM
LSTM,ports,supervised,42,known,DoS,52727,49539,3188,93.95376182980256,6.046238170197427,86.5960459384341,93.95376182980256,90.12498408135792,1381207,7668,1373539,LSTM
LSTM,ports,supervised,42,known,Exploits,3690,2276,1414,61.68021680216802,38.31978319783198,22.888173773129523,61.68021680216802,33.3871204342086,1381207,7668,1373539,LSTM
LSTM,ports,supervised,42,known,Fuzzers,2881,1449,1432,50.29503644567859,49.70496355432141,15.893385982230996,50.29503644567859,24.15402567094516,1381207,7668,1373539,LSTM
LSTM,ports,supervised,42,known,Generic,853,607,246,71.16060961313013,28.839390386869862,7.33534743202417,71.16060961313013,13.29973707274321,1381207,7668,1373539,LSTM
LSTM,ports,supervised,42,known,Infilteration,9186,837,8349,9.111691704768123,90.88830829523188,9.841269841269842,9.111691704768123,9.462438528065118,1381207,7668,1373539,LSTM
LSTM,ports,supervised,42,known,Reconnaissance,72925,68115,4810,93.40418237915668,6.595817620843336,89.88163572305135,93.40418237915668,91.60905936466094,1381207,7668,1373539,LSTM
LSTM,ports,supervised,42,known,Worms,32,28,4,87.5,12.5,0.3638253638253638,87.5,0.7246376811594203,1381207,7668,1373539,LSTM
LSTM,ports,supervised,42,known,injection,70150,68288,1862,97.3456878118318,2.6543121881682064,89.90468165780189,97.3456878118318,93.4773383707719,1381207,7668,1373539,LSTM
LSTM,ports,supervised,42,known,mitm,187,68,119,36.36363636363637,63.63636363636363,0.8790072388831437,36.36363636363637,1.716521519626404,1381207,7668,1373539,LSTM
LSTM,ports,supervised,42,known,password,23322,23193,129,99.44687419603808,0.5531258039619291,75.15310586176727,99.44687419603808,85.60987763689718,1381207,7668,1373539,LSTM
LSTM,ports,supervised,42,known,scanning,3208,2816,392,87.78054862842892,12.219451371571076,26.859977107974053,87.78054862842892,41.13350861817119,1381207,7668,1373539,LSTM
LSTM,ports,supervised,42,known,xss,15004,14467,537,96.42095441215676,3.579045587843244,65.35803026880505,96.42095441215676,77.90732114488812,1381207,7668,1373539,LSTM
LSTM,ports,supervised,42,zero_day,Backdoor,19029,1376,17653,7.231068369331021,92.768931630669,15.214506855373727,7.231068369331021,9.80301357175934,1381207,7668,1373539,LSTM
LSTM,ports,supervised,42,zero_day,Brute Force,291955,287693,4262,98.54018598756656,1.459814012433425,97.40385494361138,98.54018598756656,97.9687255242493,1381207,7668,1373539,LSTM
LSTM,ports,supervised,42,zero_day,Shellcode,1365,126,1239,9.230769230769232,90.76923076923076,1.6166281755196306,9.230769230769232,2.7513920733704555,1381207,7668,1373539,LSTM
LSTM,ports,supervised,42,zero_day,Theft,1909,1288,621,67.46987951807229,32.53012048192772,14.381420276909337,67.46987951807229,23.709157846295444,1381207,7668,1373539,LSTM
LSTM,ports,supervised,42,zero_day,ransomware,142,3,139,2.112676056338028,97.88732394366195,0.0391083300743058,2.112676056338028,0.0767950851145526,1381207,7668,1373539,LSTM
LSTM,ports,supervised,43,known,Analysis,315,250,65,79.36507936507937,20.63492063492064,2.9836496001909536,79.36507936507937,5.751092707614447,1381207,8129,1373078,LSTM
LSTM,ports,supervised,43,known,Bot,2346,2346,0,100.0,0.0,22.39618138424821,100.0,36.59620934404492,1381207,8129,1373078,LSTM
LSTM,ports,supervised,43,known,DDoS,114041,109896,4145,96.36534228917672,3.634657710823297,93.1124761703029,96.36534228917672,94.71098739151792,1381207,8129,1373078,LSTM
LSTM,ports,supervised,43,known,DoS,52727,49378,3349,93.6484154228384,6.351584577161606,85.86432955987966,93.6484154228384,89.58760455032022,1381207,8129,1373078,LSTM
LSTM,ports,supervised,43,known,Exploits,3690,2146,1544,58.15718157181572,41.84281842818428,20.885644768856448,58.15718157181572,30.73397780164697,1381207,8129,1373078,LSTM
LSTM,ports,supervised,43,known,Fuzzers,2881,1338,1543,46.44220756681708,53.557792433182925,14.13330516531108,46.44220756681708,21.67152575315841,1381207,8129,1373078,LSTM
LSTM,ports,supervised,43,known,Generic,853,585,268,68.58147713950761,31.41852286049238,6.713334863438146,68.58147713950761,12.229539040451552,1381207,8129,1373078,LSTM
LSTM,ports,supervised,43,known,Infilteration,9186,826,8360,8.991944263008927,91.00805573699108,9.22389726409827,8.991944263008927,9.106443966705251,1381207,8129,1373078,LSTM
LSTM,ports,supervised,43,known,Reconnaissance,72925,68307,4618,93.66746657524855,6.332533424751452,89.36495891988069,93.66746657524855,91.46564364191455,1381207,8129,1373078,LSTM
LSTM,ports,supervised,43,known,Worms,32,25,7,78.125,21.875,0.306597988717194,78.125,0.610798924993892,1381207,8129,1373078,LSTM
LSTM,ports,supervised,43,known,injection,70150,68283,1867,97.33856022808268,2.6614397719173177,89.36161859393813,97.33856022808268,93.17967822491504,1381207,8129,1373078,LSTM
LSTM,ports,supervised,43,known,mitm,187,78,109,41.711229946524064,58.288770053475936,0.9504081881320824,41.711229946524064,1.858470335954253,1381207,8129,1373078,LSTM
LSTM,ports,supervised,43,known,password,23322,23177,145,99.37826944515908,0.6217305548409269,74.03373155305692,99.37826944515908,84.85392106611995,1381207,8129,1373078,LSTM
LSTM,ports,supervised,43,known,scanning,3208,2815,393,87.74937655860349,12.250623441396511,25.7218567251462,87.74937655860349,39.7823629169022,1381207,8129,1373078,LSTM
LSTM,ports,supervised,43,known,xss,15004,14465,539,96.40762463343108,3.592375366568912,64.02142161635832,96.40762463343108,76.94558221181977,1381207,8129,1373078,LSTM
LSTM,ports,supervised,43,zero_day,Backdoor,19029,7284,11745,38.27841715276683,61.72158284723317,47.258807500162206,38.27841715276683,42.29719528482666,1381207,8129,1373078,LSTM
LSTM,ports,supervised,43,zero_day,Brute Force,291955,289613,2342,99.19782158209313,0.8021784179068736,97.2697839068724,99.19782158209313,98.22434233173986,1381207,8129,1373078,LSTM
LSTM,ports,supervised,43,zero_day,Shellcode,1365,134,1231,9.816849816849818,90.1831501831502,1.6216870386058333,9.816849816849818,2.7835479850436227,1381207,8129,1373078,LSTM
LSTM,ports,supervised,43,zero_day,Theft,1909,1323,586,69.30330015715033,30.69669984284966,13.99703766398646,69.30330015715033,23.290203327171906,1381207,8129,1373078,LSTM
LSTM,ports,supervised,43,zero_day,ransomware,142,6,136,4.225352112676056,95.77464788732397,0.0737553779963122,4.225352112676056,0.1449800652410293,1381207,8129,1373078,LSTM
LSTM,ports,supervised,44,known,Analysis,315,252,63,80.0,20.0,2.643726395300042,80.0,5.118310145221895,1381207,9280,1371927,LSTM
LSTM,ports,supervised,44,known,Bot,2346,2346,0,100.0,0.0,20.178909341131945,100.0,33.58144861150873,1381207,9280,1371927,LSTM
LSTM,ports,supervised,44,known,DDoS,114041,109943,4098,96.40655553704369,3.593444462956308,92.21626699546228,96.40655553704369,94.26486727484738,1381207,9280,1371927,LSTM
LSTM,ports,supervised,44,known,DoS,52727,49313,3414,93.52513892313236,6.474861076867644,84.16193060604509,93.52513892313236,88.59683794466402,1381207,9280,1371927,LSTM
LSTM,ports,supervised,44,known,Exploits,3690,2222,1468,60.21680216802168,39.78319783197832,19.318379412276126,60.21680216802168,29.25223802001053,1381207,9280,1371927,LSTM
LSTM,ports,supervised,44,known,Fuzzers,2881,1386,1495,48.10829573064908,51.891704269350925,12.99456216013501,48.10829573064908,20.46209492876652,1381207,9280,1371927,LSTM
LSTM,ports,supervised,44,known,Generic,853,570,283,66.8229777256741,33.17702227432591,5.786802030456853,66.8229777256741,10.65121928431281,1381207,9280,1371927,LSTM
LSTM,ports,supervised,44,known,Infilteration,9186,839,8347,9.13346396690616,90.86653603309384,8.291333135685344,9.13346396690616,8.692048692048694,1381207,9280,1371927,LSTM
LSTM,ports,supervised,44,known,Reconnaissance,72925,68232,4693,93.56462118615016,6.435378813849846,88.0276602332542,93.56462118615016,90.71172650345328,1381207,9280,1371927,LSTM
LSTM,ports,supervised,44,known,Worms,32,25,7,78.125,21.875,0.2686727565824825,78.125,0.535503909178537,1381207,9280,1371927,LSTM
LSTM,ports,supervised,44,known,injection,70150,68333,1817,97.40983606557376,2.590163934426226,88.04324017883603,97.40983606557376,92.49000087978722,1381207,9280,1371927,LSTM
LSTM,ports,supervised,44,known,mitm,187,92,95,49.19786096256685,50.80213903743316,0.9816474605207,49.19786096256685,1.924887540537713,1381207,9280,1371927,LSTM
LSTM,ports,supervised,44,known,password,23322,23218,104,99.55406911928652,0.4459308807134854,71.44439657825097,99.55406911928652,83.18882121103547,1381207,9280,1371927,LSTM
LSTM,ports,supervised,44,known,scanning,3208,2818,390,87.8428927680798,12.157107231920197,23.293106298561742,87.8428927680798,36.82216124395662,1381207,9280,1371927,LSTM
LSTM,ports,supervised,44,known,xss,15004,14467,537,96.42095441215676,3.579045587843244,60.92137954267908,96.42095441215676,74.66646022038141,1381207,9280,1371927,LSTM
LSTM,ports,supervised,44,zero_day,Backdoor,19029,11224,7805,58.98365652425246,41.01634347574754,54.74053843152555,58.98365652425246,56.78294083423975,1381207,9280,1371927,LSTM
LSTM,ports,supervised,44,zero_day,Brute Force,291955,287713,4242,98.5470363583429,1.4529636416571012,96.8753472304061,98.5470363583429,97.70404178297576,1381207,9280,1371927,LSTM
LSTM,ports,supervised,44,zero_day,Shellcode,1365,173,1192,12.673992673992672,87.32600732600733,1.8301068443880248,12.673992673992672,3.198373081900536,1381207,9280,1371927,LSTM
LSTM,ports,supervised,44,zero_day,Theft,1909,1304,605,68.30801466736511,31.69198533263489,12.320483749055178,68.30801466736511,20.875690386616508,1381207,9280,1371927,LSTM
LSTM,ports,supervised,44,zero_day,ransomware,142,2,140,1.4084507042253522,98.59154929577466,0.0215470803706097,1.4084507042253522,0.0424448217317487,1381207,9280,1371927,LSTM
LSTM,ports,supervised,45,known,Analysis,315,262,53,83.17460317460318,16.825396825396822,3.054325017486593,83.17460317460318,5.892274822894411,1381207,8316,1372891,LSTM
LSTM,ports,supervised,45,known,Bot,2346,2346,0,100.0,0.0,22.00337647720878,100.0,36.07011070110701,1381207,8316,1372891,LSTM
LSTM,ports,supervised,45,known,DDoS,114041,109980,4061,96.43900000876876,3.5609999912312285,92.97017650639074,96.43900000876876,94.67282438871122,1381207,8316,1372891,LSTM
LSTM,ports,supervised,45,known,DoS,52727,49564,3163,94.00117586815104,5.998824131848957,85.63234277816171,94.00117586815104,89.62181417089336,1381207,8316,1372891,LSTM
LSTM,ports,supervised,45,known,Exploits,3690,2269,1421,61.490514905149055,38.50948509485095,21.43599433160132,61.490514905149055,31.789842381786336,1381207,8316,1372891,LSTM
LSTM,ports,supervised,45,known,Fuzzers,2881,1588,1293,55.11975008677542,44.88024991322458,16.033925686591278,55.11975008677542,24.841611263199063,1381207,8316,1372891,LSTM
LSTM,ports,supervised,45,known,Generic,853,609,244,71.39507620164126,28.60492379835874,6.8235294117647065,71.39507620164126,12.456535078748212,1381207,8316,1372891,LSTM
LSTM,ports,supervised,45,known,Infilteration,9186,834,8352,9.079033311561073,90.92096668843894,9.114754098360656,9.079033311561073,9.096858638743456,1381207,8316,1372891,LSTM
LSTM,ports,supervised,45,known,Reconnaissance,72925,68514,4411,93.9513198491601,6.048680150839902,89.17610308473253,93.9513198491601,91.50145237220794,1381207,8316,1372891,LSTM
LSTM,ports,supervised,45,known,Worms,32,26,6,81.25,18.75,0.311675857108607,81.25,0.6209696680200621,1381207,8316,1372891,LSTM
LSTM,ports,supervised,45,known,injection,70150,68270,1880,97.320028510335,2.6799714896650007,89.14161857258507,97.320028510335,93.05146657943516,1381207,8316,1372891,LSTM
LSTM,ports,supervised,45,known,mitm,187,75,112,40.10695187165776,59.89304812834224,0.893814801573114,40.10695187165776,1.7486593611564467,1381207,8316,1372891,LSTM
LSTM,ports,supervised,45,known,password,23322,23176,146,99.37398164822912,0.6260183517708628,73.593293534866,99.37398164822912,84.56233808880941,1381207,8316,1372891,LSTM
LSTM,ports,supervised,45,known,scanning,3208,2815,393,87.74937655860349,12.250623441396511,25.28973138082832,87.74937655860349,39.26354696980263,1381207,8316,1372891,LSTM
LSTM,ports,supervised,45,known,xss,15004,14466,538,96.41428952279392,3.5857104772060837,63.49749802475638,96.41428952279392,76.56804107341344,1381207,8316,1372891,LSTM
LSTM,ports,supervised,45,zero_day,Backdoor,19029,6002,13027,31.541331651689525,68.45866834831047,41.919262466824975,31.541331651689525,35.997241131136235,1381207,8316,1372891,LSTM
LSTM,ports,supervised,45,zero_day,Brute Force,291955,287676,4279,98.5343631724067,1.4656368275932974,97.19046460715155,98.5343631724067,97.85780010783284,1381207,8316,1372891,LSTM
LSTM,ports,supervised,45,zero_day,Shellcode,1365,142,1223,10.402930402930403,89.5970695970696,1.678883896902341,10.402930402930403,2.8911737758322307,1381207,8316,1372891,LSTM
LSTM,ports,supervised,45,zero_day,Theft,1909,1424,485,74.59402828706129,25.40597171293871,14.62012320328542,74.59402828706129,24.44845051077346,1381207,8316,1372891,LSTM
LSTM,ports,supervised,45,zero_day,ransomware,142,18,124,12.676056338028168,87.32394366197182,0.2159827213822894,12.676056338028168,0.4247286455875412,1381207,8316,1372891,LSTM
LSTM,ports,supervised,46,known,Analysis,315,260,55,82.53968253968253,17.460317460317466,2.310700319943121,82.53968253968253,4.495547678741247,1381207,10992,1370215,LSTM
LSTM,ports,supervised,46,known,Bot,2346,2346,0,100.0,0.0,17.58884390463338,100.0,29.91583779648049,1381207,10992,1370215,LSTM
LSTM,ports,supervised,46,known,DDoS,114041,111490,2551,97.76308520619776,2.236914793802225,91.02562009111544,97.76308520619776,94.27412978864636,1381207,10992,1370215,LSTM
LSTM,ports,supervised,46,known,DoS,52727,50750,1977,96.25049784740266,3.7495021525973393,82.19688380680898,96.25049784740266,88.67029501437071,1381207,10992,1370215,LSTM
LSTM,ports,supervised,46,known,Exploits,3690,2508,1182,67.96747967479675,32.03252032520325,18.577777777777776,67.96747967479675,29.179755671902267,1381207,10992,1370215,LSTM
LSTM,ports,supervised,46,known,Fuzzers,2881,1431,1450,49.67025338424158,50.32974661575842,11.518956773726154,49.67025338424158,18.700993204391008,1381207,10992,1370215,LSTM
LSTM,ports,supervised,46,known,Generic,853,653,200,76.55334114888629,23.44665885111371,5.607556891369687,76.55334114888629,10.449671947511602,1381207,10992,1370215,LSTM
LSTM,ports,supervised,46,known,Infilteration,9186,820,8366,8.926627476594819,91.07337252340518,6.942092786996275,8.926627476594819,7.810267644537575,1381207,10992,1370215,LSTM
LSTM,ports,supervised,46,known,Reconnaissance,72925,68876,4049,94.44772026054166,5.552279739458344,86.23729153102619,94.44772026054166,90.15596264226764,1381207,10992,1370215,LSTM
LSTM,ports,supervised,46,known,Worms,32,27,5,84.375,15.625,0.2450313095562211,84.375,0.4886435616686273,1381207,10992,1370215,LSTM
LSTM,ports,supervised,46,known,injection,70150,68696,1454,97.92729864575908,2.0727013542409134,86.20620419636583,97.92729864575908,91.69369585819352,1381207,10992,1370215,LSTM
LSTM,ports,supervised,46,known,mitm,187,85,102,45.45454545454545,54.54545454545454,0.7673557822515121,45.45454545454545,1.5092329545454546,1381207,10992,1370215,LSTM
LSTM,ports,supervised,46,known,password,23322,23208,114,99.51119114998713,0.4888088500128673,67.85964912280701,99.51119114998713,80.69260456868676,1381207,10992,1370215,LSTM
LSTM,ports,supervised,46,known,scanning,3208,3002,206,93.5785536159601,6.421446384039897,21.45205087894812,93.5785536159601,34.902918265317986,1381207,10992,1370215,LSTM
LSTM,ports,supervised,46,known,xss,15004,14581,423,97.18075179952012,2.8192482004798736,57.01716654283815,97.18075179952012,71.86829977573501,1381207,10992,1370215,LSTM
LSTM,ports,supervised,46,zero_day,Backdoor,19029,11435,7594,60.092490409375166,39.907509590624834,50.98764881615909,60.092490409375166,55.16692396758008,1381207,10992,1370215,LSTM
LSTM,ports,supervised,46,zero_day,Brute Force,291955,289728,2227,99.23721121405696,0.762788785943036,96.34477254588988,99.23721121405696,97.76960391445564,1381207,10992,1370215,LSTM
LSTM,ports,supervised,46,zero_day,Shellcode,1365,206,1159,15.091575091575091,84.9084249084249,1.839614216824433,15.091575091575091,3.2794714638223352,1381207,10992,1370215,LSTM
LSTM,ports,supervised,46,zero_day,Theft,1909,1343,566,70.35096909376637,29.64903090623363,10.887717875962707,70.35096909376637,18.85706262285875,1381207,10992,1370215,LSTM
LSTM,ports,supervised,46,zero_day,ransomware,142,3,139,2.112676056338028,97.88732394366195,0.0272851296043656,2.112676056338028,0.0538744724791236,1381207,10992,1370215,LSTM
LSTM,ports,supervised,47,known,Analysis,315,260,55,82.53968253968253,17.460317460317466,1.9443613520789709,82.53968253968253,3.7992255424855697,1381207,13112,1368095,LSTM
LSTM,ports,supervised,47,known,Bot,2346,2346,0,100.0,0.0,15.176607581834649,100.0,26.35362839811278,1381207,13112,1368095,LSTM
LSTM,ports,supervised,47,known,DDoS,114041,112244,1797,98.42425092729808,1.5757490727019263,89.54018954018954,98.42425092729808,93.77226949376976,1381207,13112,1368095,LSTM
LSTM,ports,supervised,47,known,DoS,52727,51118,1609,96.9484324918922,3.0515675081078,79.58586330375213,96.9484324918922,87.41332284514822,1381207,13112,1368095,LSTM
LSTM,ports,supervised,47,known,Exploits,3690,2492,1198,67.53387533875339,32.46612466124661,15.970264034862854,67.53387533875339,25.831864828444072,1381207,13112,1368095,LSTM
LSTM,ports,supervised,47,known,Fuzzers,2881,1423,1458,49.39257202360292,50.60742797639708,9.79016167870657,49.39257202360292,16.341295360587964,1381207,13112,1368095,LSTM
LSTM,ports,supervised,47,known,Generic,853,643,210,75.3810082063306,24.6189917936694,4.6746637586332245,75.3810082063306,8.80339539978094,1381207,13112,1368095,LSTM
LSTM,ports,supervised,47,known,Infilteration,9186,834,8352,9.079033311561073,90.92096668843894,5.980209379033415,9.079033311561073,7.210790247276499,1381207,13112,1368095,LSTM
LSTM,ports,supervised,47,known,Reconnaissance,72925,68800,4125,94.34350359958862,5.656496400411381,83.99257740013674,94.34350359958862,88.86764791361237,1381207,13112,1368095,LSTM
LSTM,ports,supervised,47,known,Worms,32,28,4,87.5,12.5,0.213089802130898,87.5,0.4251442453689645,1381207,13112,1368095,LSTM
LSTM,ports,supervised,47,known,injection,70150,68980,1170,98.33214540270848,1.6678545972915182,84.02767626565317,98.33214540270848,90.61888309402136,1381207,13112,1368095,LSTM
LSTM,ports,supervised,47,known,mitm,187,102,85,54.54545454545454,45.45454545454546,0.7719085818071741,54.54545454545454,1.5222744571300646,1381207,13112,1368095,LSTM
LSTM,ports,supervised,47,known,password,23322,23225,97,99.58408369779607,0.4159163022039225,63.91556815367257,99.58408369779607,77.8591662615867,1381207,13112,1368095,LSTM
LSTM,ports,supervised,47,known,scanning,3208,3067,141,95.60473815461349,4.395261845386534,18.956672229433217,95.60473815461349,31.639758601124463,1381207,13112,1368095,LSTM
LSTM,ports,supervised,47,known,xss,15004,14662,342,97.7206078379099,2.2793921620901103,52.790379491610864,97.7206078379099,68.5492542895881,1381207,13112,1368095,LSTM
LSTM,ports,supervised,47,zero_day,Backdoor,19029,1400,17629,7.357191654842608,92.6428083451574,9.647188533627345,7.357191654842608,8.347992009779075,1381207,13112,1368095,LSTM
LSTM,ports,supervised,47,zero_day,Brute Force,291955,287726,4229,98.5514890993475,1.4485109006525,95.6415080541687,98.5514890993475,97.0746955513982,1381207,13112,1368095,LSTM
LSTM,ports,supervised,47,zero_day,Shellcode,1365,172,1193,12.6007326007326,87.3992673992674,1.2947907256850346,12.6007326007326,2.348283159260017,1381207,13112,1368095,LSTM
LSTM,ports,supervised,47,zero_day,Theft,1909,1343,566,70.35096909376637,29.64903090623363,9.290902801798683,70.35096909376637,16.414079687118065,1381207,13112,1368095,LSTM
LSTM,ports,supervised,47,zero_day,ransomware,142,7,135,4.929577464788732,95.07042253521126,0.0533577254363899,4.929577464788732,0.1055727320714878,1381207,13112,1368095,LSTM
LSTM,ports,supervised,48,known,Analysis,315,248,67,78.73015873015873,21.269841269841272,2.9265990087325937,78.73015873015873,5.643417908749574,1381207,8226,1372981,LSTM
LSTM,ports,supervised,48,known,Bot,2346,2346,0,100.0,0.0,22.19069239500568,100.0,36.32141198327915,1381207,8226,1372981,LSTM
LSTM,ports,supervised,48,known,DDoS,114041,110000,4041,96.4565375610526,3.543462438947398,93.04213963087643,96.4565375610526,94.7185781880336,1381207,8226,1372981,LSTM
LSTM,ports,supervised,48,known,DoS,52727,49439,3288,93.76410567640868,6.235894323591329,85.7348478279719,93.76410567640868,89.56989636930213,1381207,8226,1372981,LSTM
LSTM,ports,supervised,48,known,Exploits,3690,2303,1387,62.41192411924119,37.58807588075881,21.87292240478678,62.41192411924119,32.39327660173008,1381207,8226,1372981,LSTM
LSTM,ports,supervised,48,known,Fuzzers,2881,1623,1258,56.33460603956959,43.66539396043041,16.47883033810539,56.33460603956959,25.498821681068343,1381207,8226,1372981,LSTM
LSTM,ports,supervised,48,known,Generic,853,576,277,67.5263774912075,32.4736225087925,6.5439672801636,67.5263774912075,11.931641636457794,1381207,8226,1372981,LSTM
LSTM,ports,supervised,48,known,Infilteration,9186,831,8355,9.046374918354015,90.95362508164598,9.175223583968204,9.046374918354015,9.110343693471467,1381207,8226,1372981,LSTM
LSTM,ports,supervised,48,known,Reconnaissance,72925,68608,4317,94.08021940349674,5.919780596503255,89.29380222297421,94.08021940349674,91.62454343311587,1381207,8226,1372981,LSTM
LSTM,ports,supervised,48,known,Worms,32,27,5,84.375,15.625,0.3271537622682661,84.375,0.651780325890163,1381207,8226,1372981,LSTM
LSTM,ports,supervised,48,known,injection,70150,68274,1876,97.32573057733428,2.6742694226657204,89.24705882352941,97.32573057733428,93.11148994203889,1381207,8226,1372981,LSTM
LSTM,ports,supervised,48,known,mitm,187,84,103,44.919786096256686,55.080213903743314,1.0108303249097472,44.919786096256686,1.97716841238084,1381207,8226,1372981,LSTM
LSTM,ports,supervised,48,known,password,23322,23154,168,99.27965011577052,0.7203498842294875,73.78585086042065,99.27965011577052,84.65504003509928,1381207,8226,1372981,LSTM
LSTM,ports,supervised,48,known,scanning,3208,2812,396,87.65586034912718,12.34413965087282,25.47562964305128,87.65586034912718,39.477748139828726,1381207,8226,1372981,LSTM
LSTM,ports,supervised,48,known,xss,15004,14464,540,96.40095974406825,3.599040255931752,63.74614367562803,96.40095974406825,76.74430943916805,1381207,8226,1372981,LSTM
LSTM,ports,supervised,48,zero_day,Backdoor,19029,10485,8544,55.10011035787482,44.89988964212518,56.03655603655604,55.10011035787482,55.564387917329086,1381207,8226,1372981,LSTM
LSTM,ports,supervised,48,zero_day,Brute Force,291955,287680,4275,98.53573324656196,1.464266753438026,97.22006312815556,98.53573324656196,97.87347689334725,1381207,8226,1372981,LSTM
LSTM,ports,supervised,48,zero_day,Shellcode,1365,204,1161,14.945054945054943,85.05494505494505,2.419928825622776,14.945054945054943,4.165390505359878,1381207,8226,1372981,LSTM
LSTM,ports,supervised,48,zero_day,Theft,1909,1276,633,66.84127815610267,33.15872184389733,13.428751841717537,66.84127815610267,22.364385242310053,1381207,8226,1372981,LSTM
LSTM,ports,supervised,48,zero_day,ransomware,142,5,137,3.5211267605633805,96.47887323943662,0.0607459603936338,3.5211267605633805,0.119431506031291,1381207,8226,1372981,LSTM
LSTM,ports,supervised,49,known,Analysis,315,252,63,80.0,20.0,3.726157030903445,80.0,7.120655552415937,1381207,6511,1374696,LSTM
LSTM,ports,supervised,49,known,Bot,2346,2346,0,100.0,0.0,26.48752399232246,100.0,41.88163884673749,1381207,6511,1374696,LSTM
LSTM,ports,supervised,49,known,DDoS,114041,108673,5368,95.29292096702063,4.707079032979367,94.34730518127516,95.29292096702063,94.81775548042316,1381207,6511,1374696,LSTM
LSTM,ports,supervised,49,known,DoS,52727,49422,3305,93.73186413033172,6.26813586966829,88.35928700409418,93.73186413033172,90.96631695196024,1381207,6511,1374696,LSTM
LSTM,ports,supervised,49,known,Exploits,3690,2119,1571,57.42547425474255,42.57452574525745,24.55388180764774,57.42547425474255,34.399350649350644,1381207,6511,1374696,LSTM
LSTM,ports,supervised,49,known,Fuzzers,2881,1419,1462,49.25373134328358,50.74626865671642,17.89407313997478,49.25373134328358,26.251040606789385,1381207,6511,1374696,LSTM
LSTM,ports,supervised,49,known,Generic,853,632,221,74.09144196951935,25.908558030480656,8.84782304353913,74.09144196951935,15.807903951975993,1381207,6511,1374696,LSTM
LSTM,ports,supervised,49,known,Infilteration,9186,823,8363,8.959285869801873,91.04071413019813,11.22170711753477,8.959285869801873,9.9636803874092,1381207,6511,1374696,LSTM
LSTM,ports,supervised,49,known,Reconnaissance,72925,67791,5134,92.95989029825162,7.040109701748376,91.23711340206184,92.95989029825162,92.09044536667868,1381207,6511,1374696,LSTM
LSTM,ports,supervised,49,known,Worms,32,27,5,84.375,15.625,0.4129703273172224,84.375,0.821917808219178,1381207,6511,1374696,LSTM
LSTM,ports,supervised,49,known,injection,70150,68246,1904,97.28581610833928,2.7141838916607264,91.29044771727062,97.28581610833928,94.19282712360342,1381207,6511,1374696,LSTM
LSTM,ports,supervised,49,known,mitm,187,66,121,35.294117647058826,64.70588235294117,1.0034970351223962,35.294117647058826,1.9515079834417504,1381207,6511,1374696,LSTM
LSTM,ports,supervised,49,known,password,23322,23175,147,99.3696938512992,0.6303061487007988,78.06710233780232,99.3696938512992,87.43963175369755,1381207,6511,1374696,LSTM
LSTM,ports,supervised,49,known,scanning,3208,2814,394,87.71820448877806,12.281795511221947,30.1769436997319,87.71820448877806,44.90544961302162,1381207,6511,1374696,LSTM
LSTM,ports,supervised,49,known,xss,15004,14466,538,96.41428952279392,3.5857104772060837,68.96124326643466,96.41428952279392,80.40910480531392,1381207,6511,1374696,LSTM
LSTM,ports,supervised,49,zero_day,Backdoor,19029,1407,17622,7.393977613116822,92.60602238688318,17.769638797676183,7.393977613116822,10.442720896574755,1381207,6511,1374696,LSTM
LSTM,ports,supervised,49,zero_day,Brute Force,291955,287694,4261,98.5405285061054,1.459471493894604,97.7869172855662,98.5405285061054,98.16227651153268,1381207,6511,1374696,LSTM
LSTM,ports,supervised,49,zero_day,Shellcode,1365,146,1219,10.695970695970695,89.30402930402931,2.193180111161184,10.695970695970695,3.639990027424583,1381207,6511,1374696,LSTM
LSTM,ports,supervised,49,zero_day,Theft,1909,1196,713,62.65060240963856,37.34939759036144,15.518359932528869,62.65060240963856,24.875207986688853,1381207,6511,1374696,LSTM
LSTM,ports,supervised,49,zero_day,ransomware,142,2,140,1.4084507042253522,98.59154929577466,0.0307078151389528,1.4084507042253522,0.0601051840721262,1381207,6511,1374696,LSTM
MLP,ports,supervised,42,known,Analysis,315,251,64,79.68253968253968,20.317460317460323,2.543317458709089,79.68253968253968,4.92930086410055,1381207,9618,1371589,MLP
MLP,ports,supervised,42,known,Bot,2346,2346,0,100.0,0.0,19.60882647943832,100.0,32.78825995807128,1381207,9618,1371589,MLP
MLP,ports,supervised,42,known,DDoS,114041,112523,1518,98.66889978165749,1.3311002183425291,92.12549430576138,98.66889978165749,95.28499208237716,1381207,9618,1371589,MLP
MLP,ports,supervised,42,known,DoS,52727,51592,1135,97.84740265897926,2.1525973410207344,84.28688122855742,97.84740265897926,90.56232830423828,1381207,9618,1371589,MLP
MLP,ports,supervised,42,known,Exploits,3690,2759,931,74.76964769647697,25.23035230352304,22.29134685303385,74.76964769647697,34.34368581564698,1381207,9618,1371589,MLP
MLP,ports,supervised,42,known,Fuzzers,2881,1347,1534,46.754599097535575,53.245400902464425,12.28454172366621,46.754599097535575,19.456882854253934,1381207,9618,1371589,MLP
MLP,ports,supervised,42,known,Generic,853,615,238,72.09847596717468,27.90152403282532,6.009967751392554,72.09847596717468,11.095074869204405,1381207,9618,1371589,MLP
MLP,ports,supervised,42,known,Infilteration,9186,794,8392,8.643588068800348,91.35641193119966,7.625816365731848,8.643588068800348,8.102867639555056,1381207,9618,1371589,MLP
MLP,ports,supervised,42,known,Reconnaissance,72925,68666,4259,94.15975317106616,5.840246828933838,87.71396453936947,94.15975317106616,90.8226362187436,1381207,9618,1371589,MLP
MLP,ports,supervised,42,known,Worms,32,26,6,81.25,18.75,0.2695976773123185,81.25,0.5374121537825547,1381207,9618,1371589,MLP
MLP,ports,supervised,42,known,injection,70150,68397,1753,97.50106913756235,2.498930862437632,87.67160161507402,97.50106913756235,92.32544798029224,1381207,9618,1371589,MLP
MLP,ports,supervised,42,known,mitm,187,95,92,50.80213903743316,49.19786096256684,0.9780706269947492,50.80213903743316,1.9191919191919191,1381207,9618,1371589,MLP
MLP,ports,supervised,42,known,password,23322,23250,72,99.6912786210445,0.3087213789554899,70.73749543629062,99.6912786210445,82.75493860117457,1381207,9618,1371589,MLP
MLP,ports,supervised,42,known,scanning,3208,3170,38,98.8154613466334,1.1845386533665847,24.788864560525493,98.8154613466334,39.6349087271818,1381207,9618,1371589,MLP
MLP,ports,supervised,42,known,xss,15004,14478,526,96.49426819514797,3.5057318048520414,60.08466135458167,96.49426819514797,74.05626598465473,1381207,9618,1371589,MLP
MLP,ports,supervised,42,zero_day,Backdoor,19029,1451,17578,7.625203636554732,92.37479636344528,13.108681904417743,7.625203636554732,9.641836666888166,1381207,9618,1371589,MLP
MLP,ports,supervised,42,zero_day,Brute Force,291955,289697,2258,99.22659313935368,0.7734068606463307,96.78666288024324,99.22659313935368,97.99144214994844,1381207,9618,1371589,MLP
MLP,ports,supervised,42,zero_day,Shellcode,1365,263,1102,19.26739926739927,80.73260073260073,2.6616739196437607,19.26739926739927,4.677218566601458,1381207,9618,1371589,MLP
MLP,ports,supervised,42,zero_day,Theft,1909,1393,516,72.97014143530645,27.029858564693555,12.650985378258106,72.97014143530645,21.563467492260063,1381207,9618,1371589,MLP
MLP,ports,supervised,42,zero_day,ransomware,142,0,142,0.0,100.0,0.0,0.0,0.0,1381207,9618,1371589,MLP
MLP,ports,supervised,43,known,Analysis,315,244,71,77.46031746031747,22.539682539682538,3.0265442818159265,77.46031746031747,5.825474513549003,1381207,7818,1373389,MLP
MLP,ports,supervised,43,known,Bot,2346,2346,0,100.0,0.0,23.081463990554894,100.0,37.50599520383693,1381207,7818,1373389,MLP
MLP,ports,supervised,43,known,DDoS,114041,112898,1143,98.99772888697925,1.0022711130207584,93.5236422678021,98.99772888697925,96.1828614269223,1381207,7818,1373389,MLP
MLP,ports,supervised,43,known,DoS,52727,51824,903,98.2874049348531,1.7125950651468935,86.89178766640958,98.2874049348531,92.23896270323668,1381207,7818,1373389,MLP
MLP,ports,supervised,43,known,Exploits,3690,2256,1434,61.138211382113816,38.86178861788618,22.394282310899342,61.138211382113816,32.781168265039234,1381207,7818,1373389,MLP
MLP,ports,supervised,43,known,Fuzzers,2881,1073,1808,37.24401249566122,62.755987504338776,12.068383758857273,37.24401249566122,18.22969758749576,1381207,7818,1373389,MLP
MLP,ports,supervised,43,known,Generic,853,591,262,69.28487690504103,30.71512309495897,7.028184088476633,69.28487690504103,12.76182250053984,1381207,7818,1373389,MLP
MLP,ports,supervised,43,known,Infilteration,9186,817,8369,8.893969083387763,91.10603091661224,9.461493920092646,8.893969083387763,9.16895797093317,1381207,7818,1373389,MLP
MLP,ports,supervised,43,known,Reconnaissance,72925,67367,5558,92.37847103188209,7.62152896811793,89.60164926514598,92.37847103188209,90.96887448517992,1381207,7818,1373389,MLP
MLP,ports,supervised,43,known,Worms,32,26,6,81.25,18.75,0.3314635390107088,81.25,0.6602336211274759,1381207,7818,1373389,MLP
MLP,ports,supervised,43,known,injection,70150,68340,1810,97.41981468282252,2.5801853171774747,89.73449933033956,97.41981468282252,93.41936189408644,1381207,7818,1373389,MLP
MLP,ports,supervised,43,known,mitm,187,84,103,44.919786096256686,55.080213903743314,1.0630220197418374,44.919786096256686,2.076894548151811,1381207,7818,1373389,MLP
MLP,ports,supervised,43,known,password,23322,23216,106,99.54549352542664,0.4545064745733684,74.80827479538571,99.54549352542664,85.42203252630804,1381207,7818,1373389,MLP
MLP,ports,supervised,43,known,scanning,3208,3165,43,98.65960099750625,1.340399002493764,28.817263042884456,98.65960099750625,44.60573602987809,1381207,7818,1373389,MLP
MLP,ports,supervised,43,known,xss,15004,14476,528,96.48093841642228,3.519061583577709,64.93226877186687,96.48093841642228,77.62346506515094,1381207,7818,1373389,MLP
MLP,ports,supervised,43,zero_day,Backdoor,19029,11510,7519,60.48662567659887,39.51337432340113,59.55091059602648,60.48662567659887,60.01512109914747,1381207,7818,1373389,MLP
MLP,ports,supervised,43,zero_day,Brute Force,291955,287719,4236,98.5490914695758,1.4509085304242109,97.35464594957654,98.5490914695758,97.94822738011752,1381207,7818,1373389,MLP
MLP,ports,supervised,43,zero_day,Shellcode,1365,67,1298,4.908424908424909,95.09157509157508,0.849714648065948,4.908424908424909,1.4486486486486485,1381207,7818,1373389,MLP
MLP,ports,supervised,43,zero_day,Theft,1909,1347,562,70.56050288108958,29.43949711891043,14.69721767594108,70.56050288108958,24.327253025103847,1381207,7818,1373389,MLP
MLP,ports,supervised,43,zero_day,ransomware,142,0,142,0.0,100.0,0.0,0.0,0.0,1381207,7818,1373389,MLP
MLP,ports,supervised,44,known,Analysis,315,235,80,74.60317460317461,25.396825396825395,3.487681804689819,74.60317460317461,6.663830993903304,1381207,6503,1374704,MLP
MLP,ports,supervised,44,known,Bot,2346,2346,0,100.0,0.0,26.511470222624023,100.0,41.91156766413577,1381207,6503,1374704,MLP
MLP,ports,supervised,44,known,DDoS,114041,110781,3260,97.14137897773608,2.8586210222639186,94.4553391766993,97.14137897773608,95.77953096293092,1381207,6503,1374704,MLP
MLP,ports,supervised,44,known,DoS,52727,50107,2620,95.0310087810799,4.9689912189200935,88.51263027733616,95.0310087810799,91.6560725097634,1381207,6503,1374704,MLP
MLP,ports,supervised,44,known,Exploits,3690,1890,1800,51.21951219512195,48.78048780487805,22.51876563803169,51.21951219512195,31.28362161714806,1381207,6503,1374704,MLP
MLP,ports,supervised,44,known,Fuzzers,2881,883,1998,30.64908018049288,69.35091981950711,11.955050094773895,30.64908018049288,17.200740235706633,1381207,6503,1374704,MLP
MLP,ports,supervised,44,known,Generic,853,525,328,61.54747948417351,38.45252051582649,7.470119521912351,61.54747948417351,13.323182337266845,1381207,6503,1374704,MLP
MLP,ports,supervised,44,known,Infilteration,9186,825,8361,8.981058131939909,91.01894186806008,11.258187772925764,8.981058131939909,9.991522344677245,1381207,6503,1374704,MLP
MLP,ports,supervised,44,known,Reconnaissance,72925,67419,5506,92.44977716832362,7.550222831676379,91.20288953220962,92.44977716832362,91.82210055363748,1381207,6503,1374704,MLP
MLP,ports,supervised,44,known,Worms,32,24,8,75.0,25.0,0.3677033859353454,75.0,0.73181887482848,1381207,6503,1374704,MLP
MLP,ports,supervised,44,known,injection,70150,68290,1860,97.34853884533145,2.6514611546685662,91.30533606086132,97.34853884533145,94.23014564345984,1381207,6503,1374704,MLP
MLP,ports,supervised,44,known,mitm,187,77,110,41.17647058823529,58.82352941176471,1.1702127659574468,41.17647058823529,2.275749963056007,1381207,6503,1374704,MLP
MLP,ports,supervised,44,known,password,23322,23174,148,99.36540605436926,0.6345939456307348,78.08740775684873,99.36540605436926,87.45070661710598,1381207,6503,1374704,MLP
MLP,ports,supervised,44,known,scanning,3208,2961,247,92.3004987531172,7.699501246882789,31.28698224852071,92.3004987531172,46.73295454545455,1381207,6503,1374704,MLP
MLP,ports,supervised,44,known,xss,15004,14465,539,96.40762463343108,3.592375366568912,68.98607401755056,96.40762463343108,80.42366284888247,1381207,6503,1374704,MLP
MLP,ports,supervised,44,zero_day,Backdoor,19029,9417,9612,49.48762415260918,50.51237584739082,59.152010050251256,49.48762415260918,53.88995393287362,1381207,6503,1374704,MLP
MLP,ports,supervised,44,zero_day,Brute Force,291955,287635,4320,98.52031991231526,1.479680087684743,97.78913299199696,98.52031991231526,98.15336473904313,1381207,6503,1374704,MLP
MLP,ports,supervised,44,zero_day,Shellcode,1365,210,1155,15.384615384615383,84.61538461538461,3.1282586027111576,15.384615384615383,5.1993067590987865,1381207,6503,1374704,MLP
MLP,ports,supervised,44,zero_day,Theft,1909,1386,523,72.60345730749084,27.39654269250916,17.56876663708962,72.60345730749084,28.291488058787507,1381207,6503,1374704,MLP
MLP,ports,supervised,44,zero_day,ransomware,142,0,142,0.0,100.0,0.0,0.0,0.0,1381207,6503,1374704,MLP
MLP,ports,supervised,45,known,Analysis,315,251,64,79.68253968253968,20.317460317460323,3.205619412515964,79.68253968253968,6.163290362185389,1381207,7579,1373628,MLP
MLP,ports,supervised,45,known,Bot,2346,2345,1,99.95737425404944,0.042625745950553,23.62958484482064,99.95737425404944,38.22330888345559,1381207,7579,1373628,MLP
MLP,ports,supervised,45,known,DDoS,114041,109775,4266,96.25924009785956,3.740759902140456,93.54176253046336,96.25924009785956,94.8810475593682,1381207,7579,1373628,MLP
MLP,ports,supervised,45,known,DoS,52727,49411,3316,93.71100195345838,6.288998046541616,86.70117564484997,93.71100195345838,90.06990712469354,1381207,7579,1373628,MLP
MLP,ports,supervised,45,known,Exploits,3690,2510,1180,68.02168021680217,31.97831978319783,24.87858063237189,68.02168021680217,36.43225197764715,1381207,7579,1373628,MLP
MLP,ports,supervised,45,known,Fuzzers,2881,1198,1683,41.5827837556404,58.41721624435961,13.649310698416317,41.5827837556404,20.552410361983185,1381207,7579,1373628,MLP
MLP,ports,supervised,45,known,Generic,853,633,220,74.20867526377492,25.79132473622509,7.708231855820751,74.20867526377492,13.965802537231111,1381207,7579,1373628,MLP
MLP,ports,supervised,45,known,Infilteration,9186,837,8349,9.111691704768123,90.88830829523188,9.945342205323191,9.111691704768123,9.51028292239518,1381207,7579,1373628,MLP
MLP,ports,supervised,45,known,Reconnaissance,72925,68020,4905,93.27391155296536,6.726088447034629,89.97473511554387,93.27391155296536,91.59462443780131,1381207,7579,1373628,MLP
MLP,ports,supervised,45,known,Worms,32,27,5,84.375,15.625,0.3549829082303444,84.375,0.7069913589945012,1381207,7579,1373628,MLP
MLP,ports,supervised,45,known,injection,70150,68274,1876,97.32573057733428,2.6742694226657204,90.0083055383439,97.32573057733428,93.5241056690616,1381207,7579,1373628,MLP
MLP,ports,supervised,45,known,mitm,187,92,95,49.19786096256685,50.80213903743316,1.199322122278712,49.19786096256685,2.341562738610333,1381207,7579,1373628,MLP
MLP,ports,supervised,45,known,password,23322,23152,170,99.27107452191063,0.7289254780893595,75.33760697666851,99.27107452191063,85.66407044937377,1381207,7579,1373628,MLP
MLP,ports,supervised,45,known,scanning,3208,2832,376,88.2793017456359,11.720698254364091,27.20199788685045,88.2793017456359,41.58895660474337,1381207,7579,1373628,MLP
MLP,ports,supervised,45,known,xss,15004,14465,539,96.40762463343108,3.592375366568912,65.61876247504989,96.40762463343108,78.08788598574822,1381207,7579,1373628,MLP
MLP,ports,supervised,45,zero_day,Backdoor,19029,11506,7523,60.46560512901361,39.53439487098639,60.288184438040346,60.46560512901361,60.376764443511576,1381207,7579,1373628,MLP
MLP,ports,supervised,45,zero_day,Brute Force,291955,287733,4222,98.5538867291192,1.446113270880789,97.43356179227392,98.5538867291192,97.99052219859112,1381207,7579,1373628,MLP
MLP,ports,supervised,45,zero_day,Shellcode,1365,92,1273,6.73992673992674,93.26007326007326,1.199322122278712,6.73992673992674,2.036299247454626,1381207,7579,1373628,MLP
MLP,ports,supervised,45,zero_day,Theft,1909,1485,424,77.78941854374017,22.210581456259824,16.38349514563107,77.78941854374017,27.066435796956167,1381207,7579,1373628,MLP
MLP,ports,supervised,45,zero_day,ransomware,142,1,141,0.7042253521126761,99.29577464788731,0.0131926121372031,0.7042253521126761,0.0259000259000259,1381207,7579,1373628,MLP
MLP,ports,supervised,46,known,Analysis,315,234,81,74.28571428571429,25.71428571428571,2.3376623376623376,74.28571428571429,4.532687651331719,1381207,9776,1371431,MLP
MLP,ports,supervised,46,known,Bot,2346,2345,1,99.95737425404944,0.042625745950553,19.346588565299893,99.95737425404944,32.4186078661782,1381207,9776,1371431,MLP
MLP,ports,supervised,46,known,DDoS,114041,112852,1189,98.95739251672644,1.042607483273561,92.02792184492938,98.95739251672644,95.36694708643718,1381207,9776,1371431,MLP
MLP,ports,supervised,46,known,DoS,52727,51846,881,98.32912928859976,1.6708707114002297,84.13553600986661,98.32912928859976,90.68028579174285,1381207,9776,1371431,MLP
MLP,ports,supervised,46,known,Exploits,3690,1974,1716,53.49593495934959,46.50406504065041,16.8,53.49593495934959,25.569948186528503,1381207,9776,1371431,MLP
MLP,ports,supervised,46,known,Fuzzers,2881,1381,1500,47.93474488024992,52.06525511975008,12.377879358250423,47.93474488024992,19.675167402763925,1381207,9776,1371431,MLP
MLP,ports,supervised,46,known,Generic,853,634,219,74.32590855803049,25.67409144196952,6.090297790585975,74.32590855803049,11.25810174908994,1381207,9776,1371431,MLP
MLP,ports,supervised,46,known,Infilteration,9186,817,8369,8.893969083387763,91.10603091661224,7.7126404229207965,8.893969083387763,8.261287223823247,1381207,9776,1371431,MLP
MLP,ports,supervised,46,known,Reconnaissance,72925,69156,3769,94.8316763798423,5.1683236201577,87.61465565296712,94.8316763798423,91.08042434658924,1381207,9776,1371431,MLP
MLP,ports,supervised,46,known,Worms,32,26,6,81.25,18.75,0.2652519893899204,81.25,0.5287777099857637,1381207,9776,1371431,MLP
MLP,ports,supervised,46,known,injection,70150,68370,1780,97.46258018531718,2.537419814682817,87.49008266577944,97.46258018531718,92.20747693801586,1381207,9776,1371431,MLP
MLP,ports,supervised,46,known,mitm,187,94,93,50.26737967914438,49.73262032085562,0.9523809523809524,50.26737967914438,1.8693447350104408,1381207,9776,1371431,MLP
MLP,ports,supervised,46,known,password,23322,23216,106,99.54549352542664,0.4545064745733684,70.368574199806,99.54549352542664,82.45196576339808,1381207,9776,1371431,MLP
MLP,ports,supervised,46,known,scanning,3208,3171,37,98.84663341645886,1.1533665835411488,24.492160346026107,98.84663341645886,39.25719591457753,1381207,9776,1371431,MLP
MLP,ports,supervised,46,known,xss,15004,14476,528,96.48093841642228,3.519061583577709,59.68992248062015,96.48093841642228,73.75178316690443,1381207,9776,1371431,MLP
MLP,ports,supervised,46,zero_day,Backdoor,19029,11490,7539,60.38152293867255,39.618477061327454,54.02990689363303,60.38152293867255,57.02940811515076,1381207,9776,1371431,MLP
MLP,ports,supervised,46,zero_day,Brute Force,291955,287673,4282,98.53333561679028,1.466664383209737,96.71338616031656,98.53333561679028,97.61487875888186,1381207,9776,1371431,MLP
MLP,ports,supervised,46,zero_day,Shellcode,1365,293,1072,21.465201465201464,78.53479853479854,2.9099215413645845,21.465201465201464,5.125065593842924,1381207,9776,1371431,MLP
MLP,ports,supervised,46,zero_day,Theft,1909,1610,299,84.33734939759037,15.662650602409634,14.140172141226069,84.33734939759037,24.21963144039113,1381207,9776,1371431,MLP
MLP,ports,supervised,46,zero_day,ransomware,142,0,142,0.0,100.0,0.0,0.0,0.0,1381207,9776,1371431,MLP
MLP,ports,supervised,47,known,Analysis,315,269,46,85.39682539682539,14.603174603174606,2.215815485996705,85.39682539682539,4.319550381372943,1381207,11871,1369336,MLP
MLP,ports,supervised,47,known,Bot,2346,2345,1,99.95737425404944,0.042625745950553,16.495498030388294,99.95737425404944,28.317836010143697,1381207,11871,1369336,MLP
MLP,ports,supervised,47,known,DDoS,114041,113070,971,99.14855183662016,0.8514481633798421,90.4987153936658,99.14855183662016,94.62637353440844,1381207,11871,1369336,MLP
MLP,ports,supervised,47,known,DoS,52727,51994,733,98.60982039562272,1.3901796043772618,81.41235418460816,98.60982039562272,89.18965280636752,1381207,11871,1369336,MLP
MLP,ports,supervised,47,known,Exploits,3690,2810,880,76.15176151761518,23.848238482384826,19.14038553232069,76.15176151761518,30.59169342986228,1381207,11871,1369336,MLP
MLP,ports,supervised,47,known,Fuzzers,2881,1537,1344,53.34953141270392,46.65046858729608,11.463305489260144,53.34953141270392,18.871631162133955,1381207,11871,1369336,MLP
MLP,ports,supervised,47,known,Generic,853,685,168,80.30480656506448,19.69519343493552,5.455559095253265,80.30480656506448,10.217018420463866,1381207,11871,1369336,MLP
MLP,ports,supervised,47,known,Infilteration,9186,836,8350,9.100805573699107,90.8991944263009,6.579050916817502,9.100805573699107,7.637144292696297,1381207,11871,1369336,MLP
MLP,ports,supervised,47,known,Reconnaissance,72925,69273,3652,94.9921151868358,5.0078848131642095,85.37045252883763,94.9921151868358,89.92464415294447,1381207,11871,1369336,MLP
MLP,ports,supervised,47,known,Worms,32,25,7,78.125,21.875,0.2101546738399461,78.125,0.4191817572099262,1381207,11871,1369336,MLP
MLP,ports,supervised,47,known,injection,70150,68436,1714,97.5566642908054,2.443335709194583,85.21797601703463,97.5566642908054,90.9708421675296,1381207,11871,1369336,MLP
MLP,ports,supervised,47,known,mitm,187,109,78,58.288770053475936,41.711229946524064,0.9098497495826376,58.288770053475936,1.7917317333771676,1381207,11871,1369336,MLP
MLP,ports,supervised,47,known,password,23322,23289,33,99.85850270131206,0.1414972986879314,66.23720136518772,99.85850270131206,79.64501898019904,1381207,11871,1369336,MLP
MLP,ports,supervised,47,known,scanning,3208,3170,38,98.8154613466334,1.1845386533665847,21.075726347982183,98.8154613466334,34.74162967833854,1381207,11871,1369336,MLP
MLP,ports,supervised,47,known,xss,15004,14479,525,96.5009330845108,3.499066915489202,54.94876660341556,96.5009330845108,70.02466508681144,1381207,11871,1369336,MLP
MLP,ports,supervised,47,zero_day,Backdoor,19029,8530,10499,44.82631772557675,55.17368227442325,41.81167589824028,44.82631772557675,43.2665483134669,1381207,11871,1369336,MLP
MLP,ports,supervised,47,zero_day,Brute Force,291955,287729,4226,98.55251665496397,1.4474833450360491,96.03771695594124,98.55251665496397,97.27886671569,1381207,11871,1369336,MLP
MLP,ports,supervised,47,zero_day,Shellcode,1365,457,908,33.479853479853475,66.52014652014653,3.7070084360804674,33.479853479853475,6.674943401738115,1381207,11871,1369336,MLP
MLP,ports,supervised,47,zero_day,Theft,1909,1501,408,78.62755369303301,21.372446306967,11.224947651809751,78.62755369303301,19.645311170734903,1381207,11871,1369336,MLP
MLP,ports,supervised,47,zero_day,ransomware,142,0,142,0.0,100.0,0.0,0.0,0.0,1381207,11871,1369336,MLP
MLP,ports,supervised,48,known,Analysis,315,248,67,78.73015873015873,21.269841269841272,2.336536649707933,78.73015873015873,4.538384115655594,1381207,10366,1370841,MLP
MLP,ports,supervised,48,known,Bot,2346,2345,1,99.95737425404944,0.042625745950553,18.44858783730627,99.95737425404944,31.148303114830316,1381207,10366,1370841,MLP
MLP,ports,supervised,48,known,DDoS,114041,112712,1329,98.83462965073964,1.1653703492603529,91.57769869513642,98.83462965073964,95.06787731054872,1381207,10366,1370841,MLP
MLP,ports,supervised,48,known,DoS,52727,51661,1066,97.97826540482106,2.0217345951789367,83.28792300127364,97.97826540482106,90.03782003241717,1381207,10366,1370841,MLP
MLP,ports,supervised,48,known,Exploits,3690,2704,986,73.27913279132791,26.72086720867208,20.68859984697781,73.27913279132791,32.26730310262529,1381207,10366,1370841,MLP
MLP,ports,supervised,48,known,Fuzzers,2881,1413,1468,49.04547032280458,50.954529677195424,11.99592495118431,49.04547032280458,19.276944065484315,1381207,10366,1370841,MLP
MLP,ports,supervised,48,known,Generic,853,658,195,77.13950762016412,22.860492379835872,5.968795355587808,77.13950762016412,11.080239117622297,1381207,10366,1370841,MLP
MLP,ports,supervised,48,known,Infilteration,9186,825,8361,8.981058131939909,91.01894186806008,7.371995353408989,8.981058131939909,8.097364675860039,1381207,10366,1370841,MLP
MLP,ports,supervised,48,known,Reconnaissance,72925,68726,4199,94.24202948234488,5.75797051765512,86.89374399433572,94.24202948234488,90.4188347355888,1381207,10366,1370841,MLP
MLP,ports,supervised,48,known,Worms,32,27,5,84.375,15.625,0.25979024343308,84.375,0.5179856115107914,1381207,10366,1370841,MLP
MLP,ports,supervised,48,known,injection,70150,68385,1765,97.48396293656452,2.5160370634354945,86.8369925461264,97.48396293656452,91.85297613850813,1381207,10366,1370841,MLP
MLP,ports,supervised,48,known,mitm,187,108,79,57.75401069518716,42.24598930481284,1.031124689707848,57.75401069518716,2.0260763530625647,1381207,10366,1370841,MLP
MLP,ports,supervised,48,known,password,23322,23220,102,99.56264471314638,0.4373552868536134,69.13594950276901,99.56264471314638,81.60539818654671,1381207,10366,1370841,MLP
MLP,ports,supervised,48,known,scanning,3208,3171,37,98.84663341645886,1.1533665835411488,23.42468789244293,98.84663341645886,37.873992236488505,1381207,10366,1370841,MLP
MLP,ports,supervised,48,known,xss,15004,14476,528,96.48093841642228,3.519061583577709,58.27228081474921,96.48093841642228,72.65973999899614,1381207,10366,1370841,MLP
MLP,ports,supervised,48,zero_day,Backdoor,19029,1522,17507,7.998318356193179,92.00168164380682,12.802826379542395,7.998318356193179,9.845715949154188,1381207,10366,1370841,MLP
MLP,ports,supervised,48,zero_day,Brute Force,291955,289712,2243,99.2317309174359,0.7682690825640992,96.5455648198135,99.2317309174359,97.87022007219193,1381207,10366,1370841,MLP
MLP,ports,supervised,48,zero_day,Shellcode,1365,291,1074,21.31868131868132,78.68131868131869,2.73059960589284,21.31868131868132,4.841124604891033,1381207,10366,1370841,MLP
MLP,ports,supervised,48,zero_day,Theft,1909,1465,444,76.74174960712415,23.25825039287586,12.382723353900769,76.74174960712415,21.324599708879184,1381207,10366,1370841,MLP
MLP,ports,supervised,48,zero_day,ransomware,142,0,142,0.0,100.0,0.0,0.0,0.0,1381207,10366,1370841,MLP
MLP,ports,supervised,49,known,Analysis,315,248,67,78.73015873015873,21.269841269841272,1.763869132290185,78.73015873015873,3.450434782608695,1381207,13812,1367395,MLP
MLP,ports,supervised,49,known,Bot,2346,2345,1,99.95737425404944,0.042625745950553,14.513833013554498,99.95737425404944,25.347240987947902,1381207,13812,1367395,MLP
MLP,ports,supervised,49,known,DDoS,114041,113132,909,99.20291824870004,0.7970817512999662,89.11961179732796,99.20291824870004,93.89132103657904,1381207,13812,1367395,MLP
MLP,ports,supervised,49,known,DoS,52727,51977,750,98.57757884954576,1.4224211504542228,79.00560884038364,98.57757884954576,87.7130514023423,1381207,13812,1367395,MLP
MLP,ports,supervised,49,known,Exploits,3690,2262,1428,61.300813008130085,38.69918699186992,14.072415080253824,61.300813008130085,22.890103217972065,1381207,13812,1367395,MLP
MLP,ports,supervised,49,known,Fuzzers,2881,1436,1445,49.84380423464075,50.15619576535926,9.417628541448058,49.84380423464075,15.842021071211873,1381207,13812,1367395,MLP
MLP,ports,supervised,49,known,Generic,853,623,230,73.03634232121922,26.963657678780773,4.3158988569449255,73.03634232121922,8.15018315018315,1381207,13812,1367395,MLP
MLP,ports,supervised,49,known,Infilteration,9186,826,8360,8.991944263008927,91.00805573699108,5.642847383522339,8.991944263008927,6.9341840161182,1381207,13812,1367395,MLP
MLP,ports,supervised,49,known,Reconnaissance,72925,69252,3673,94.96331847788824,5.036681522111763,83.3718578445536,94.96331847788824,88.79087627973767,1381207,13812,1367395,MLP
MLP,ports,supervised,49,known,Worms,32,25,7,78.125,21.875,0.18067500180675,78.125,0.3605162592832937,1381207,13812,1367395,MLP
MLP,ports,supervised,49,known,injection,70150,68613,1537,97.80898075552388,2.1910192444761223,83.24294813466788,97.80898075552388,89.94002949369163,1381207,13812,1367395,MLP
MLP,ports,supervised,49,known,mitm,187,105,82,56.14973262032086,43.85026737967914,0.7544729467557664,56.14973262032086,1.488939307997731,1381207,13812,1367395,MLP
MLP,ports,supervised,49,known,password,23322,23257,65,99.72129319955408,0.278706800445927,62.73975559092503,99.72129319955408,77.0214104750708,1381207,13812,1367395,MLP
MLP,ports,supervised,49,known,scanning,3208,3173,35,98.90897755610972,1.0910224438902771,18.68118928466294,98.90897755610972,31.42673203585401,1381207,13812,1367395,MLP
MLP,ports,supervised,49,known,xss,15004,14544,460,96.93415089309518,3.065849106904828,51.2907321201862,96.93415089309518,67.08487084870848,1381207,13812,1367395,MLP
MLP,ports,supervised,49,zero_day,Backdoor,19029,11511,7518,60.49188081349519,39.50811918650481,45.45669944319393,60.49188081349519,51.907467532467535,1381207,13812,1367395,MLP
MLP,ports,supervised,49,zero_day,Brute Force,291955,287735,4220,98.55457176619684,1.4454282338031588,95.41961949546835,98.55457176619684,96.9617625551388,1381207,13812,1367395,MLP
MLP,ports,supervised,49,zero_day,Shellcode,1365,254,1111,18.60805860805861,81.39194139194139,1.805772785440068,18.60805860805861,3.2920743956969734,1381207,13812,1367395,MLP
MLP,ports,supervised,49,zero_day,Theft,1909,1287,622,67.41749607124149,32.58250392875851,8.523743294257898,67.41749607124149,15.134054562558791,1381207,13812,1367395,MLP
MLP,ports,supervised,49,zero_day,ransomware,142,0,142,0.0,100.0,0.0,0.0,0.0,1381207,13812,1367395,MLP
RF,ports,supervised,42,known,Analysis,315,262,53,83.17460317460318,16.825396825396822,11.026936026936026,83.17460317460318,19.47231512448904,1381207,2114,1379093,RF
RF,ports,supervised,42,known,Bot,2346,2346,0,100.0,0.0,52.60089686098655,100.0,68.93917131942405,1381207,2114,1379093,RF
RF,ports,supervised,42,known,DDoS,114041,114017,24,99.97895493725942,0.0210450627405878,98.17964195606686,99.97895493725942,99.07112941626262,1381207,2114,1379093,RF
RF,ports,supervised,42,known,DoS,52727,52670,57,99.89189599256548,0.1081040074345174,96.14120911214953,99.89189599256548,97.98067174521675,1381207,2114,1379093,RF
RF,ports,supervised,42,known,Exploits,3690,3557,133,96.39566395663957,3.6043360433604335,62.72262387585964,96.39566395663957,75.99615425702382,1381207,2114,1379093,RF
RF,ports,supervised,42,known,Fuzzers,2881,1559,1322,54.11315515446026,45.88684484553974,42.44486795534985,54.11315515446026,47.57400061031432,1381207,2114,1379093,RF
RF,ports,supervised,42,known,Generic,853,832,21,97.53810082063306,2.461899179366944,28.24168363883232,97.53810082063306,43.80100026322716,1381207,2114,1379093,RF
RF,ports,supervised,42,known,Infilteration,9186,945,8241,10.287393860222076,89.71260613977792,30.89244851258581,10.287393860222076,15.434871376071865,1381207,2114,1379093,RF
RF,ports,supervised,42,known,Reconnaissance,72925,71977,948,98.70003428179636,1.2999657182036328,97.1467519671755,98.70003428179636,97.91723349839474,1381207,2114,1379093,RF
RF,ports,supervised,42,known,Worms,32,31,1,96.875,3.125,1.4452214452214454,96.875,2.847955902618282,1381207,2114,1379093,RF
RF,ports,supervised,42,known,injection,70150,70131,19,99.97291518175338,0.0270848182466143,97.07384594089557,99.97291518175338,98.50205414515958,1381207,2114,1379093,RF
RF,ports,supervised,42,known,mitm,187,174,13,93.048128342246,6.951871657754005,7.604895104895106,93.048128342246,14.06060606060606,1381207,2114,1379093,RF
RF,ports,supervised,42,known,password,23322,23321,1,99.99571220307008,0.0042877969299359,91.6886180459996,99.99571220307008,95.66216133068072,1381207,2114,1379093,RF
RF,ports,supervised,42,known,scanning,3208,3208,0,100.0,0.0,60.27809094325441,100.0,75.21688159437281,1381207,2114,1379093,RF
RF,ports,supervised,42,known,xss,15004,15001,3,99.98000533191149,0.0199946680885076,87.6482617586912,99.98000533191149,93.40888570627978,1381207,2114,1379093,RF
RF,ports,supervised,42,zero_day,Backdoor,19029,8734,10295,45.89836565242524,54.10163434757476,80.51253687315634,45.89836565242524,58.46637881982796,1381207,2114,1379093,RF
RF,ports,supervised,42,zero_day,Brute Force,291955,193587,98368,66.30713637375622,33.69286362624378,98.91978068584216,66.30713637375622,79.39490132388404,1381207,2114,1379093,RF
RF,ports,supervised,42,zero_day,Shellcode,1365,735,630,53.84615384615385,46.15384615384615,25.7985257985258,53.84615384615385,34.88372093023256,1381207,2114,1379093,RF
RF,ports,supervised,42,zero_day,Theft,1909,1460,449,76.47983237297015,23.520167627029853,40.850587576944605,76.47983237297015,53.25551705270837,1381207,2114,1379093,RF
RF,ports,supervised,42,zero_day,ransomware,142,0,142,0.0,100.0,0.0,0.0,0.0,1381207,2114,1379093,RF
RF,ports,supervised,43,known,Analysis,315,262,53,83.17460317460318,16.825396825396822,10.715746421267896,83.17460317460318,18.98550724637681,1381207,2183,1379024,RF
RF,ports,supervised,43,known,Bot,2346,2346,0,100.0,0.0,51.79951424155442,100.0,68.24727272727273,1381207,2183,1379024,RF
RF,ports,supervised,43,known,DDoS,114041,114016,25,99.9780780596452,0.0219219403547854,98.1213263453214,99.9780780596452,99.04100069492704,1381207,2183,1379024,RF
RF,ports,supervised,43,known,DoS,52727,52675,52,99.90137880023518,0.0986211997648256,96.02063509424332,99.90137880023518,97.92257284937492,1381207,2183,1379024,RF
RF,ports,supervised,43,known,Exploits,3690,3557,133,96.39566395663957,3.6043360433604335,61.96864111498258,96.39566395663957,75.44008483563097,1381207,2183,1379024,RF
RF,ports,supervised,43,known,Fuzzers,2881,1562,1319,54.21728566469975,45.78271433530025,41.70894526034713,54.21728566469975,47.14760036220948,1381207,2183,1379024,RF
RF,ports,supervised,43,known,Generic,853,835,18,97.88980070339976,2.1101992966002348,27.66732935719019,97.88980070339976,43.141307155773696,1381207,2183,1379024,RF
RF,ports,supervised,43,known,Infilteration,9186,951,8235,10.352710646636186,89.64728935336382,30.3446075303127,10.352710646636186,15.438311688311687,1381207,2183,1379024,RF
RF,ports,supervised,43,known,Reconnaissance,72925,71984,941,98.70963318477888,1.2903668152211225,97.05664244205644,98.70963318477888,97.87615913849834,1381207,2183,1379024,RF
RF,ports,supervised,43,known,Worms,32,32,0,100.0,0.0,1.4446952595936793,100.0,2.848242100578549,1381207,2183,1379024,RF
RF,ports,supervised,43,known,injection,70150,70131,19,99.97291518175338,0.0270848182466143,96.98122078712282,99.97291518175338,98.45434636118596,1381207,2183,1379024,RF
RF,ports,supervised,43,known,mitm,187,171,16,91.44385026737967,8.556149732620321,7.264231096006797,91.44385026737967,13.45926800472255,1381207,2183,1379024,RF
RF,ports,supervised,43,known,password,23322,23321,1,99.99571220307008,0.0042877969299359,91.4405583437892,99.99571220307008,95.5269733338795,1381207,2183,1379024,RF
RF,ports,supervised,43,known,scanning,3208,3208,0,100.0,0.0,59.506585049156,100.0,74.61332713106175,1381207,2183,1379024,RF
RF,ports,supervised,43,known,xss,15004,15001,3,99.98000533191149,0.0199946680885076,87.29632216014897,99.98000533191149,93.20864918603206,1381207,2183,1379024,RF
RF,ports,supervised,43,zero_day,Backdoor,19029,8734,10295,45.89836565242524,54.10163434757476,80.00366401025923,45.89836565242524,58.331663661256925,1381207,2183,1379024,RF
RF,ports,supervised,43,zero_day,Brute Force,291955,193586,98369,66.30679385521742,33.693206144782586,98.884910276908,66.30679385521742,79.3834217713297,1381207,2183,1379024,RF
RF,ports,supervised,43,zero_day,Shellcode,1365,739,626,54.13919413919414,45.86080586080586,25.290896646132783,54.13919413919414,34.4763237695358,1381207,2183,1379024,RF
RF,ports,supervised,43,zero_day,Theft,1909,1468,441,76.89889994761656,23.10110005238345,40.20816214735689,76.89889994761656,52.80575539568346,1381207,2183,1379024,RF
RF,ports,supervised,43,zero_day,ransomware,142,0,142,0.0,100.0,0.0,0.0,0.0,1381207,2183,1379024,RF
RF,ports,supervised,44,known,Analysis,315,262,53,83.17460317460318,16.825396825396822,11.158432708688244,83.17460317460318,19.67705595193391,1381207,2086,1379121,RF
RF,ports,supervised,44,known,Bot,2346,2346,0,100.0,0.0,52.93321299638989,100.0,69.22395987016819,1381207,2086,1379121,RF
RF,ports,supervised,44,known,DDoS,114041,114009,32,99.97193991634587,0.0280600836541244,98.20319565872776,99.97193991634587,99.07967462717698,1381207,2086,1379121,RF
RF,ports,supervised,44,known,DoS,52727,52666,61,99.88430974642972,0.1156902535702775,96.19009351256577,99.88430974642972,98.0024004689288,1381207,2086,1379121,RF
RF,ports,supervised,44,known,Exploits,3690,3559,131,96.44986449864498,3.550135501355012,63.04694419840566,96.44986449864498,76.25066952329941,1381207,2086,1379121,RF
RF,ports,supervised,44,known,Fuzzers,2881,1547,1334,53.69663311350226,46.30336688649774,42.58188824662813,53.69663311350226,47.49769726742401,1381207,2086,1379121,RF
RF,ports,supervised,44,known,Generic,853,837,16,98.12426729191093,1.875732708089095,28.63496407800205,98.12426729191093,44.33262711864406,1381207,2086,1379121,RF
RF,ports,supervised,44,known,Infilteration,9186,947,8239,10.309166122360114,89.69083387763989,31.223211341905703,10.309166122360114,15.500450118667649,1381207,2086,1379121,RF
RF,ports,supervised,44,known,Reconnaissance,72925,71976,949,98.69866300994173,1.3013369900582772,97.18344090086684,98.69866300994173,97.93519154755182,1381207,2086,1379121,RF
RF,ports,supervised,44,known,Worms,32,31,1,96.875,3.125,1.4643363249881909,96.875,2.8850628199162403,1381207,2086,1379121,RF
RF,ports,supervised,44,known,injection,70150,70128,22,99.96863863150392,0.0313613684960745,97.11136344753096,99.96863863150392,98.51928858419264,1381207,2086,1379121,RF
RF,ports,supervised,44,known,mitm,187,173,14,92.51336898395722,7.486631016042777,7.65825586542718,92.51336898395722,14.145543744889617,1381207,2086,1379121,RF
RF,ports,supervised,44,known,password,23322,23321,1,99.99571220307008,0.0042877969299359,91.78966426575352,99.99571220307008,95.7171294301135,1381207,2086,1379121,RF
RF,ports,supervised,44,known,scanning,3208,3208,0,100.0,0.0,60.59690215338118,100.0,75.464596565514,1381207,2086,1379121,RF
RF,ports,supervised,44,known,xss,15004,15001,3,99.98000533191149,0.0199946680885076,87.7918885702581,99.98000533191149,93.49038671278552,1381207,2086,1379121,RF
RF,ports,supervised,44,zero_day,Backdoor,19029,8735,10294,45.903620789321565,54.09637921067844,80.7226688845763,45.903620789321565,58.52596314907873,1381207,2086,1379121,RF
RF,ports,supervised,44,zero_day,Brute Force,291955,193587,98368,66.30713637375622,33.69286362624378,98.9339356988445,66.30713637375622,79.39946024428458,1381207,2086,1379121,RF
RF,ports,supervised,44,zero_day,Shellcode,1365,739,626,54.13919413919414,45.86080586080586,26.15929203539823,54.13919413919414,35.27446300715991,1381207,2086,1379121,RF
RF,ports,supervised,44,zero_day,Theft,1909,1465,444,76.74174960712415,23.25825039287586,41.25598422979442,76.74174960712415,53.663003663003664,1381207,2086,1379121,RF
RF,ports,supervised,44,zero_day,ransomware,142,0,142,0.0,100.0,0.0,0.0,0.0,1381207,2086,1379121,RF
RF,ports,supervised,45,known,Analysis,315,263,52,83.4920634920635,16.507936507936506,10.783107831078311,83.4920634920635,19.09949164851125,1381207,2176,1379031,RF
RF,ports,supervised,45,known,Bot,2346,2346,0,100.0,0.0,51.8796992481203,100.0,68.31683168316832,1381207,2176,1379031,RF
RF,ports,supervised,45,known,DDoS,114041,114016,25,99.9780780596452,0.0219219403547854,98.12723767557146,99.9780780596452,99.04401193573466,1381207,2176,1379031,RF
RF,ports,supervised,45,known,DoS,52727,52670,57,99.89189599256548,0.1081040074345174,96.03252744046968,99.89189599256548,97.92420031048684,1381207,2176,1379031,RF
RF,ports,supervised,45,known,Exploits,3690,3557,133,96.39566395663957,3.6043360433604335,62.04430490144775,96.39566395663957,75.49612649899183,1381207,2176,1379031,RF
RF,ports,supervised,45,known,Fuzzers,2881,1566,1315,54.35612634501909,45.64387365498091,41.84927846071619,54.35612634501909,47.28974784840707,1381207,2176,1379031,RF
RF,ports,supervised,45,known,Generic,853,838,15,98.24150058616648,1.7584994138335253,27.80358327803583,98.24150058616648,43.34109128523404,1381207,2176,1379031,RF
RF,ports,supervised,45,known,Infilteration,9186,945,8241,10.287393860222076,89.71260613977792,30.27875680871516,10.287393860222076,15.357113837653367,1381207,2176,1379031,RF
RF,ports,supervised,45,known,Reconnaissance,72925,72022,903,98.7617415152554,1.2382584847446032,97.06730639639882,98.7617415152554,97.9071933008435,1381207,2176,1379031,RF
RF,ports,supervised,45,known,Worms,32,32,0,100.0,0.0,1.4492753623188406,100.0,2.857142857142857,1381207,2176,1379031,RF
RF,ports,supervised,45,known,injection,70150,70129,21,99.97006414825374,0.0299358517462544,96.9905262429984,99.97006414825374,98.45775859043208,1381207,2176,1379031,RF
RF,ports,supervised,45,known,mitm,187,171,16,91.44385026737967,8.556149732620321,7.285896889646357,91.44385026737967,13.496448303078138,1381207,2176,1379031,RF
RF,ports,supervised,45,known,password,23322,23320,2,99.99142440614013,0.0085755938598719,91.4653278945717,99.99142440614013,95.53853086976116,1381207,2176,1379031,RF
RF,ports,supervised,45,known,scanning,3208,3208,0,100.0,0.0,59.58395245170877,100.0,74.67411545623835,1381207,2176,1379031,RF
RF,ports,supervised,45,known,xss,15004,15000,4,99.97334044254865,0.0266595574513472,87.33115975780159,99.97334044254865,93.2256059664388,1381207,2176,1379031,RF
RF,ports,supervised,45,zero_day,Backdoor,19029,8732,10297,45.887855378632615,54.112144621367385,80.05133846718006,45.887855378632615,58.33583859438153,1381207,2176,1379031,RF
RF,ports,supervised,45,zero_day,Brute Force,291955,193587,98368,66.30713637375622,33.69286362624378,98.88845185249512,66.30713637375622,79.38480843438217,1381207,2176,1379031,RF
RF,ports,supervised,45,zero_day,Shellcode,1365,726,639,53.18681318681319,46.81318681318681,25.01722949689869,53.18681318681319,34.02859151628779,1381207,2176,1379031,RF
RF,ports,supervised,45,zero_day,Theft,1909,1472,437,77.10843373493977,22.89156626506024,40.35087719298245,77.10843373493977,52.97822566132806,1381207,2176,1379031,RF
RF,ports,supervised,45,zero_day,ransomware,142,0,142,0.0,100.0,0.0,0.0,0.0,1381207,2176,1379031,RF
RF,ports,supervised,46,known,Analysis,315,263,52,83.4920634920635,16.507936507936506,11.139347734011013,83.4920634920635,19.65620328849029,1381207,2098,1379109,RF
RF,ports,supervised,46,known,Bot,2346,2346,0,100.0,0.0,52.790279027902784,100.0,69.10162002945508,1381207,2098,1379109,RF
RF,ports,supervised,46,known,DDoS,114041,114016,25,99.9780780596452,0.0219219403547854,98.19315500284203,99.9780780596452,99.07757815385284,1381207,2098,1379109,RF
RF,ports,supervised,46,known,DoS,52727,52670,57,99.89189599256548,0.1081040074345174,96.1692959392346,99.89189599256548,97.9952555932834,1381207,2098,1379109,RF
RF,ports,supervised,46,known,Exploits,3690,3562,128,96.53116531165313,3.468834688346889,62.93286219081272,96.53116531165313,76.19251336898397,1381207,2098,1379109,RF
RF,ports,supervised,46,known,Fuzzers,2881,1523,1358,52.86358903158626,47.13641096841374,42.06020436343552,52.86358903158626,46.847123961857896,1381207,2098,1379109,RF
RF,ports,supervised,46,known,Generic,853,836,17,98.00703399765534,1.992966002344665,28.493524199045677,98.00703399765534,44.151043041985744,1381207,2098,1379109,RF
RF,ports,supervised,46,known,Infilteration,9186,952,8234,10.363596777705204,89.6364032222948,31.21311475409836,10.363596777705204,15.560640732265446,1381207,2098,1379109,RF
RF,ports,supervised,46,known,Reconnaissance,72925,71987,938,98.71374700034282,1.286252999657178,97.16811770263884,98.71374700034282,97.93483436500918,1381207,2098,1379109,RF
RF,ports,supervised,46,known,Worms,32,32,0,100.0,0.0,1.5023474178403755,100.0,2.960222016651249,1381207,2098,1379109,RF
RF,ports,supervised,46,known,injection,70150,70128,22,99.96863863150392,0.0313613684960745,97.09522886495168,99.96863863150392,98.51098499747148,1381207,2098,1379109,RF
RF,ports,supervised,46,known,mitm,187,172,15,91.97860962566844,8.021390374331549,7.577092511013215,91.97860962566844,14.000814000814,1381207,2098,1379109,RF
RF,ports,supervised,46,known,password,23322,23320,2,99.99142440614013,0.0085755938598719,91.74600676685812,99.99142440614013,95.69142388182192,1381207,2098,1379109,RF
RF,ports,supervised,46,known,scanning,3208,3208,0,100.0,0.0,60.459856765925366,100.0,75.3582334977684,1381207,2098,1379109,RF
RF,ports,supervised,46,known,xss,15004,15000,4,99.97334044254865,0.0266595574513472,87.72955901275003,99.97334044254865,93.45212136315494,1381207,2098,1379109,RF
RF,ports,supervised,46,zero_day,Backdoor,19029,8735,10294,45.903620789321565,54.09637921067844,80.63325025385396,45.903620789321565,58.50244457839396,1381207,2098,1379109,RF
RF,ports,supervised,46,zero_day,Brute Force,291955,193587,98368,66.30713637375622,33.69286362624378,98.92786876868436,66.30713637375622,79.39750635714873,1381207,2098,1379109,RF
RF,ports,supervised,46,zero_day,Shellcode,1365,731,634,53.55311355311356,46.446886446886445,25.839519264757865,53.55311355311356,34.85932284215546,1381207,2098,1379109,RF
RF,ports,supervised,46,zero_day,Theft,1909,1472,437,77.10843373493977,22.89156626506024,41.23249299719888,77.10843373493977,53.73243292571637,1381207,2098,1379109,RF
RF,ports,supervised,46,zero_day,ransomware,142,0,142,0.0,100.0,0.0,0.0,0.0,1381207,2098,1379109,RF
RF,ports,supervised,47,known,Analysis,315,262,53,83.17460317460318,16.825396825396822,11.158432708688244,83.17460317460318,19.67705595193391,1381207,2086,1379121,RF
RF,ports,supervised,47,known,Bot,2346,2346,0,100.0,0.0,52.93321299638989,100.0,69.22395987016819,1381207,2086,1379121,RF
RF,ports,supervised,47,known,DDoS,114041,114017,24,99.97895493725942,0.0210450627405878,98.20331946633593,99.97895493725942,99.08318270300332,1381207,2086,1379121,RF
RF,ports,supervised,47,known,DoS,52727,52675,52,99.90137880023518,0.0986211997648256,96.1907196727598,99.90137880023518,98.01094075617742,1381207,2086,1379121,RF
RF,ports,supervised,47,known,Exploits,3690,3553,137,96.28726287262872,3.712737127371269,63.00762546550806,96.28726287262872,76.17107942973523,1381207,2086,1379121,RF
RF,ports,supervised,47,known,Fuzzers,2881,1557,1324,54.04373481430059,45.95626518569941,42.73950041174856,54.04373481430059,47.73145309625997,1381207,2086,1379121,RF
RF,ports,supervised,47,known,Generic,853,833,20,97.65533411488865,2.3446658851113744,28.53717026378897,97.65533411488865,44.16755037115589,1381207,2086,1379121,RF
RF,ports,supervised,47,known,Infilteration,9186,955,8231,10.39625517091226,89.60374482908774,31.40414337389017,10.39625517091226,15.621166271366643,1381207,2086,1379121,RF
RF,ports,supervised,47,known,Reconnaissance,72925,71997,928,98.72745971888926,1.2725402811107345,97.18423929916446,98.72745971888926,97.94977144101,1381207,2086,1379121,RF
RF,ports,supervised,47,known,Worms,32,31,1,96.875,3.125,1.4643363249881909,96.875,2.8850628199162403,1381207,2086,1379121,RF
RF,ports,supervised,47,known,injection,70150,70127,23,99.96721311475407,0.0327868852459056,97.11132344591694,99.96721311475407,98.51857575353148,1381207,2086,1379121,RF
RF,ports,supervised,47,known,mitm,187,172,15,91.97860962566844,8.021390374331549,7.6173604960141725,91.97860962566844,14.06952965235174,1381207,2086,1379121,RF
RF,ports,supervised,47,known,password,23322,23320,2,99.99142440614013,0.0085755938598719,91.78934110052744,99.99142440614013,95.71498932851748,1381207,2086,1379121,RF
RF,ports,supervised,47,known,scanning,3208,3208,0,100.0,0.0,60.59690215338118,100.0,75.464596565514,1381207,2086,1379121,RF
RF,ports,supervised,47,known,xss,15004,15000,4,99.97334044254865,0.0266595574513472,87.79117406063443,99.97334044254865,93.48706762231224,1381207,2086,1379121,RF
RF,ports,supervised,47,zero_day,Backdoor,19029,8731,10298,45.8826002417363,54.11739975826371,80.71554035314782,45.8826002417363,58.50700261341554,1381207,2086,1379121,RF
RF,ports,supervised,47,zero_day,Brute Force,291955,193587,98368,66.30713637375622,33.69286362624378,98.9339356988445,66.30713637375622,79.39946024428458,1381207,2086,1379121,RF
RF,ports,supervised,47,zero_day,Shellcode,1365,740,625,54.21245421245421,45.78754578754579,26.18542108987969,54.21245421245421,35.313767597232165,1381207,2086,1379121,RF
RF,ports,supervised,47,zero_day,Theft,1909,1465,444,76.74174960712415,23.25825039287586,41.25598422979442,76.74174960712415,53.663003663003664,1381207,2086,1379121,RF
RF,ports,supervised,47,zero_day,ransomware,142,0,142,0.0,100.0,0.0,0.0,0.0,1381207,2086,1379121,RF
RF,ports,supervised,48,known,Analysis,315,262,53,83.17460317460318,16.825396825396822,11.148936170212766,83.17460317460318,19.662288930581614,1381207,2088,1379119,RF
RF,ports,supervised,48,known,Bot,2346,2346,0,100.0,0.0,52.90933694181326,100.0,69.20353982300884,1381207,2088,1379119,RF
RF,ports,supervised,48,known,DDoS,114041,114017,24,99.97895493725942,0.0210450627405878,98.2016278368718,99.97895493725942,99.08232165668753,1381207,2088,1379119,RF
RF,ports,supervised,48,known,DoS,52727,52679,48,99.90896504637094,0.0910349536290655,96.18748516442383,99.90896504637094,98.0129123485962,1381207,2088,1379119,RF
RF,ports,supervised,48,known,Exploits,3690,3559,131,96.44986449864498,3.550135501355012,63.02461483973792,96.44986449864498,76.23433651065653,1381207,2088,1379119,RF
RF,ports,supervised,48,known,Fuzzers,2881,1558,1323,54.078444984380425,45.921555015619575,42.73176083379045,54.078444984380425,47.74015627393903,1381207,2088,1379119,RF
RF,ports,supervised,48,known,Generic,853,838,15,98.24150058616648,1.7584994138335253,28.63978127136022,98.24150058616648,44.35035723736439,1381207,2088,1379119,RF
RF,ports,supervised,48,known,Infilteration,9186,956,8230,10.407141301981277,89.59285869801872,31.40604467805519,10.407141301981277,15.633687653311531,1381207,2088,1379119,RF
RF,ports,supervised,48,known,Reconnaissance,72925,71997,928,98.72745971888926,1.2725402811107345,97.18161571168253,98.72745971888926,97.94843888170873,1381207,2088,1379119,RF
RF,ports,supervised,48,known,Worms,32,32,0,100.0,0.0,1.509433962264151,100.0,2.973977695167286,1381207,2088,1379119,RF
RF,ports,supervised,48,known,injection,70150,70129,21,99.97006414825374,0.0299358517462544,97.10871401470568,99.97006414825374,98.5186173762178,1381207,2088,1379119,RF
RF,ports,supervised,48,known,mitm,187,172,15,91.97860962566844,8.021390374331549,7.610619469026549,91.97860962566844,14.058030241111569,1381207,2088,1379119,RF
RF,ports,supervised,48,known,password,23322,23321,1,99.99571220307008,0.0042877969299359,91.78243929316385,99.99571220307008,95.71320104245756,1381207,2088,1379119,RF
RF,ports,supervised,48,known,scanning,3208,3208,0,100.0,0.0,60.57401812688822,100.0,75.44684854186265,1381207,2088,1379119,RF
RF,ports,supervised,48,known,xss,15004,15001,3,99.98000533191149,0.0199946680885076,87.78161390368074,99.98000533191149,93.48456049605834,1381207,2088,1379119,RF
RF,ports,supervised,48,zero_day,Backdoor,19029,8729,10300,45.87208996794367,54.127910032056334,80.6970509383378,45.87208996794367,58.49360048247672,1381207,2088,1379119,RF
RF,ports,supervised,48,zero_day,Brute Force,291955,193587,98368,66.30713637375622,33.69286362624378,98.93292449214258,66.30713637375622,79.39913458975042,1381207,2088,1379119,RF
RF,ports,supervised,48,zero_day,Shellcode,1365,742,623,54.35897435897436,45.64102564102564,26.219081272084804,54.35897435897436,35.37544696066747,1381207,2088,1379119,RF
RF,ports,supervised,48,zero_day,Theft,1909,1473,436,77.16081718177055,22.839182818229443,41.3647851727043,77.16081718177055,53.85740402193784,1381207,2088,1379119,RF
RF,ports,supervised,48,zero_day,ransomware,142,0,142,0.0,100.0,0.0,0.0,0.0,1381207,2088,1379119,RF
RF,ports,supervised,49,known,Analysis,315,263,52,83.4920634920635,16.507936507936506,11.008790288823777,83.4920634920635,19.45266272189349,1381207,2126,1379081,RF
RF,ports,supervised,49,known,Bot,2346,2346,0,100.0,0.0,52.459749552772806,100.0,68.81783514227045,1381207,2126,1379081,RF
RF,ports,supervised,49,known,DDoS,114041,114016,25,99.9780780596452,0.0219219403547854,98.1694821856004,99.9780780596452,99.06552612486588,1381207,2126,1379081,RF
RF,ports,supervised,49,known,DoS,52727,52674,53,99.89948223870122,0.1005177612987684,96.12043795620436,99.89948223870122,97.97353222911454,1381207,2126,1379081,RF
RF,ports,supervised,49,known,Exploits,3690,3560,130,96.4769647696477,3.5230352303523005,62.60991909954273,96.4769647696477,75.93856655290102,1381207,2126,1379081,RF
RF,ports,supervised,49,known,Fuzzers,2881,1552,1329,53.87018396390142,46.12981603609858,42.1968461120174,53.87018396390142,47.32428723890837,1381207,2126,1379081,RF
RF,ports,supervised,49,known,Generic,853,835,18,97.88980070339976,2.1101992966002348,28.1999324552516,97.88980070339976,43.7860513896172,1381207,2126,1379081,RF
RF,ports,supervised,49,known,Infilteration,9186,948,8238,10.32005225342913,89.67994774657086,30.839297332465843,10.32005225342913,15.464926590538337,1381207,2126,1379081,RF
RF,ports,supervised,49,known,Reconnaissance,72925,71970,955,98.69043537881385,1.3095646211861545,97.13074929820772,98.69043537881385,97.90438100679496,1381207,2126,1379081,RF
RF,ports,supervised,49,known,Worms,32,31,1,96.875,3.125,1.4371812702828002,96.875,2.832343535861124,1381207,2126,1379081,RF
RF,ports,supervised,49,known,injection,70150,70128,22,99.96863863150392,0.0313613684960745,97.0576023472749,99.96863863150392,98.49161540406168,1381207,2126,1379081,RF
RF,ports,supervised,49,known,mitm,187,170,17,90.9090909090909,9.090909090909092,7.40418118466899,90.9090909090909,13.693113169552962,1381207,2126,1379081,RF
RF,ports,supervised,49,known,password,23322,23321,1,99.99571220307008,0.0042877969299359,91.64538059496208,99.99571220307008,95.63862289569194,1381207,2126,1379081,RF
RF,ports,supervised,49,known,scanning,3208,3208,0,100.0,0.0,60.14248218972629,100.0,75.11121517209085,1381207,2126,1379081,RF
RF,ports,supervised,49,known,xss,15004,15000,4,99.97334044254865,0.0266595574513472,87.58612635758496,99.97334044254865,93.37068160597572,1381207,2126,1379081,RF
RF,ports,supervised,49,zero_day,Backdoor,19029,8734,10295,45.89836565242524,54.10163434757476,80.42357274401473,45.89836565242524,58.44290541670849,1381207,2126,1379081,RF
RF,ports,supervised,49,zero_day,Brute Force,291955,193587,98368,66.30713637375622,33.69286362624378,98.91371549156165,66.30713637375622,79.39294766111371,1381207,2126,1379081,RF
RF,ports,supervised,49,zero_day,Shellcode,1365,738,627,54.06593406593407,45.934065934065934,25.768156424581008,54.06593406593407,34.90186805391346,1381207,2126,1379081,RF
RF,ports,supervised,49,zero_day,Theft,1909,1473,436,77.16081718177055,22.839182818229443,40.92803556543485,77.16081718177055,53.48583877995643,1381207,2126,1379081,RF
RF,ports,supervised,49,zero_day,ransomware,142,0,142,0.0,100.0,0.0,0.0,0.0,1381207,2126,1379081,RF
XGB,ports,supervised,42,known,Analysis,315,264,51,83.80952380952381,16.19047619047619,10.091743119266056,83.80952380952381,18.014329580348004,1381207,2352,1378855,XGB
XGB,ports,supervised,42,known,Bot,2346,2346,0,100.0,0.0,49.93614303959132,100.0,66.6098807495741,1381207,2352,1378855,XGB
XGB,ports,supervised,42,known,DDoS,114041,114011,30,99.97369367157424,0.0263063284257403,97.97873894622862,99.97369367157424,98.9661637818788,1381207,2352,1378855,XGB
XGB,ports,supervised,42,known,DoS,52727,52648,79,99.85017163881882,0.1498283611811812,95.72363636363636,99.85017163881882,97.74336981443837,1381207,2352,1378855,XGB
XGB,ports,supervised,42,known,Exploits,3690,3528,162,95.60975609756098,4.390243902439028,60.0,95.60975609756098,73.73040752351096,1381207,2352,1378855,XGB
XGB,ports,supervised,42,known,Fuzzers,2881,1542,1339,53.52308226310309,46.47691773689691,39.59938366718028,53.52308226310309,45.52029520295204,1381207,2352,1378855,XGB
XGB,ports,supervised,42,known,Generic,853,834,19,97.7725674091442,2.2274325908558046,26.17702448210923,97.7725674091442,41.29735082941322,1381207,2352,1378855,XGB
XGB,ports,supervised,42,known,Infilteration,9186,946,8240,10.298279991291096,89.7017200087089,28.68405093996361,10.298279991291096,15.155398910605577,1381207,2352,1378855,XGB
XGB,ports,supervised,42,known,Reconnaissance,72925,72166,759,98.95920466232432,1.0407953376756929,96.84371561233527,98.95920466232432,97.8900320801937,1381207,2352,1378855,XGB
XGB,ports,supervised,42,known,Worms,32,31,1,96.875,3.125,1.3008812421317666,96.875,2.5672877846790887,1381207,2352,1378855,XGB
XGB,ports,supervised,42,known,injection,70150,70118,32,99.9543834640057,0.0456165359942972,96.75451911135642,99.9543834640057,98.32842518580846,1381207,2352,1378855,XGB
XGB,ports,supervised,42,known,mitm,187,168,19,89.83957219251337,10.160427807486627,6.666666666666667,89.83957219251337,12.41226449944588,1381207,2352,1378855,XGB
XGB,ports,supervised,42,known,password,23322,23320,2,99.99142440614013,0.0085755938598719,90.8382673730134,99.99142440614013,95.19533004041313,1381207,2352,1378855,XGB
XGB,ports,supervised,42,known,scanning,3208,3208,0,100.0,0.0,57.69784172661871,100.0,73.17518248175183,1381207,2352,1378855,XGB
XGB,ports,supervised,42,known,xss,15004,14999,5,99.9666755531858,0.0333244468141868,86.44458532649415,99.9666755531858,92.71519085149129,1381207,2352,1378855,XGB
XGB,ports,supervised,42,zero_day,Backdoor,19029,8480,10549,44.56356088076095,55.436439119239054,78.28655834564255,44.56356088076095,56.79649040554568,1381207,2352,1378855,XGB
XGB,ports,supervised,42,zero_day,Brute Force,291955,193576,98379,66.30336866982925,33.696631330170746,98.79955902168145,66.30336866982925,79.35345154473511,1381207,2352,1378855,XGB
XGB,ports,supervised,42,zero_day,Shellcode,1365,736,629,53.91941391941392,46.08058608058608,23.83419689119171,53.91941391941392,33.05636649449809,1381207,2352,1378855,XGB
XGB,ports,supervised,42,zero_day,Theft,1909,1444,465,75.64169722367731,24.35830277632268,38.04004214963119,75.64169722367731,50.62226117440842,1381207,2352,1378855,XGB
XGB,ports,supervised,42,zero_day,ransomware,142,1,141,0.7042253521126761,99.29577464788731,0.0424989375265618,0.7042253521126761,0.0801603206412825,1381207,2352,1378855,XGB
XGB,ports,supervised,43,known,Analysis,315,262,53,83.17460317460318,16.825396825396822,9.91672975018925,83.17460317460318,17.720662833953334,1381207,2380,1378827,XGB
XGB,ports,supervised,43,known,Bot,2346,2346,0,100.0,0.0,49.64028776978417,100.0,66.34615384615384,1381207,2380,1378827,XGB
XGB,ports,supervised,43,known,DDoS,114041,114013,28,99.97544742680265,0.0245525731973561,97.95520349161892,99.97544742680265,98.95501531891996,1381207,2380,1378827,XGB
XGB,ports,supervised,43,known,DoS,52727,52656,71,99.86534413109032,0.1346558689096721,95.6755578167018,99.86534413109032,97.72556443306144,1381207,2380,1378827,XGB
XGB,ports,supervised,43,known,Exploits,3690,3533,157,95.74525745257452,4.254742547425472,59.74970404194149,95.74525745257452,73.58117255024472,1381207,2380,1378827,XGB
XGB,ports,supervised,43,known,Fuzzers,2881,1524,1357,52.89829920166609,47.10170079833391,39.03688524590164,52.89829920166609,44.92262343404569,1381207,2380,1378827,XGB
XGB,ports,supervised,43,known,Generic,853,837,16,98.12426729191093,1.875732708089095,26.01802921976997,98.12426729191093,41.13022113022113,1381207,2380,1378827,XGB
XGB,ports,supervised,43,known,Infilteration,9186,944,8242,10.276507729153058,89.72349227084693,28.399518652226234,10.276507729153058,15.091926458832935,1381207,2380,1378827,XGB
XGB,ports,supervised,43,known,Reconnaissance,72925,72178,747,98.97565992458006,1.0243400754199494,96.8078542879369,98.97565992458006,97.8797556328526,1381207,2380,1378827,XGB
XGB,ports,supervised,43,known,Worms,32,32,0,100.0,0.0,1.326699834162521,100.0,2.618657937806874,1381207,2380,1378827,XGB
XGB,ports,supervised,43,known,injection,70150,70121,29,99.95866001425516,0.0413399857448371,96.71728665811509,99.95866001425516,98.3112631527294,1381207,2380,1378827,XGB
XGB,ports,supervised,43,known,mitm,187,167,20,89.3048128342246,10.6951871657754,6.556733411857087,89.3048128342246,12.216532553035846,1381207,2380,1378827,XGB
XGB,ports,supervised,43,known,password,23322,23320,2,99.99142440614013,0.0085755938598719,90.73929961089496,99.99142440614013,95.14095712129247,1381207,2380,1378827,XGB
XGB,ports,supervised,43,known,scanning,3208,3208,0,100.0,0.0,57.40873299928418,100.0,72.94224647567076,1381207,2380,1378827,XGB
XGB,ports,supervised,43,known,xss,15004,14998,6,99.96001066382298,0.0399893361770153,86.30452296006445,99.96001066382298,92.63170897412142,1381207,2380,1378827,XGB
XGB,ports,supervised,43,zero_day,Backdoor,19029,1906,17123,10.01629092437858,89.98370907562142,44.47036864209053,10.01629092437858,16.3499892772893,1381207,2380,1378827,XGB
XGB,ports,supervised,43,zero_day,Brute Force,291955,193573,98382,66.30234111421281,33.6976588857872,98.78542303511556,66.30234111421281,79.3481557998639,1381207,2380,1378827,XGB
XGB,ports,supervised,43,zero_day,Shellcode,1365,732,633,53.62637362637363,46.37362637362637,23.52185089974293,53.62637362637363,32.70046906410543,1381207,2380,1378827,XGB
XGB,ports,supervised,43,zero_day,Theft,1909,1475,434,77.26558407543216,22.73441592456784,38.26199740596628,77.26558407543216,51.17973629424011,1381207,2380,1378827,XGB
XGB,ports,supervised,43,zero_day,ransomware,142,0,142,0.0,100.0,0.0,0.0,0.0,1381207,2380,1378827,XGB
XGB,ports,supervised,44,known,Analysis,315,263,52,83.4920634920635,16.507936507936506,9.992401215805472,83.4920634920635,17.84865965388531,1381207,2369,1378838,XGB
XGB,ports,supervised,44,known,Bot,2346,2346,0,100.0,0.0,49.75609756097561,100.0,66.44951140065146,1381207,2369,1378838,XGB
XGB,ports,supervised,44,known,DDoS,114041,114007,34,99.9701861611175,0.0298138388825086,97.96435691207807,99.9701861611175,98.9571081994818,1381207,2369,1378838,XGB
XGB,ports,supervised,44,known,DoS,52727,52643,84,99.84068883114912,0.159311168850873,95.6936668363266,99.84068883114912,97.72320144051828,1381207,2369,1378838,XGB
XGB,ports,supervised,44,known,Exploits,3690,3523,167,95.47425474254744,4.525745257452574,59.79293957909029,95.47425474254744,73.53370903777918,1381207,2369,1378838,XGB
XGB,ports,supervised,44,known,Fuzzers,2881,1517,1364,52.65532801110725,47.34467198889275,39.03757076685538,52.65532801110725,44.83522979163588,1381207,2369,1378838,XGB
XGB,ports,supervised,44,known,Generic,853,838,15,98.24150058616648,1.7584994138335253,26.1303398815092,98.24150058616648,41.2807881773399,1381207,2369,1378838,XGB
XGB,ports,supervised,44,known,Infilteration,9186,943,8243,10.26562159808404,89.73437840191596,28.47222222222222,10.26562159808404,15.09041446631461,1381207,2369,1378838,XGB
XGB,ports,supervised,44,known,Reconnaissance,72925,72179,746,98.9770311964347,1.022968803565305,96.82218168160112,98.9770311964347,97.88774894387448,1381207,2369,1378838,XGB
XGB,ports,supervised,44,known,Worms,32,31,1,96.875,3.125,1.2916666666666667,96.875,2.549342105263158,1381207,2369,1378838,XGB
XGB,ports,supervised,44,known,injection,70150,70114,36,99.9486813970064,0.0513186029935885,96.73164742077452,99.9486813970064,98.31385443761262,1381207,2369,1378838,XGB
XGB,ports,supervised,44,known,mitm,187,166,21,88.77005347593582,11.229946524064172,6.548323471400394,88.77005347593582,12.196914033798675,1381207,2369,1378838,XGB
XGB,ports,supervised,44,known,password,23322,23321,1,99.99571220307008,0.0042877969299359,90.77851304009344,99.99571220307008,95.1644495225659,1381207,2369,1378838,XGB
XGB,ports,supervised,44,known,scanning,3208,3208,0,100.0,0.0,57.52196521427291,100.0,73.03357996585088,1381207,2369,1378838,XGB
XGB,ports,supervised,44,known,xss,15004,15000,4,99.97334044254865,0.0266595574513472,86.36075767171397,99.97334044254865,92.66981744045964,1381207,2369,1378838,XGB
XGB,ports,supervised,44,zero_day,Backdoor,19029,8728,10301,45.86683483104735,54.13316516895266,78.65188789762999,45.86683483104735,57.9433047865631,1381207,2369,1378838,XGB
XGB,ports,supervised,44,zero_day,Brute Force,291955,193581,98374,66.30508126252333,33.69491873747666,98.79101811686655,66.30508126252333,79.3519230178006,1381207,2369,1378838,XGB
XGB,ports,supervised,44,zero_day,Shellcode,1365,746,619,54.65201465201465,45.34798534798535,23.948635634028893,54.65201465201465,33.30357142857142,1381207,2369,1378838,XGB
XGB,ports,supervised,44,zero_day,Theft,1909,1452,457,76.06076479832373,23.93923520167627,38.00052342318765,76.06076479832373,50.68062827225132,1381207,2369,1378838,XGB
XGB,ports,supervised,44,zero_day,ransomware,142,0,142,0.0,100.0,0.0,0.0,0.0,1381207,2369,1378838,XGB
XGB,ports,supervised,45,known,Analysis,315,261,54,82.85714285714286,17.14285714285714,9.8714069591528,82.85714285714286,17.64109496451504,1381207,2383,1378824,XGB
XGB,ports,supervised,45,known,Bot,2346,2346,0,100.0,0.0,49.60879678578981,100.0,66.31802120141343,1381207,2383,1378824,XGB
XGB,ports,supervised,45,known,DDoS,114041,114012,29,99.97457054918844,0.0254294508115537,97.9526611967868,99.97457054918844,98.95328854866426,1381207,2383,1378824,XGB
XGB,ports,supervised,45,known,DoS,52727,52646,81,99.84637851575094,0.1536214842490557,95.66955605226336,99.84637851575094,97.7133523887301,1381207,2383,1378824,XGB
XGB,ports,supervised,45,known,Exploits,3690,3516,174,95.28455284552844,4.7154471544715415,59.60332259705034,95.28455284552844,73.33402857440817,1381207,2383,1378824,XGB
XGB,ports,supervised,45,known,Fuzzers,2881,1515,1366,52.585907670947584,47.414092329052416,38.86608517188302,52.585907670947584,44.69685794364951,1381207,2383,1378824,XGB
XGB,ports,supervised,45,known,Generic,853,840,13,98.4759671746776,1.5240328253223967,26.062674526838347,98.4759671746776,41.21687929342493,1381207,2383,1378824,XGB
XGB,ports,supervised,45,known,Infilteration,9186,942,8244,10.254735467015024,89.74526453298498,28.330827067669173,10.254735467015024,15.058748301494685,1381207,2383,1378824,XGB
XGB,ports,supervised,45,known,Reconnaissance,72925,72226,699,99.04148097360302,0.9585190263969868,96.8060153600772,99.04148097360302,97.91099000908264,1381207,2383,1378824,XGB
XGB,ports,supervised,45,known,Worms,32,31,1,96.875,3.125,1.284175642087821,96.875,2.534750613246116,1381207,2383,1378824,XGB
XGB,ports,supervised,45,known,injection,70150,70106,44,99.93727726300784,0.0627227369921601,96.71260467105354,99.93727726300784,98.29850181226732,1381207,2383,1378824,XGB
XGB,ports,supervised,45,known,mitm,187,164,23,87.70053475935828,12.299465240641716,6.438947781703966,87.70053475935828,11.997073884418436,1381207,2383,1378824,XGB
XGB,ports,supervised,45,known,password,23322,23317,5,99.97856101535032,0.0214389846496909,90.72762645914398,99.97856101535032,95.12871771857532,1381207,2383,1378824,XGB
XGB,ports,supervised,45,known,scanning,3208,3208,0,100.0,0.0,57.37792881416562,100.0,72.91737697465621,1381207,2383,1378824,XGB
XGB,ports,supervised,45,known,xss,15004,14999,5,99.9666755531858,0.0333244468141868,86.29041537222413,99.9666755531858,92.62644352497992,1381207,2383,1378824,XGB
XGB,ports,supervised,45,zero_day,Backdoor,19029,5237,13792,27.52115192600767,72.47884807399232,68.72703412073491,27.52115192600767,39.30353859431873,1381207,2383,1378824,XGB
XGB,ports,supervised,45,zero_day,Brute Force,291955,193579,98376,66.3043962254457,33.69560377455429,98.78394790826792,66.3043962254457,79.34915159750531,1381207,2383,1378824,XGB
XGB,ports,supervised,45,zero_day,Shellcode,1365,745,620,54.57875457875458,45.42124542124542,23.817135549872123,54.57875457875458,33.16269752949032,1381207,2383,1378824,XGB
XGB,ports,supervised,45,zero_day,Theft,1909,1474,435,77.21320062860137,22.78679937139864,38.21623023074929,77.21320062860137,51.127297953520646,1381207,2383,1378824,XGB
XGB,ports,supervised,45,zero_day,ransomware,142,0,142,0.0,100.0,0.0,0.0,0.0,1381207,2383,1378824,XGB
XGB,ports,supervised,46,known,Analysis,315,263,52,83.4920634920635,16.507936507936506,9.93577635058557,83.4920634920635,17.75827143821742,1381207,2384,1378823,XGB
XGB,ports,supervised,46,known,Bot,2346,2346,0,100.0,0.0,49.59830866807611,100.0,66.3086489542114,1381207,2384,1378823,XGB
XGB,ports,supervised,46,known,DDoS,114041,114011,30,99.97369367157424,0.0263063284257403,97.9518020533528,99.97369367157424,98.9524206287212,1381207,2384,1378823,XGB
XGB,ports,supervised,46,known,DoS,52727,52644,83,99.84258539268308,0.1574146073169302,95.66766010031256,99.84258539268308,97.7105470743817,1381207,2384,1378823,XGB
XGB,ports,supervised,46,known,Exploits,3690,3518,172,95.33875338753388,4.66124661246613,59.60691291087768,95.33875338753388,73.35279399499585,1381207,2384,1378823,XGB
XGB,ports,supervised,46,known,Fuzzers,2881,1537,1344,53.34953141270392,46.65046858729608,39.19918388166284,53.34953141270392,45.19259041458395,1381207,2384,1378823,XGB
XGB,ports,supervised,46,known,Generic,853,836,17,98.00703399765534,1.992966002344665,25.962732919254663,98.00703399765534,41.05082248956544,1381207,2384,1378823,XGB
XGB,ports,supervised,46,known,Infilteration,9186,947,8239,10.309166122360114,89.69083387763989,28.42990093065146,10.309166122360114,15.131421267076774,1381207,2384,1378823,XGB
XGB,ports,supervised,46,known,Reconnaissance,72925,72206,719,99.01405553651011,0.9859444634898852,96.80386110738704,99.01405553651011,97.89648510320986,1381207,2384,1378823,XGB
XGB,ports,supervised,46,known,Worms,32,32,0,100.0,0.0,1.3245033112582782,100.0,2.61437908496732,1381207,2384,1378823,XGB
XGB,ports,supervised,46,known,injection,70150,70109,41,99.94155381325731,0.0584461867426888,96.71140661857008,99.94155381325731,98.2999516274896,1381207,2384,1378823,XGB
XGB,ports,supervised,46,known,mitm,187,166,21,88.77005347593582,11.229946524064172,6.509803921568627,88.77005347593582,12.130069419071976,1381207,2384,1378823,XGB
XGB,ports,supervised,46,known,password,23322,23317,5,99.97856101535032,0.0214389846496909,90.72409633866386,99.97856101535032,95.12677722701588,1381207,2384,1378823,XGB
XGB,ports,supervised,46,known,scanning,3208,3208,0,100.0,0.0,57.36766809728183,100.0,72.9090909090909,1381207,2384,1378823,XGB
XGB,ports,supervised,46,known,xss,15004,14999,5,99.9666755531858,0.0333244468141868,86.28545130299719,99.9666755531858,92.6235835366042,1381207,2384,1378823,XGB
XGB,ports,supervised,46,zero_day,Backdoor,19029,7822,11207,41.10568080298492,58.894319197015086,76.64119145600627,41.10568080298492,53.51120232597915,1381207,2384,1378823,XGB
XGB,ports,supervised,46,zero_day,Brute Force,291955,193578,98377,66.30405370690688,33.695946293093115,98.78343760525,66.30405370690688,79.34874169172215,1381207,2384,1378823,XGB
XGB,ports,supervised,46,zero_day,Shellcode,1365,726,639,53.18681318681319,46.81318681318681,23.34405144694534,53.18681318681319,32.44692737430167,1381207,2384,1378823,XGB
XGB,ports,supervised,46,zero_day,Theft,1909,1467,442,76.84651650078575,23.153483499214246,38.09400155803687,76.84651650078575,50.93749999999999,1381207,2384,1378823,XGB
XGB,ports,supervised,46,zero_day,ransomware,142,0,142,0.0,100.0,0.0,0.0,0.0,1381207,2384,1378823,XGB
XGB,ports,supervised,47,known,Analysis,315,263,52,83.4920634920635,16.507936507936506,9.6940656100258,83.4920634920635,17.37120211360634,1381207,2450,1378757,XGB
XGB,ports,supervised,47,known,Bot,2346,2346,0,100.0,0.0,48.91576313594662,100.0,65.69588350602072,1381207,2450,1378757,XGB
XGB,ports,supervised,47,known,DDoS,114041,114008,33,99.97106303873169,0.028936961268311,97.8962372700888,99.97106303873169,98.92277189922731,1381207,2450,1378757,XGB
XGB,ports,supervised,47,known,DoS,52727,52646,81,99.84637851575094,0.1536214842490557,95.55321620444316,99.84637851575094,97.65263441009805,1381207,2450,1378757,XGB
XGB,ports,supervised,47,known,Exploits,3690,3524,166,95.50135501355014,4.498644986449863,58.98895212587881,95.50135501355014,72.93046357615894,1381207,2450,1378757,XGB
XGB,ports,supervised,47,known,Fuzzers,2881,1525,1356,52.93300937174592,47.06699062825408,38.36477987421384,52.93300937174592,44.48658109684948,1381207,2450,1378757,XGB
XGB,ports,supervised,47,known,Generic,853,834,19,97.7725674091442,2.2274325908558046,25.395858708891595,97.7725674091442,40.31907179115301,1381207,2450,1378757,XGB
XGB,ports,supervised,47,known,Infilteration,9186,943,8243,10.26562159808404,89.73437840191596,27.792513999410552,10.26562159808404,14.993242706097462,1381207,2450,1378757,XGB
XGB,ports,supervised,47,known,Reconnaissance,72925,72253,672,99.07850531367843,0.9214946863215668,96.72034590310965,99.07850531367843,97.885225025063,1381207,2450,1378757,XGB
XGB,ports,supervised,47,known,Worms,32,32,0,100.0,0.0,1.2892828364222402,100.0,2.5457438345266503,1381207,2450,1378757,XGB
XGB,ports,supervised,47,known,injection,70150,70119,31,99.95580898075552,0.0441910192444772,96.62390276839972,99.95580898075552,98.26161898555904,1381207,2450,1378757,XGB
XGB,ports,supervised,47,known,mitm,187,164,23,87.70053475935828,12.299465240641716,6.273909716908952,87.70053475935828,11.71010353445198,1381207,2450,1378757,XGB
XGB,ports,supervised,47,known,password,23322,23321,1,99.99571220307008,0.0042877969299359,90.49319001978968,99.99571220307008,95.00743486851486,1381207,2450,1378757,XGB
XGB,ports,supervised,47,known,scanning,3208,3208,0,100.0,0.0,56.69848002827854,100.0,72.36634333408526,1381207,2450,1378757,XGB
XGB,ports,supervised,47,known,xss,15004,14998,6,99.96001066382298,0.0399893361770153,85.95827602017422,99.96001066382298,92.43189942068284,1381207,2450,1378757,XGB
XGB,ports,supervised,47,zero_day,Backdoor,19029,5861,13168,30.80035734930895,69.19964265069105,70.52099627000361,30.80035734930895,42.87490855888807,1381207,2450,1378757,XGB
XGB,ports,supervised,47,zero_day,Brute Force,291955,193574,98381,66.30268363275162,33.697316367248376,98.75015304248458,66.30268363275162,79.3370206504788,1381207,2450,1378757,XGB
XGB,ports,supervised,47,zero_day,Shellcode,1365,719,646,52.67399267399268,47.32600732600732,22.68854528242348,52.67399267399268,31.71592412880459,1381207,2450,1378757,XGB
XGB,ports,supervised,47,zero_day,Theft,1909,1469,440,76.95128339444736,23.048716605552645,37.48405205409544,76.95128339444736,50.411805078929305,1381207,2450,1378757,XGB
XGB,ports,supervised,47,zero_day,ransomware,142,1,141,0.7042253521126761,99.29577464788731,0.0407996736026111,0.7042253521126761,0.0771307365985345,1381207,2450,1378757,XGB
XGB,ports,supervised,48,known,Analysis,315,263,52,83.4920634920635,16.507936507936506,9.898381633421153,83.4920634920635,17.698519515477795,1381207,2394,1378813,XGB
XGB,ports,supervised,48,known,Bot,2346,2346,0,100.0,0.0,49.49367088607595,100.0,66.21507197290431,1381207,2394,1378813,XGB
XGB,ports,supervised,48,known,DDoS,114041,114008,33,99.97106303873169,0.028936961268311,97.94333430697068,99.97106303873169,98.94681114201778,1381207,2394,1378813,XGB
XGB,ports,supervised,48,known,DoS,52727,52652,75,99.85775788495458,0.1422421150454211,95.65091014787632,99.85775788495458,97.70907370120533,1381207,2394,1378813,XGB
XGB,ports,supervised,48,known,Exploits,3690,3523,167,95.47425474254744,4.525745257452574,59.54030758830488,95.47425474254744,73.34235453315291,1381207,2394,1378813,XGB
XGB,ports,supervised,48,known,Fuzzers,2881,1538,1343,53.38424158278375,46.61575841721625,39.11495422177009,53.38424158278375,45.14897989138412,1381207,2394,1378813,XGB
XGB,ports,supervised,48,known,Generic,853,838,15,98.24150058616648,1.7584994138335253,25.92821782178218,98.24150058616648,41.0281517747858,1381207,2394,1378813,XGB
XGB,ports,supervised,48,known,Infilteration,9186,939,8247,10.222077073807968,89.77792292619203,28.17281728172817,10.222077073807968,15.001198178768272,1381207,2394,1378813,XGB
XGB,ports,supervised,48,known,Reconnaissance,72925,72198,727,99.00308536167294,0.9969146383270512,96.79054054054052,99.00308536167294,97.8843116386586,1381207,2394,1378813,XGB
XGB,ports,supervised,48,known,Worms,32,32,0,100.0,0.0,1.3190436933223413,100.0,2.6037428803905613,1381207,2394,1378813,XGB
XGB,ports,supervised,48,known,injection,70150,70114,36,99.9486813970064,0.0513186029935885,96.69829536051196,99.9486813970064,98.29662549594134,1381207,2394,1378813,XGB
XGB,ports,supervised,48,known,mitm,187,167,20,89.3048128342246,10.6951871657754,6.520890277235456,89.3048128342246,12.15429403202329,1381207,2394,1378813,XGB
XGB,ports,supervised,48,known,password,23322,23317,5,99.97856101535032,0.0214389846496909,90.6888102368636,99.97856101535032,95.1073766646952,1381207,2394,1378813,XGB
XGB,ports,supervised,48,known,scanning,3208,3208,0,100.0,0.0,57.26526240628347,100.0,72.82633371169126,1381207,2394,1378813,XGB
XGB,ports,supervised,48,known,xss,15004,14998,6,99.96001066382298,0.0399893361770153,86.23505059797608,99.96001066382298,92.5916779849364,1381207,2394,1378813,XGB
XGB,ports,supervised,48,zero_day,Backdoor,19029,7123,11906,37.432340112459926,62.56765988754008,74.84501418514238,37.432340112459926,49.905415820079874,1381207,2394,1378813,XGB
XGB,ports,supervised,48,zero_day,Brute Force,291955,193574,98381,66.30268363275162,33.697316367248376,98.77837197909864,66.30268363275162,79.34612633550785,1381207,2394,1378813,XGB
XGB,ports,supervised,48,zero_day,Shellcode,1365,733,632,53.6996336996337,46.3003663003663,23.440997761432683,53.6996336996337,32.63579697239537,1381207,2394,1378813,XGB
XGB,ports,supervised,48,zero_day,Theft,1909,1446,463,75.74646411733892,24.253535882661083,37.65625,75.74646411733892,50.3044007653505,1381207,2394,1378813,XGB
XGB,ports,supervised,48,zero_day,ransomware,142,0,142,0.0,100.0,0.0,0.0,0.0,1381207,2394,1378813,XGB
XGB,ports,supervised,49,known,Analysis,315,261,54,82.85714285714286,17.14285714285714,9.935287400076133,82.85714285714286,17.743031951053705,1381207,2366,1378841,XGB
XGB,ports,supervised,49,known,Bot,2346,2346,0,100.0,0.0,49.787775891341255,100.0,66.47775573816946,1381207,2366,1378841,XGB
XGB,ports,supervised,49,known,DDoS,114041,114010,31,99.97281679396006,0.0271832060399379,97.9669347631814,99.97281679396006,98.95971217401494,1381207,2366,1378841,XGB
XGB,ports,supervised,49,known,DoS,52727,52646,81,99.84637851575094,0.1536214842490557,95.69912019195812,99.84637851575094,97.72877045452437,1381207,2366,1378841,XGB
XGB,ports,supervised,49,known,Exploits,3690,3519,171,95.36585365853658,4.634146341463419,59.79609175870858,95.36585365853658,73.50391644908616,1381207,2366,1378841,XGB
XGB,ports,supervised,49,known,Fuzzers,2881,1524,1357,52.89829920166609,47.10170079833391,39.17737789203085,52.89829920166609,45.01550731058928,1381207,2366,1378841,XGB
XGB,ports,supervised,49,known,Generic,853,833,20,97.65533411488865,2.3446658851113744,26.03938730853392,97.65533411488865,41.11549851924976,1381207,2366,1378841,XGB
XGB,ports,supervised,49,known,Infilteration,9186,947,8239,10.309166122360114,89.69083387763989,28.584364624207662,10.309166122360114,15.153212256980558,1381207,2366,1378841,XGB
XGB,ports,supervised,49,known,Reconnaissance,72925,72168,757,98.9619472060336,1.0380527939664042,96.8256097888212,98.9619472060336,97.8821231664395,1381207,2366,1378841,XGB
XGB,ports,supervised,49,known,Worms,32,31,1,96.875,3.125,1.2932832707551103,96.875,2.5524907369287777,1381207,2366,1378841,XGB
XGB,ports,supervised,49,known,injection,70150,70112,38,99.94583036350676,0.0541696364932287,96.73556113579292,99.94583036350676,98.31449645230953,1381207,2366,1378841,XGB
XGB,ports,supervised,49,known,mitm,187,167,20,89.3048128342246,10.6951871657754,6.5929727595736285,89.3048128342246,12.279411764705884,1381207,2366,1378841,XGB
XGB,ports,supervised,49,known,password,23322,23317,5,99.97856101535032,0.0214389846496909,90.78768056691196,99.97856101535032,95.1617181920212,1381207,2366,1378841,XGB
XGB,ports,supervised,49,known,scanning,3208,3208,0,100.0,0.0,57.55292429135272,100.0,73.05852880892736,1381207,2366,1378841,XGB
XGB,ports,supervised,49,known,xss,15004,14999,5,99.9666755531858,0.0333244468141868,86.37489202418658,99.9666755531858,92.67509036423738,1381207,2366,1378841,XGB
XGB,ports,supervised,49,zero_day,Backdoor,19029,7686,11343,40.390982185085925,59.60901781491408,76.46239554317549,40.390982185085925,52.85925518379698,1381207,2366,1378841,XGB
XGB,ports,supervised,49,zero_day,Brute Force,291955,193581,98374,66.30508126252333,33.69491873747666,98.79253063328348,66.30508126252333,79.35241093498284,1381207,2366,1378841,XGB
XGB,ports,supervised,49,zero_day,Shellcode,1365,715,650,52.38095238095239,47.61904761904761,23.20675105485232,52.38095238095239,32.163742690058484,1381207,2366,1378841,XGB
XGB,ports,supervised,49,zero_day,Theft,1909,1469,440,76.95128339444736,23.048716605552645,38.30508474576271,76.95128339444736,51.14902506963788,1381207,2366,1378841,XGB
XGB,ports,supervised,49,zero_day,ransomware,142,1,141,0.7042253521126761,99.29577464788731,0.042247570764681,0.7042253521126761,0.0797130330809087,1381207,2366,1378841,XGB
