2026-09-26 00:05:14 | B2    ports   seed42 | START training
2026-09-26 00:07:29 | B2    ports   seed42 | ep  1/31 | reward=-8.0 | acc=0.484 | eps=0.900 | t=132.6s | cell ETA 1h06m (+eval)
2026-09-26 00:09:43 | B2    ports   seed42 | ep  2/31 | reward=4.0 | acc=0.508 | eps=0.810 | t=134.2s | cell ETA 1h04m (+eval)
2026-09-26 00:11:53 | B2    ports   seed42 | ep  3/31 | reward=36.0 | acc=0.570 | eps=0.729 | t=129.7s | cell ETA 1h01m (+eval)
2026-09-26 00:13:47 | B2    ports   seed42 | ep  4/31 | reward=38.0 | acc=0.574 | eps=0.656 | t=114.7s | cell ETA 57m30s (+eval)
2026-09-26 00:15:38 | B2    ports   seed42 | ep  5/31 | reward=90.0 | acc=0.676 | eps=0.590 | t=110.9s | cell ETA 53m54s (+eval)
2026-09-26 00:17:24 | B2    ports   seed42 | ep  6/31 | reward=88.0 | acc=0.672 | eps=0.531 | t=105.8s | cell ETA 50m32s (+eval)
2026-09-26 00:19:07 | B2    ports   seed42 | ep  7/31 | reward=106.0 | acc=0.707 | eps=0.478 | t=102.2s | cell ETA 47m26s (+eval)
2026-09-26 00:21:04 | B2    ports   seed42 | ep  8/31 | reward=128.0 | acc=0.750 | eps=0.430 | t=117.3s | cell ETA 45m23s (+eval)
2026-09-26 00:23:21 | B2    ports   seed42 | ep  9/31 | reward=150.0 | acc=0.793 | eps=0.387 | t=137.6s | cell ETA 44m12s (+eval)
2026-09-26 00:25:38 | B2    ports   seed42 | ep 10/31 | reward=140.0 | acc=0.773 | eps=0.349 | t=136.9s | cell ETA 42m45s (+eval)
2026-09-26 00:27:58 | B2    ports   seed42 | ep 11/31 | reward=150.0 | acc=0.793 | eps=0.314 | t=140.0s | cell ETA 41m16s (+eval)
2026-09-26 00:30:17 | B2    ports   seed42 | ep 12/31 | reward=152.0 | acc=0.797 | eps=0.282 | t=138.1s | cell ETA 39m35s (+eval)
2026-09-26 00:32:30 | B2    ports   seed42 | ep 13/31 | reward=178.0 | acc=0.848 | eps=0.254 | t=133.3s | cell ETA 37m41s (+eval)
2026-09-26 00:34:32 | B2    ports   seed42 | ep 14/31 | reward=170.0 | acc=0.832 | eps=0.229 | t=122.2s | cell ETA 35m31s (+eval)
2026-09-26 00:36:24 | B2    ports   seed42 | ep 15/31 | reward=196.0 | acc=0.883 | eps=0.206 | t=112.0s | cell ETA 33m12s (+eval)
2026-09-26 00:38:09 | B2    ports   seed42 | ep 16/31 | reward=194.0 | acc=0.879 | eps=0.185 | t=104.8s | cell ETA 30m49s (+eval)
2026-09-26 00:40:01 | B2    ports   seed42 | ep 17/31 | reward=184.0 | acc=0.859 | eps=0.167 | t=112.2s | cell ETA 28m36s (+eval)
2026-09-26 00:42:05 | B2    ports   seed42 | ep 18/31 | reward=170.0 | acc=0.832 | eps=0.150 | t=124.0s | cell ETA 26m35s (+eval)
2026-09-26 00:44:28 | B2    ports   seed42 | ep 19/31 | reward=186.0 | acc=0.863 | eps=0.135 | t=143.2s | cell ETA 24m45s (+eval)
2026-09-26 00:46:52 | B2    ports   seed42 | ep 20/31 | reward=200.0 | acc=0.891 | eps=0.122 | t=143.9s | cell ETA 22m52s (+eval)
2026-09-26 00:49:18 | B2    ports   seed42 | ep 21/31 | reward=198.0 | acc=0.887 | eps=0.109 | t=145.3s | cell ETA 20m57s (+eval)
2026-09-26 00:51:43 | B2    ports   seed42 | ep 22/31 | reward=198.0 | acc=0.887 | eps=0.098 | t=145.9s | cell ETA 19m00s (+eval)
2026-09-26 00:54:05 | B2    ports   seed42 | ep 23/31 | reward=204.0 | acc=0.898 | eps=0.089 | t=141.6s | cell ETA 16m58s (+eval)
2026-09-26 00:56:14 | B2    ports   seed42 | ep 24/31 | reward=218.0 | acc=0.926 | eps=0.080 | t=128.7s | cell ETA 14m51s (+eval)
2026-09-26 00:58:10 | B2    ports   seed42 | ep 25/31 | reward=220.0 | acc=0.930 | eps=0.072 | t=116.2s | cell ETA 12m41s (+eval)
2026-09-26 01:00:05 | B2    ports   seed42 | ep 26/31 | reward=210.0 | acc=0.910 | eps=0.065 | t=114.8s | cell ETA 10m32s (+eval)
2026-09-26 01:02:01 | B2    ports   seed42 | ep 27/31 | reward=218.0 | acc=0.926 | eps=0.058 | t=116.4s | cell ETA 8m24s (+eval)
2026-09-26 01:04:01 | B2    ports   seed42 | ep 28/31 | reward=230.0 | acc=0.949 | eps=0.052 | t=119.2s | cell ETA 6m17s (+eval)
2026-09-26 01:06:27 | B2    ports   seed42 | ep 29/31 | reward=214.0 | acc=0.918 | eps=0.050 | t=146.3s | cell ETA 4m13s (+eval)
2026-09-26 01:08:56 | B2    ports   seed42 | ep 30/31 | reward=214.0 | acc=0.918 | eps=0.050 | t=149.3s | cell ETA 2m07s (+eval)
2026-09-26 01:11:24 | B2    ports   seed42 | ep 31/31 | reward=222.0 | acc=0.934 | eps=0.050 | t=147.6s | cell ETA 0s (+eval)
2026-09-26 01:11:48 | B2    ports   seed42 | DONE in 1h06m | KT_F1=77.95 KT_AUC=81.74 | ZD weighted=93.79 macro=47.25
2026-09-26 01:11:59 | B3    ports   seed42 | START training
2026-09-26 01:14:16 | B3    ports   seed42 | ep  1/31 | reward=-8.0 | acc=0.484 | eps=0.900 | t=134.4s | cell ETA 1h07m (+eval)
2026-09-26 01:16:33 | B3    ports   seed42 | ep  2/31 | reward=4.0 | acc=0.508 | eps=0.810 | t=136.5s | cell ETA 1h05m (+eval)
2026-09-26 01:18:32 | B3    ports   seed42 | ep  3/31 | reward=36.0 | acc=0.570 | eps=0.729 | t=119.3s | cell ETA 1h00m (+eval)
2026-09-26 01:20:17 | B3    ports   seed42 | ep  4/31 | reward=38.0 | acc=0.574 | eps=0.656 | t=104.5s | cell ETA 55m39s (+eval)
2026-09-26 01:22:06 | B3    ports   seed42 | ep  5/31 | reward=88.0 | acc=0.672 | eps=0.590 | t=109.6s | cell ETA 52m22s (+eval)
2026-09-26 01:23:57 | B3    ports   seed42 | ep  6/31 | reward=86.0 | acc=0.668 | eps=0.531 | t=111.1s | cell ETA 49m40s (+eval)
2026-09-26 01:25:42 | B3    ports   seed42 | ep  7/31 | reward=106.0 | acc=0.707 | eps=0.478 | t=104.8s | cell ETA 46m52s (+eval)
2026-09-26 01:27:50 | B3    ports   seed42 | ep  8/31 | reward=130.0 | acc=0.754 | eps=0.430 | t=127.8s | cell ETA 45m25s (+eval)
2026-09-26 01:30:08 | B3    ports   seed42 | ep  9/31 | reward=150.0 | acc=0.793 | eps=0.387 | t=137.5s | cell ETA 44m13s (+eval)
2026-09-26 01:32:25 | B3    ports   seed42 | ep 10/31 | reward=140.0 | acc=0.773 | eps=0.349 | t=137.6s | cell ETA 42m48s (+eval)
2026-09-26 01:34:42 | B3    ports   seed42 | ep 11/31 | reward=154.0 | acc=0.801 | eps=0.314 | t=136.9s | cell ETA 41m12s (+eval)
2026-09-26 01:37:04 | B3    ports   seed42 | ep 12/31 | reward=152.0 | acc=0.797 | eps=0.282 | t=142.0s | cell ETA 39m38s (+eval)
2026-09-26 01:39:22 | B3    ports   seed42 | ep 13/31 | reward=176.0 | acc=0.844 | eps=0.254 | t=138.1s | cell ETA 37m50s (+eval)
2026-09-26 01:41:26 | B3    ports   seed42 | ep 14/31 | reward=168.0 | acc=0.828 | eps=0.229 | t=123.5s | cell ETA 35m41s (+eval)
2026-09-26 01:43:14 | B3    ports   seed42 | ep 15/31 | reward=198.0 | acc=0.887 | eps=0.206 | t=108.7s | cell ETA 33m17s (+eval)
2026-09-26 01:45:09 | B3    ports   seed42 | ep 16/31 | reward=190.0 | acc=0.871 | eps=0.185 | t=114.8s | cell ETA 31m02s (+eval)
2026-09-26 01:47:03 | B3    ports   seed42 | ep 17/31 | reward=182.0 | acc=0.855 | eps=0.167 | t=113.9s | cell ETA 28m50s (+eval)
2026-09-26 01:48:53 | B3    ports   seed42 | ep 18/31 | reward=174.0 | acc=0.840 | eps=0.150 | t=109.6s | cell ETA 26m36s (+eval)
2026-09-26 01:51:13 | B3    ports   seed42 | ep 19/31 | reward=186.0 | acc=0.863 | eps=0.135 | t=139.9s | cell ETA 24m44s (+eval)
2026-09-26 01:53:37 | B3    ports   seed42 | ep 20/31 | reward=204.0 | acc=0.898 | eps=0.122 | t=144.2s | cell ETA 22m52s (+eval)
2026-09-26 01:56:02 | B3    ports   seed42 | ep 21/31 | reward=198.0 | acc=0.887 | eps=0.109 | t=144.6s | cell ETA 20m56s (+eval)
2026-09-26 01:58:27 | B3    ports   seed42 | ep 22/31 | reward=198.0 | acc=0.887 | eps=0.098 | t=145.2s | cell ETA 18m59s (+eval)
2026-09-26 02:00:53 | B3    ports   seed42 | ep 23/31 | reward=204.0 | acc=0.898 | eps=0.089 | t=145.8s | cell ETA 16m59s (+eval)
2026-09-26 02:03:17 | B3    ports   seed42 | ep 24/31 | reward=220.0 | acc=0.930 | eps=0.080 | t=144.6s | cell ETA 14m56s (+eval)
2026-09-26 02:05:30 | B3    ports   seed42 | ep 25/31 | reward=218.0 | acc=0.926 | eps=0.072 | t=133.0s | cell ETA 12m49s (+eval)
2026-09-26 02:07:25 | B3    ports   seed42 | ep 26/31 | reward=210.0 | acc=0.910 | eps=0.065 | t=114.5s | cell ETA 10m38s (+eval)
2026-09-26 02:09:16 | B3    ports   seed42 | ep 27/31 | reward=218.0 | acc=0.926 | eps=0.058 | t=110.8s | cell ETA 8m28s (+eval)
2026-09-26 02:11:10 | B3    ports   seed42 | ep 28/31 | reward=230.0 | acc=0.949 | eps=0.052 | t=114.4s | cell ETA 6m20s (+eval)
2026-09-26 02:13:06 | B3    ports   seed42 | ep 29/31 | reward=212.0 | acc=0.914 | eps=0.050 | t=116.0s | cell ETA 4m12s (+eval)
2026-09-26 02:15:33 | B3    ports   seed42 | ep 30/31 | reward=214.0 | acc=0.918 | eps=0.050 | t=147.1s | cell ETA 2m07s (+eval)
2026-09-26 02:18:00 | B3    ports   seed42 | ep 31/31 | reward=224.0 | acc=0.938 | eps=0.050 | t=147.0s | cell ETA 0s (+eval)
2026-09-26 02:18:24 | B3    ports   seed42 | DONE in 1h06m | KT_F1=73.63 KT_AUC=80.16 | ZD weighted=61.92 macro=36.84
2026-09-26 02:18:38 | B4    ports   seed42 | START training
2026-09-26 02:20:58 | B4    ports   seed42 | ep  1/31 | Reward:    -8.0 | Acc: 0.484 | Eps: 1.0000->0.9000 | t: 138.2s | cell ETA 1h09m (+eval)
2026-09-26 02:23:18 | B4    ports   seed42 | ep  2/31 | Reward:     6.0 | Acc: 0.512 | Eps: 0.9000->0.8100 | t: 139.9s | cell ETA 1h07m (+eval)
2026-09-26 02:25:42 | B4    ports   seed42 | ep  3/31 | Reward:    34.0 | Acc: 0.566 | Eps: 0.8100->0.7290 | t: 143.3s | cell ETA 1h05m (+eval)
2026-09-26 02:27:58 | B4    ports   seed42 | ep  4/31 | Reward:    42.0 | Acc: 0.582 | Eps: 0.7290->0.6561 | t: 136.9s | cell ETA 1h02m (+eval)
2026-09-26 02:30:00 | B4    ports   seed42 | ep  5/31 | Reward:    96.0 | Acc: 0.688 | Eps: 0.6561->0.5905 | t: 121.5s | cell ETA 58m54s (+eval)
2026-09-26 02:31:53 | B4    ports   seed42 | ep  6/31 | Reward:    90.0 | Acc: 0.676 | Eps: 0.5905->0.5314 | t: 112.9s | cell ETA 55m02s (+eval)
2026-09-26 02:33:48 | B4    ports   seed42 | ep  7/31 | Reward:   106.0 | Acc: 0.707 | Eps: 0.5314->0.4783 | t: 114.7s | cell ETA 51m51s (+eval)
2026-09-26 02:35:43 | B4    ports   seed42 | ep  8/31 | Reward:   128.0 | Acc: 0.750 | Eps: 0.4783->0.4305 | t: 115.1s | cell ETA 48m59s (+eval)
2026-09-26 02:37:45 | B4    ports   seed42 | ep  9/31 | Reward:   156.0 | Acc: 0.805 | Eps: 0.4305->0.3874 | t: 122.4s | cell ETA 46m38s (+eval)
2026-09-26 02:40:05 | B4    ports   seed42 | ep 10/31 | Reward:   142.0 | Acc: 0.777 | Eps: 0.3874->0.3487 | t: 140.4s | cell ETA 44m59s (+eval)
2026-09-26 02:42:27 | B4    ports   seed42 | ep 11/31 | Reward:   160.0 | Acc: 0.812 | Eps: 0.3487->0.3138 | t: 141.8s | cell ETA 43m14s (+eval)
2026-09-26 02:44:51 | B4    ports   seed42 | ep 12/31 | Reward:   154.0 | Acc: 0.801 | Eps: 0.3138->0.2824 | t: 143.8s | cell ETA 41m27s (+eval)
2026-09-26 02:47:17 | B4    ports   seed42 | ep 13/31 | Reward:   180.0 | Acc: 0.852 | Eps: 0.2824->0.2542 | t: 146.1s | cell ETA 39m37s (+eval)
2026-09-26 02:49:40 | B4    ports   seed42 | ep 14/31 | Reward:   172.0 | Acc: 0.836 | Eps: 0.2542->0.2288 | t: 142.6s | cell ETA 37m38s (+eval)
2026-09-26 02:51:58 | B4    ports   seed42 | ep 15/31 | Reward:   198.0 | Acc: 0.887 | Eps: 0.2288->0.2059 | t: 138.3s | cell ETA 35m31s (+eval)
2026-09-26 02:53:55 | B4    ports   seed42 | ep 16/31 | Reward:   198.0 | Acc: 0.887 | Eps: 0.2059->0.1853 | t: 117.0s | cell ETA 33m02s (+eval)
2026-09-26 02:55:50 | B4    ports   seed42 | ep 17/31 | Reward:   192.0 | Acc: 0.875 | Eps: 0.1853->0.1668 | t: 115.0s | cell ETA 30m36s (+eval)
2026-09-26 02:57:45 | B4    ports   seed42 | ep 18/31 | Reward:   184.0 | Acc: 0.859 | Eps: 0.1668->0.1501 | t: 115.0s | cell ETA 28m13s (+eval)
2026-09-26 02:59:42 | B4    ports   seed42 | ep 19/31 | Reward:   192.0 | Acc: 0.875 | Eps: 0.1501->0.1351 | t: 116.8s | cell ETA 25m54s (+eval)
2026-09-26 03:01:55 | B4    ports   seed42 | ep 20/31 | Reward:   200.0 | Acc: 0.891 | Eps: 0.1351->0.1216 | t: 132.6s | cell ETA 23m46s (+eval)
2026-09-26 03:04:21 | B4    ports   seed42 | ep 21/31 | Reward:   192.0 | Acc: 0.875 | Eps: 0.1216->0.1094 | t: 145.9s | cell ETA 21m44s (+eval)
2026-09-26 03:06:46 | B4    ports   seed42 | ep 22/31 | Reward:   204.0 | Acc: 0.898 | Eps: 0.1094->0.0985 | t: 145.3s | cell ETA 19m40s (+eval)
2026-09-26 03:09:12 | B4    ports   seed42 | ep 23/31 | Reward:   208.0 | Acc: 0.906 | Eps: 0.0985->0.0886 | t: 146.4s | cell ETA 17m34s (+eval)
2026-09-26 03:11:39 | B4    ports   seed42 | ep 24/31 | Reward:   222.0 | Acc: 0.934 | Eps: 0.0886->0.0798 | t: 146.5s | cell ETA 15m27s (+eval)
2026-09-26 03:14:02 | B4    ports   seed42 | ep 25/31 | Reward:   220.0 | Acc: 0.930 | Eps: 0.0798->0.0718 | t: 143.2s | cell ETA 13m17s (+eval)
2026-09-26 03:16:12 | B4    ports   seed42 | ep 26/31 | Reward:   218.0 | Acc: 0.926 | Eps: 0.0718->0.0646 | t: 129.6s | cell ETA 11m03s (+eval)
2026-09-26 03:18:10 | B4    ports   seed42 | ep 27/31 | Reward:   216.0 | Acc: 0.922 | Eps: 0.0646->0.0581 | t: 117.7s | cell ETA 8m48s (+eval)
2026-09-26 03:20:08 | B4    ports   seed42 | ep 28/31 | Reward:   232.0 | Acc: 0.953 | Eps: 0.0581->0.0523 | t: 118.9s | cell ETA 6m35s (+eval)
2026-09-26 03:22:05 | B4    ports   seed42 | ep 29/31 | Reward:   220.0 | Acc: 0.930 | Eps: 0.0523->0.0500 | t: 116.6s | cell ETA 4m22s (+eval)
2026-09-26 03:24:03 | B4    ports   seed42 | ep 30/31 | Reward:   216.0 | Acc: 0.922 | Eps: 0.0500->0.0500 | t: 118.3s | cell ETA 2m10s (+eval)
2026-09-26 03:26:30 | B4    ports   seed42 | ep 31/31 | Reward:   210.0 | Acc: 0.910 | Eps: 0.0500->0.0500 | t: 146.5s | cell ETA 0s (+eval)
2026-09-26 03:26:53 | B4    ports   seed42 | DONE in 1h08m | KT_F1=82.67 KT_AUC=93.23 | ZD weighted=94.15 macro=58.93
2026-09-26 03:27:08 | B5    ports   seed42 | START training
2026-09-26 03:29:28 | B5    ports   seed42 | ep  1/31 | Reward:  -462.0 | Acc: 0.484 | Eps: 1.0000->0.9000 | t: 137.6s | cell ETA 1h08m (+eval)
2026-09-26 03:31:47 | B5    ports   seed42 | ep  2/31 | Reward:  -302.0 | Acc: 0.508 | Eps: 0.9000->0.8100 | t: 139.5s | cell ETA 1h06m (+eval)
2026-09-26 03:34:09 | B5    ports   seed42 | ep  3/31 | Reward:  -246.0 | Acc: 0.559 | Eps: 0.8100->0.7290 | t: 141.3s | cell ETA 1h05m (+eval)
2026-09-26 03:36:30 | B5    ports   seed42 | ep  4/31 | Reward:  -194.0 | Acc: 0.574 | Eps: 0.7290->0.6561 | t: 141.1s | cell ETA 1h02m (+eval)
2026-09-26 03:38:48 | B5    ports   seed42 | ep  5/31 | Reward:    27.0 | Acc: 0.676 | Eps: 0.6561->0.5905 | t: 137.8s | cell ETA 1h00m (+eval)
2026-09-26 03:40:51 | B5    ports   seed42 | ep  6/31 | Reward:    38.0 | Acc: 0.672 | Eps: 0.5905->0.5314 | t: 123.7s | cell ETA 57m00s (+eval)
2026-09-26 03:42:45 | B5    ports   seed42 | ep  7/31 | Reward:   123.0 | Acc: 0.707 | Eps: 0.5314->0.4783 | t: 113.8s | cell ETA 53m25s (+eval)
2026-09-26 03:44:39 | B5    ports   seed42 | ep  8/31 | Reward:   306.0 | Acc: 0.746 | Eps: 0.4783->0.4305 | t: 113.5s | cell ETA 50m13s (+eval)
2026-09-26 03:46:33 | B5    ports   seed42 | ep  9/31 | Reward:   367.0 | Acc: 0.785 | Eps: 0.4305->0.3874 | t: 113.8s | cell ETA 47m20s (+eval)
2026-09-26 03:48:34 | B5    ports   seed42 | ep 10/31 | Reward:   286.0 | Acc: 0.773 | Eps: 0.3874->0.3487 | t: 121.1s | cell ETA 44m54s (+eval)
2026-09-26 03:50:59 | B5    ports   seed42 | ep 11/31 | Reward:   366.0 | Acc: 0.801 | Eps: 0.3487->0.3138 | t: 145.5s | cell ETA 43m17s (+eval)
2026-09-26 03:53:28 | B5    ports   seed42 | ep 12/31 | Reward:   325.0 | Acc: 0.797 | Eps: 0.3138->0.2824 | t: 148.4s | cell ETA 41m37s (+eval)
2026-09-26 03:55:57 | B5    ports   seed42 | ep 13/31 | Reward:   457.0 | Acc: 0.844 | Eps: 0.2824->0.2542 | t: 148.8s | cell ETA 39m49s (+eval)
2026-09-26 03:58:22 | B5    ports   seed42 | ep 14/31 | Reward:   378.0 | Acc: 0.824 | Eps: 0.2542->0.2288 | t: 145.3s | cell ETA 37m52s (+eval)
2026-09-26 04:00:47 | B5    ports   seed42 | ep 15/31 | Reward:   558.0 | Acc: 0.883 | Eps: 0.2288->0.2059 | t: 145.5s | cell ETA 35m51s (+eval)
2026-09-26 04:03:08 | B5    ports   seed42 | ep 16/31 | Reward:   572.0 | Acc: 0.875 | Eps: 0.2059->0.1853 | t: 140.2s | cell ETA 33m42s (+eval)
2026-09-26 04:05:10 | B5    ports   seed42 | ep 17/31 | Reward:   552.0 | Acc: 0.855 | Eps: 0.1853->0.1668 | t: 122.7s | cell ETA 31m17s (+eval)
2026-09-26 04:07:07 | B5    ports   seed42 | ep 18/31 | Reward:   517.0 | Acc: 0.836 | Eps: 0.1668->0.1501 | t: 116.6s | cell ETA 28m50s (+eval)
2026-09-26 04:09:02 | B5    ports   seed42 | ep 19/31 | Reward:   495.0 | Acc: 0.855 | Eps: 0.1501->0.1351 | t: 115.3s | cell ETA 26m26s (+eval)
2026-09-26 04:10:58 | B5    ports   seed42 | ep 20/31 | Reward:   617.0 | Acc: 0.891 | Eps: 0.1351->0.1216 | t: 115.7s | cell ETA 24m04s (+eval)
2026-09-26 04:13:26 | B5    ports   seed42 | ep 21/31 | Reward:   592.0 | Acc: 0.887 | Eps: 0.1216->0.1094 | t: 147.4s | cell ETA 22m01s (+eval)
2026-09-26 04:15:54 | B5    ports   seed42 | ep 22/31 | Reward:   561.0 | Acc: 0.883 | Eps: 0.1094->0.0985 | t: 148.8s | cell ETA 19m55s (+eval)
2026-09-26 04:18:24 | B5    ports   seed42 | ep 23/31 | Reward:   666.0 | Acc: 0.891 | Eps: 0.0985->0.0886 | t: 149.3s | cell ETA 17m48s (+eval)
2026-09-26 04:20:55 | B5    ports   seed42 | ep 24/31 | Reward:   686.0 | Acc: 0.926 | Eps: 0.0886->0.0798 | t: 151.3s | cell ETA 15m40s (+eval)
2026-09-26 04:23:26 | B5    ports   seed42 | ep 25/31 | Reward:   698.0 | Acc: 0.918 | Eps: 0.0798->0.0718 | t: 150.6s | cell ETA 13m29s (+eval)
2026-09-26 04:25:46 | B5    ports   seed42 | ep 26/31 | Reward:   576.0 | Acc: 0.902 | Eps: 0.0718->0.0646 | t: 140.6s | cell ETA 11m16s (+eval)
2026-09-26 04:27:50 | B5    ports   seed42 | ep 27/31 | Reward:   676.0 | Acc: 0.922 | Eps: 0.0646->0.0581 | t: 123.4s | cell ETA 8m59s (+eval)
2026-09-26 04:29:48 | B5    ports   seed42 | ep 28/31 | Reward:   818.0 | Acc: 0.949 | Eps: 0.0581->0.0523 | t: 118.3s | cell ETA 6m42s (+eval)
2026-09-26 04:31:46 | B5    ports   seed42 | ep 29/31 | Reward:   615.0 | Acc: 0.910 | Eps: 0.0523->0.0500 | t: 118.2s | cell ETA 4m27s (+eval)
2026-09-26 04:33:50 | B5    ports   seed42 | ep 30/31 | Reward:   636.0 | Acc: 0.918 | Eps: 0.0500->0.0500 | t: 124.2s | cell ETA 2m13s (+eval)
2026-09-26 04:36:20 | B5    ports   seed42 | ep 31/31 | Reward:   683.0 | Acc: 0.934 | Eps: 0.0500->0.0500 | t: 149.0s | cell ETA 0s (+eval)
2026-09-26 04:36:43 | B5    ports   seed42 | DONE in 1h09m | KT_F1=76.69 KT_AUC=75.98 | ZD weighted=96.98 macro=57.79
2026-09-26 04:36:57 | B6    ports   seed42 | START training
2026-09-26 04:39:21 | B6    ports   seed42 | ep  1/31 | Reward:    -8.0 | Acc: 0.484 | Eps: 1.0000->0.9000 | t: 140.1s | cell ETA 1h10m (+eval)
2026-09-26 04:41:43 | B6    ports   seed42 | ep  2/31 | Reward:     8.0 | Acc: 0.516 | Eps: 0.9000->0.8100 | t: 142.8s | cell ETA 1h08m (+eval)
2026-09-26 04:44:06 | B6    ports   seed42 | ep  3/31 | Reward:    38.0 | Acc: 0.574 | Eps: 0.8100->0.7290 | t: 142.8s | cell ETA 1h06m (+eval)
2026-09-26 04:46:28 | B6    ports   seed42 | ep  4/31 | Reward:    42.0 | Acc: 0.582 | Eps: 0.7290->0.6561 | t: 141.7s | cell ETA 1h03m (+eval)
2026-09-26 04:48:39 | B6    ports   seed42 | ep  5/31 | Reward:    96.0 | Acc: 0.688 | Eps: 0.6561->0.5905 | t: 130.6s | cell ETA 1h00m (+eval)
2026-09-26 04:50:36 | B6    ports   seed42 | ep  6/31 | Reward:    92.0 | Acc: 0.680 | Eps: 0.5905->0.5314 | t: 116.9s | cell ETA 56m35s (+eval)
2026-09-26 04:52:30 | B6    ports   seed42 | ep  7/31 | Reward:   106.0 | Acc: 0.707 | Eps: 0.5314->0.4783 | t: 114.1s | cell ETA 53m05s (+eval)
2026-09-26 04:54:27 | B6    ports   seed42 | ep  8/31 | Reward:   130.0 | Acc: 0.754 | Eps: 0.4783->0.4305 | t: 117.1s | cell ETA 50m07s (+eval)
2026-09-26 04:56:25 | B6    ports   seed42 | ep  9/31 | Reward:   150.0 | Acc: 0.793 | Eps: 0.4305->0.3874 | t: 118.1s | cell ETA 47m25s (+eval)
2026-09-26 04:58:48 | B6    ports   seed42 | ep 10/31 | Reward:   142.0 | Acc: 0.777 | Eps: 0.3874->0.3487 | t: 142.9s | cell ETA 45m44s (+eval)
2026-09-26 05:01:12 | B6    ports   seed42 | ep 11/31 | Reward:   156.0 | Acc: 0.805 | Eps: 0.3487->0.3138 | t: 143.9s | cell ETA 43m58s (+eval)
2026-09-26 05:03:34 | B6    ports   seed42 | ep 12/31 | Reward:   158.0 | Acc: 0.809 | Eps: 0.3138->0.2824 | t: 142.5s | cell ETA 42m03s (+eval)
2026-09-26 05:06:02 | B6    ports   seed42 | ep 13/31 | Reward:   180.0 | Acc: 0.852 | Eps: 0.2824->0.2542 | t: 147.3s | cell ETA 40m10s (+eval)
2026-09-26 05:08:25 | B6    ports   seed42 | ep 14/31 | Reward:   174.0 | Acc: 0.840 | Eps: 0.2542->0.2288 | t: 143.5s | cell ETA 38m08s (+eval)
2026-09-26 05:10:38 | B6    ports   seed42 | ep 15/31 | Reward:   202.0 | Acc: 0.895 | Eps: 0.2288->0.2059 | t: 132.7s | cell ETA 35m51s (+eval)
2026-09-26 05:12:31 | B6    ports   seed42 | ep 16/31 | Reward:   200.0 | Acc: 0.891 | Eps: 0.2059->0.1853 | t: 112.6s | cell ETA 33m16s (+eval)
2026-09-26 05:14:24 | B6    ports   seed42 | ep 17/31 | Reward:   190.0 | Acc: 0.871 | Eps: 0.1853->0.1668 | t: 113.1s | cell ETA 30m46s (+eval)
2026-09-26 05:16:20 | B6    ports   seed42 | ep 18/31 | Reward:   184.0 | Acc: 0.859 | Eps: 0.1668->0.1501 | t: 116.2s | cell ETA 28m23s (+eval)
2026-09-26 05:18:38 | B6    ports   seed42 | ep 19/31 | Reward:   184.0 | Acc: 0.859 | Eps: 0.1501->0.1351 | t: 138.3s | cell ETA 26m17s (+eval)
2026-09-26 05:21:11 | B6    ports   seed42 | ep 20/31 | Reward:   200.0 | Acc: 0.891 | Eps: 0.1351->0.1216 | t: 152.7s | cell ETA 24m17s (+eval)
2026-09-26 05:23:45 | B6    ports   seed42 | ep 21/31 | Reward:   204.0 | Acc: 0.898 | Eps: 0.1216->0.1094 | t: 154.0s | cell ETA 22m15s (+eval)
2026-09-26 05:26:19 | B6    ports   seed42 | ep 22/31 | Reward:   210.0 | Acc: 0.910 | Eps: 0.1094->0.0985 | t: 153.7s | cell ETA 20m09s (+eval)
2026-09-26 05:28:51 | B6    ports   seed42 | ep 23/31 | Reward:   216.0 | Acc: 0.922 | Eps: 0.0985->0.0886 | t: 152.1s | cell ETA 18m01s (+eval)
2026-09-26 05:31:23 | B6    ports   seed42 | ep 24/31 | Reward:   224.0 | Acc: 0.938 | Eps: 0.0886->0.0798 | t: 152.7s | cell ETA 15m51s (+eval)
2026-09-26 05:33:34 | B6    ports   seed42 | ep 25/31 | Reward:   220.0 | Acc: 0.930 | Eps: 0.0798->0.0718 | t: 130.1s | cell ETA 13m34s (+eval)
2026-09-26 05:35:33 | B6    ports   seed42 | ep 26/31 | Reward:   220.0 | Acc: 0.930 | Eps: 0.0718->0.0646 | t: 119.6s | cell ETA 11m15s (+eval)
2026-09-26 05:37:28 | B6    ports   seed42 | ep 27/31 | Reward:   228.0 | Acc: 0.945 | Eps: 0.0646->0.0581 | t: 114.7s | cell ETA 8m57s (+eval)
2026-09-26 05:39:22 | B6    ports   seed42 | ep 28/31 | Reward:   226.0 | Acc: 0.941 | Eps: 0.0581->0.0523 | t: 114.3s | cell ETA 6m40s (+eval)
2026-09-26 05:41:40 | B6    ports   seed42 | ep 29/31 | Reward:   228.0 | Acc: 0.945 | Eps: 0.0523->0.0500 | t: 137.8s | cell ETA 4m27s (+eval)
2026-09-26 05:44:09 | B6    ports   seed42 | ep 30/31 | Reward:   218.0 | Acc: 0.926 | Eps: 0.0500->0.0500 | t: 148.5s | cell ETA 2m14s (+eval)
2026-09-26 05:46:39 | B6    ports   seed42 | ep 31/31 | Reward:   226.0 | Acc: 0.941 | Eps: 0.0500->0.0500 | t: 150.6s | cell ETA 0s (+eval)
2026-09-26 05:47:03 | B6    ports   seed42 | DONE in 1h10m | KT_F1=86.38 KT_AUC=87.76 | ZD weighted=91.02 macro=48.44
2026-09-26 05:47:17 | B7    ports   seed42 | START training
2026-09-26 05:49:39 | B7    ports   seed42 | ep  1/31 | Reward:    16.0 | Acc: 0.531 | Eps: 1.0000->0.9000 | t: 136.9s | cell ETA 1h08m (+eval)
2026-09-26 05:51:58 | B7    ports   seed42 | ep  2/31 | Reward:    32.0 | Acc: 0.562 | Eps: 0.9000->0.8100 | t: 139.5s | cell ETA 1h06m (+eval)
2026-09-26 05:54:18 | B7    ports   seed42 | ep  3/31 | Reward:    52.0 | Acc: 0.602 | Eps: 0.8100->0.7290 | t: 139.6s | cell ETA 1h04m (+eval)
2026-09-26 05:56:19 | B7    ports   seed42 | ep  4/31 | Reward:    72.0 | Acc: 0.641 | Eps: 0.7290->0.6561 | t: 121.0s | cell ETA 1h00m (+eval)
2026-09-26 05:58:07 | B7    ports   seed42 | ep  5/31 | Reward:    52.0 | Acc: 0.602 | Eps: 0.6561->0.5905 | t: 108.1s | cell ETA 55m54s (+eval)
2026-09-26 05:59:54 | B7    ports   seed42 | ep  6/31 | Reward:    60.0 | Acc: 0.617 | Eps: 0.5905->0.5314 | t: 106.8s | cell ETA 52m12s (+eval)
2026-09-26 06:01:42 | B7    ports   seed42 | ep  7/31 | Reward:    92.0 | Acc: 0.680 | Eps: 0.5314->0.4783 | t: 108.2s | cell ETA 49m08s (+eval)
2026-09-26 06:03:32 | B7    ports   seed42 | ep  8/31 | Reward:   104.0 | Acc: 0.703 | Eps: 0.4783->0.4305 | t: 109.9s | cell ETA 46m28s (+eval)
2026-09-26 06:05:49 | B7    ports   seed42 | ep  9/31 | Reward:    92.0 | Acc: 0.680 | Eps: 0.4305->0.3874 | t: 136.6s | cell ETA 45m05s (+eval)
2026-09-26 06:08:15 | B7    ports   seed42 | ep 10/31 | Reward:   138.0 | Acc: 0.770 | Eps: 0.3874->0.3487 | t: 146.6s | cell ETA 43m51s (+eval)
2026-09-26 06:10:39 | B7    ports   seed42 | ep 11/31 | Reward:   120.0 | Acc: 0.734 | Eps: 0.3487->0.3138 | t: 144.2s | cell ETA 42m20s (+eval)
2026-09-26 06:13:03 | B7    ports   seed42 | ep 12/31 | Reward:   122.0 | Acc: 0.738 | Eps: 0.3138->0.2824 | t: 143.8s | cell ETA 40m40s (+eval)
2026-09-26 06:15:26 | B7    ports   seed42 | ep 13/31 | Reward:   122.0 | Acc: 0.738 | Eps: 0.2824->0.2542 | t: 142.3s | cell ETA 38m51s (+eval)
2026-09-26 06:17:46 | B7    ports   seed42 | ep 14/31 | Reward:   152.0 | Acc: 0.797 | Eps: 0.2542->0.2288 | t: 140.1s | cell ETA 36m54s (+eval)
2026-09-26 06:19:50 | B7    ports   seed42 | ep 15/31 | Reward:   148.0 | Acc: 0.789 | Eps: 0.2288->0.2059 | t: 124.6s | cell ETA 34m38s (+eval)
2026-09-26 06:21:43 | B7    ports   seed42 | ep 16/31 | Reward:   154.0 | Acc: 0.801 | Eps: 0.2059->0.1853 | t: 112.7s | cell ETA 32m12s (+eval)
2026-09-26 06:23:34 | B7    ports   seed42 | ep 17/31 | Reward:   174.0 | Acc: 0.840 | Eps: 0.1853->0.1668 | t: 110.9s | cell ETA 29m48s (+eval)
2026-09-26 06:25:26 | B7    ports   seed42 | ep 18/31 | Reward:   164.0 | Acc: 0.820 | Eps: 0.1668->0.1501 | t: 112.5s | cell ETA 27m29s (+eval)
2026-09-26 06:27:42 | B7    ports   seed42 | ep 19/31 | Reward:   168.0 | Acc: 0.828 | Eps: 0.1501->0.1351 | t: 135.8s | cell ETA 25m28s (+eval)
2026-09-26 06:30:08 | B7    ports   seed42 | ep 20/31 | Reward:   178.0 | Acc: 0.848 | Eps: 0.1351->0.1216 | t: 146.2s | cell ETA 23m31s (+eval)
2026-09-26 06:32:36 | B7    ports   seed42 | ep 21/31 | Reward:   168.0 | Acc: 0.828 | Eps: 0.1216->0.1094 | t: 147.6s | cell ETA 21m32s (+eval)
2026-09-26 06:35:07 | B7    ports   seed42 | ep 22/31 | Reward:   182.0 | Acc: 0.855 | Eps: 0.1094->0.0985 | t: 150.7s | cell ETA 19m31s (+eval)
2026-09-26 06:37:37 | B7    ports   seed42 | ep 23/31 | Reward:   188.0 | Acc: 0.867 | Eps: 0.0985->0.0886 | t: 150.7s | cell ETA 17m28s (+eval)
2026-09-26 06:40:06 | B7    ports   seed42 | ep 24/31 | Reward:   190.0 | Acc: 0.871 | Eps: 0.0886->0.0798 | t: 148.6s | cell ETA 15m22s (+eval)
2026-09-26 06:42:11 | B7    ports   seed42 | ep 25/31 | Reward:   192.0 | Acc: 0.875 | Eps: 0.0798->0.0718 | t: 125.3s | cell ETA 13m09s (+eval)
2026-09-26 06:44:10 | B7    ports   seed42 | ep 26/31 | Reward:   208.0 | Acc: 0.906 | Eps: 0.0718->0.0646 | t: 118.2s | cell ETA 10m55s (+eval)
2026-09-26 06:46:08 | B7    ports   seed42 | ep 27/31 | Reward:   178.0 | Acc: 0.848 | Eps: 0.0646->0.0581 | t: 118.1s | cell ETA 8m42s (+eval)
2026-09-26 06:48:13 | B7    ports   seed42 | ep 28/31 | Reward:   192.0 | Acc: 0.875 | Eps: 0.0581->0.0523 | t: 125.0s | cell ETA 6m31s (+eval)
2026-09-26 06:50:45 | B7    ports   seed42 | ep 29/31 | Reward:   178.0 | Acc: 0.848 | Eps: 0.0523->0.0500 | t: 152.7s | cell ETA 4m22s (+eval)
2026-09-26 06:53:14 | B7    ports   seed42 | ep 30/31 | Reward:   184.0 | Acc: 0.859 | Eps: 0.0500->0.0500 | t: 148.7s | cell ETA 2m11s (+eval)
2026-09-26 06:55:41 | B7    ports   seed42 | ep 31/31 | Reward:   206.0 | Acc: 0.902 | Eps: 0.0500->0.0500 | t: 146.3s | cell ETA 0s (+eval)
2026-09-26 06:56:07 | B7    ports   seed42 | DONE in 1h08m | KT_F1=77.19 KT_AUC=94.86 | ZD weighted=99.13 macro=72.76
2026-09-26 06:56:20 | B8    ports   seed42 | START training
2026-09-26 06:58:42 | B8    ports   seed42 | ep  1/31 | Reward:    16.0 | Acc: 0.531 | Eps: 1.0000->0.9000 | t: 136.8s | cell ETA 1h08m (+eval)
2026-09-26 07:00:59 | B8    ports   seed42 | ep  2/31 | Reward:    38.0 | Acc: 0.574 | Eps: 0.9000->0.8100 | t: 137.0s | cell ETA 1h06m (+eval)
2026-09-26 07:03:03 | B8    ports   seed42 | ep  3/31 | Reward:    40.0 | Acc: 0.578 | Eps: 0.8100->0.7290 | t: 124.5s | cell ETA 1h01m (+eval)
2026-09-26 07:04:56 | B8    ports   seed42 | ep  4/31 | Reward:    60.0 | Acc: 0.617 | Eps: 0.7290->0.6561 | t: 112.7s | cell ETA 57m29s (+eval)
2026-09-26 07:06:50 | B8    ports   seed42 | ep  5/31 | Reward:    80.0 | Acc: 0.656 | Eps: 0.6561->0.5905 | t: 114.2s | cell ETA 54m11s (+eval)
2026-09-26 07:08:44 | B8    ports   seed42 | ep  6/31 | Reward:    68.0 | Acc: 0.633 | Eps: 0.5905->0.5314 | t: 113.6s | cell ETA 51m18s (+eval)
2026-09-26 07:10:45 | B8    ports   seed42 | ep  7/31 | Reward:    76.0 | Acc: 0.648 | Eps: 0.5314->0.4783 | t: 121.4s | cell ETA 49m09s (+eval)
2026-09-26 07:13:10 | B8    ports   seed42 | ep  8/31 | Reward:    82.0 | Acc: 0.660 | Eps: 0.4783->0.4305 | t: 144.9s | cell ETA 48m09s (+eval)
2026-09-26 07:15:35 | B8    ports   seed42 | ep  9/31 | Reward:   108.0 | Acc: 0.711 | Eps: 0.4305->0.3874 | t: 145.1s | cell ETA 46m51s (+eval)
2026-09-26 07:18:01 | B8    ports   seed42 | ep 10/31 | Reward:   126.0 | Acc: 0.746 | Eps: 0.3874->0.3487 | t: 146.2s | cell ETA 45m22s (+eval)
2026-09-26 07:20:29 | B8    ports   seed42 | ep 11/31 | Reward:   138.0 | Acc: 0.770 | Eps: 0.3487->0.3138 | t: 147.5s | cell ETA 43m45s (+eval)
2026-09-26 07:22:55 | B8    ports   seed42 | ep 12/31 | Reward:   120.0 | Acc: 0.734 | Eps: 0.3138->0.2824 | t: 145.8s | cell ETA 41m57s (+eval)
2026-09-26 07:25:08 | B8    ports   seed42 | ep 13/31 | Reward:   136.0 | Acc: 0.766 | Eps: 0.2824->0.2542 | t: 133.0s | cell ETA 39m45s (+eval)
2026-09-26 07:27:00 | B8    ports   seed42 | ep 14/31 | Reward:   156.0 | Acc: 0.805 | Eps: 0.2542->0.2288 | t: 112.3s | cell ETA 37m08s (+eval)
2026-09-26 07:28:48 | B8    ports   seed42 | ep 15/31 | Reward:   146.0 | Acc: 0.785 | Eps: 0.2288->0.2059 | t: 108.0s | cell ETA 34m32s (+eval)
2026-09-26 07:30:41 | B8    ports   seed42 | ep 16/31 | Reward:   176.0 | Acc: 0.844 | Eps: 0.2059->0.1853 | t: 113.0s | cell ETA 32m07s (+eval)
2026-09-26 07:32:35 | B8    ports   seed42 | ep 17/31 | Reward:   168.0 | Acc: 0.828 | Eps: 0.1853->0.1668 | t: 114.0s | cell ETA 29m47s (+eval)
2026-09-26 07:34:29 | B8    ports   seed42 | ep 18/31 | Reward:   138.0 | Acc: 0.770 | Eps: 0.1668->0.1501 | t: 114.2s | cell ETA 27m29s (+eval)
2026-09-26 07:36:47 | B8    ports   seed42 | ep 19/31 | Reward:   194.0 | Acc: 0.879 | Eps: 0.1501->0.1351 | t: 138.0s | cell ETA 25m29s (+eval)
2026-09-26 07:39:10 | B8    ports   seed42 | ep 20/31 | Reward:   182.0 | Acc: 0.855 | Eps: 0.1351->0.1216 | t: 142.7s | cell ETA 23m30s (+eval)
2026-09-26 07:41:37 | B8    ports   seed42 | ep 21/31 | Reward:   168.0 | Acc: 0.828 | Eps: 0.1216->0.1094 | t: 146.2s | cell ETA 21m31s (+eval)
2026-09-26 07:44:01 | B8    ports   seed42 | ep 22/31 | Reward:   200.0 | Acc: 0.891 | Eps: 0.1094->0.0985 | t: 144.3s | cell ETA 19m28s (+eval)
2026-09-26 07:46:29 | B8    ports   seed42 | ep 23/31 | Reward:   186.0 | Acc: 0.863 | Eps: 0.0985->0.0886 | t: 148.2s | cell ETA 17m24s (+eval)
2026-09-26 07:48:55 | B8    ports   seed42 | ep 24/31 | Reward:   184.0 | Acc: 0.859 | Eps: 0.0886->0.0798 | t: 145.4s | cell ETA 15m18s (+eval)
2026-09-26 07:50:53 | B8    ports   seed42 | ep 25/31 | Reward:   182.0 | Acc: 0.855 | Eps: 0.0798->0.0718 | t: 118.3s | cell ETA 13m04s (+eval)
2026-09-26 07:52:45 | B8    ports   seed42 | ep 26/31 | Reward:   202.0 | Acc: 0.895 | Eps: 0.0718->0.0646 | t: 112.6s | cell ETA 10m49s (+eval)
2026-09-26 07:54:38 | B8    ports   seed42 | ep 27/31 | Reward:   186.0 | Acc: 0.863 | Eps: 0.0646->0.0581 | t: 112.2s | cell ETA 8m37s (+eval)
2026-09-26 07:56:30 | B8    ports   seed42 | ep 28/31 | Reward:   192.0 | Acc: 0.875 | Eps: 0.0581->0.0523 | t: 112.8s | cell ETA 6m26s (+eval)
2026-09-26 07:58:58 | B8    ports   seed42 | ep 29/31 | Reward:   184.0 | Acc: 0.859 | Eps: 0.0523->0.0500 | t: 147.2s | cell ETA 4m18s (+eval)
2026-09-26 08:01:23 | B8    ports   seed42 | ep 30/31 | Reward:   200.0 | Acc: 0.891 | Eps: 0.0500->0.0500 | t: 145.1s | cell ETA 2m09s (+eval)
2026-09-26 08:03:47 | B8    ports   seed42 | ep 31/31 | Reward:   198.0 | Acc: 0.887 | Eps: 0.0500->0.0500 | t: 144.0s | cell ETA 0s (+eval)
2026-09-26 08:04:10 | B8    ports   seed42 | DONE in 1h07m | KT_F1=77.11 KT_AUC=93.65 | ZD weighted=98.35 macro=66.45
2026-09-26 08:04:24 | B9    ports   seed42 | START training
2026-09-26 08:06:45 | B9    ports   seed42 | ep  1/31 | Reward:    16.0 | Acc: 0.531 | Eps: 1.0000->0.9000 | t: 135.8s | cell ETA 1h07m (+eval)
2026-09-26 08:08:56 | B9    ports   seed42 | ep  2/31 | Reward:    38.0 | Acc: 0.574 | Eps: 0.9000->0.8100 | t: 131.3s | cell ETA 1h04m (+eval)
2026-09-26 08:11:07 | B9    ports   seed42 | ep  3/31 | Reward:    36.0 | Acc: 0.570 | Eps: 0.8100->0.7290 | t: 130.7s | cell ETA 1h01m (+eval)
2026-09-26 08:13:05 | B9    ports   seed42 | ep  4/31 | Reward:    56.0 | Acc: 0.609 | Eps: 0.7290->0.6561 | t: 118.0s | cell ETA 58m01s (+eval)
2026-09-26 08:14:55 | B9    ports   seed42 | ep  5/31 | Reward:    76.0 | Acc: 0.648 | Eps: 0.6561->0.5905 | t: 110.0s | cell ETA 54m14s (+eval)
2026-09-26 08:16:46 | B9    ports   seed42 | ep  6/31 | Reward:    74.0 | Acc: 0.645 | Eps: 0.5905->0.5314 | t: 110.9s | cell ETA 51m09s (+eval)
2026-09-26 08:18:36 | B9    ports   seed42 | ep  7/31 | Reward:    90.0 | Acc: 0.676 | Eps: 0.5314->0.4783 | t: 110.4s | cell ETA 48m24s (+eval)
2026-09-26 08:20:53 | B9    ports   seed42 | ep  8/31 | Reward:    78.0 | Acc: 0.652 | Eps: 0.4783->0.4305 | t: 136.6s | cell ETA 47m08s (+eval)
2026-09-26 08:23:12 | B9    ports   seed42 | ep  9/31 | Reward:   110.0 | Acc: 0.715 | Eps: 0.4305->0.3874 | t: 139.6s | cell ETA 45m45s (+eval)
2026-09-26 08:25:34 | B9    ports   seed42 | ep 10/31 | Reward:   124.0 | Acc: 0.742 | Eps: 0.3874->0.3487 | t: 142.1s | cell ETA 44m17s (+eval)
2026-09-26 08:27:55 | B9    ports   seed42 | ep 11/31 | Reward:   128.0 | Acc: 0.750 | Eps: 0.3487->0.3138 | t: 140.3s | cell ETA 42m35s (+eval)
2026-09-26 08:30:16 | B9    ports   seed42 | ep 12/31 | Reward:   122.0 | Acc: 0.738 | Eps: 0.3138->0.2824 | t: 141.3s | cell ETA 40m49s (+eval)
2026-09-26 08:32:28 | B9    ports   seed42 | ep 13/31 | Reward:   130.0 | Acc: 0.754 | Eps: 0.2824->0.2542 | t: 132.1s | cell ETA 38m44s (+eval)
2026-09-26 08:34:27 | B9    ports   seed42 | ep 14/31 | Reward:   154.0 | Acc: 0.801 | Eps: 0.2542->0.2288 | t: 119.2s | cell ETA 36m23s (+eval)
2026-09-26 08:36:23 | B9    ports   seed42 | ep 15/31 | Reward:   136.0 | Acc: 0.766 | Eps: 0.2288->0.2059 | t: 115.5s | cell ETA 34m01s (+eval)
2026-09-26 08:38:15 | B9    ports   seed42 | ep 16/31 | Reward:   178.0 | Acc: 0.848 | Eps: 0.2059->0.1853 | t: 111.9s | cell ETA 31m39s (+eval)
2026-09-26 08:40:08 | B9    ports   seed42 | ep 17/31 | Reward:   178.0 | Acc: 0.848 | Eps: 0.1853->0.1668 | t: 112.9s | cell ETA 29m21s (+eval)
2026-09-26 08:42:33 | B9    ports   seed42 | ep 18/31 | Reward:   146.0 | Acc: 0.785 | Eps: 0.1668->0.1501 | t: 145.1s | cell ETA 27m29s (+eval)
2026-09-26 08:44:55 | B9    ports   seed42 | ep 19/31 | Reward:   194.0 | Acc: 0.879 | Eps: 0.1501->0.1351 | t: 142.1s | cell ETA 25m32s (+eval)
2026-09-26 08:47:15 | B9    ports   seed42 | ep 20/31 | Reward:   188.0 | Acc: 0.867 | Eps: 0.1351->0.1216 | t: 140.0s | cell ETA 23m31s (+eval)
2026-09-26 08:49:40 | B9    ports   seed42 | ep 21/31 | Reward:   178.0 | Acc: 0.848 | Eps: 0.1216->0.1094 | t: 144.9s | cell ETA 21m30s (+eval)
2026-09-26 08:52:01 | B9    ports   seed42 | ep 22/31 | Reward:   188.0 | Acc: 0.867 | Eps: 0.1094->0.0985 | t: 141.0s | cell ETA 19m26s (+eval)
2026-09-26 08:54:15 | B9    ports   seed42 | ep 23/31 | Reward:   186.0 | Acc: 0.863 | Eps: 0.0985->0.0886 | t: 134.2s | cell ETA 17m18s (+eval)
2026-09-26 08:56:07 | B9    ports   seed42 | ep 24/31 | Reward:   196.0 | Acc: 0.883 | Eps: 0.0886->0.0798 | t: 111.4s | cell ETA 15m03s (+eval)
2026-09-26 08:57:51 | B9    ports   seed42 | ep 25/31 | Reward:   184.0 | Acc: 0.859 | Eps: 0.0798->0.0718 | t: 104.3s | cell ETA 12m48s (+eval)
2026-09-26 08:59:39 | B9    ports   seed42 | ep 26/31 | Reward:   206.0 | Acc: 0.902 | Eps: 0.0718->0.0646 | t: 108.4s | cell ETA 10m36s (+eval)
2026-09-26 09:01:35 | B9    ports   seed42 | ep 27/31 | Reward:   182.0 | Acc: 0.855 | Eps: 0.0646->0.0581 | t: 115.6s | cell ETA 8m27s (+eval)
2026-09-26 09:03:55 | B9    ports   seed42 | ep 28/31 | Reward:   188.0 | Acc: 0.867 | Eps: 0.0581->0.0523 | t: 140.1s | cell ETA 6m22s (+eval)
2026-09-26 09:06:19 | B9    ports   seed42 | ep 29/31 | Reward:   188.0 | Acc: 0.867 | Eps: 0.0523->0.0500 | t: 143.5s | cell ETA 4m15s (+eval)
2026-09-26 09:08:49 | B9    ports   seed42 | ep 30/31 | Reward:   196.0 | Acc: 0.883 | Eps: 0.0500->0.0500 | t: 150.3s | cell ETA 2m08s (+eval)
2026-09-26 09:11:21 | B9    ports   seed42 | ep 31/31 | Reward:   192.0 | Acc: 0.875 | Eps: 0.0500->0.0500 | t: 151.7s | cell ETA 0s (+eval)
2026-09-26 09:11:43 | B9    ports   seed42 | DONE in 1h07m | KT_F1=81.42 KT_AUC=95.65 | ZD weighted=98.49 macro=72.08
2026-09-26 09:11:55 | B10   ports   seed42 | START training
2026-09-26 09:14:13 | B10   ports   seed42 | ep  1/31 | Reward:    16.0 | Acc: 0.531 | Eps: 1.0000->0.9000 | t: 133.2s | cell ETA 1h06m (+eval)
2026-09-26 09:16:16 | B10   ports   seed42 | ep  2/31 | Reward:    38.0 | Acc: 0.574 | Eps: 0.9000->0.8100 | t: 122.5s | cell ETA 1h01m (+eval)
2026-09-26 09:18:09 | B10   ports   seed42 | ep  3/31 | Reward:    36.0 | Acc: 0.570 | Eps: 0.8100->0.7290 | t: 113.8s | cell ETA 57m28s (+eval)
2026-09-26 09:19:58 | B10   ports   seed42 | ep  4/31 | Reward:    56.0 | Acc: 0.609 | Eps: 0.7290->0.6561 | t: 108.8s | cell ETA 53m48s (+eval)
2026-09-26 09:21:49 | B10   ports   seed42 | ep  5/31 | Reward:    76.0 | Acc: 0.648 | Eps: 0.6561->0.5905 | t: 110.7s | cell ETA 51m02s (+eval)
2026-09-26 09:23:39 | B10   ports   seed42 | ep  6/31 | Reward:    74.0 | Acc: 0.645 | Eps: 0.5905->0.5314 | t: 109.6s | cell ETA 48m30s (+eval)
2026-09-26 09:25:41 | B10   ports   seed42 | ep  7/31 | Reward:    90.0 | Acc: 0.676 | Eps: 0.5314->0.4783 | t: 122.6s | cell ETA 46m55s (+eval)
2026-09-26 09:27:58 | B10   ports   seed42 | ep  8/31 | Reward:    78.0 | Acc: 0.652 | Eps: 0.4783->0.4305 | t: 136.7s | cell ETA 45m53s (+eval)
2026-09-26 09:30:22 | B10   ports   seed42 | ep  9/31 | Reward:   110.0 | Acc: 0.715 | Eps: 0.4305->0.3874 | t: 144.0s | cell ETA 44m53s (+eval)
2026-09-26 09:32:50 | B10   ports   seed42 | ep 10/31 | Reward:   124.0 | Acc: 0.742 | Eps: 0.3874->0.3487 | t: 147.9s | cell ETA 43m44s (+eval)
2026-09-26 09:35:18 | B10   ports   seed42 | ep 11/31 | Reward:   128.0 | Acc: 0.750 | Eps: 0.3487->0.3138 | t: 147.5s | cell ETA 42m20s (+eval)
2026-09-26 09:37:41 | B10   ports   seed42 | ep 12/31 | Reward:   122.0 | Acc: 0.738 | Eps: 0.3138->0.2824 | t: 143.3s | cell ETA 40m39s (+eval)
2026-09-26 09:39:57 | B10   ports   seed42 | ep 13/31 | Reward:   130.0 | Acc: 0.754 | Eps: 0.2824->0.2542 | t: 135.9s | cell ETA 38m41s (+eval)
2026-09-26 09:41:55 | B10   ports   seed42 | ep 14/31 | Reward:   154.0 | Acc: 0.801 | Eps: 0.2542->0.2288 | t: 118.6s | cell ETA 36m19s (+eval)
2026-09-26 09:43:52 | B10   ports   seed42 | ep 15/31 | Reward:   136.0 | Acc: 0.766 | Eps: 0.2288->0.2059 | t: 116.5s | cell ETA 33m59s (+eval)
2026-09-26 09:45:46 | B10   ports   seed42 | ep 16/31 | Reward:   178.0 | Acc: 0.848 | Eps: 0.2059->0.1853 | t: 114.3s | cell ETA 31m39s (+eval)
2026-09-26 09:47:44 | B10   ports   seed42 | ep 17/31 | Reward:   178.0 | Acc: 0.848 | Eps: 0.1853->0.1668 | t: 117.8s | cell ETA 29m25s (+eval)
2026-09-26 09:50:07 | B10   ports   seed42 | ep 18/31 | Reward:   146.0 | Acc: 0.785 | Eps: 0.1668->0.1501 | t: 143.1s | cell ETA 27m31s (+eval)
2026-09-26 09:52:31 | B10   ports   seed42 | ep 19/31 | Reward:   194.0 | Acc: 0.879 | Eps: 0.1501->0.1351 | t: 143.7s | cell ETA 25m35s (+eval)
2026-09-26 09:54:53 | B10   ports   seed42 | ep 20/31 | Reward:   188.0 | Acc: 0.867 | Eps: 0.1351->0.1216 | t: 142.3s | cell ETA 23m35s (+eval)
2026-09-26 09:57:18 | B10   ports   seed42 | ep 21/31 | Reward:   178.0 | Acc: 0.848 | Eps: 0.1216->0.1094 | t: 145.2s | cell ETA 21m34s (+eval)
2026-09-26 09:59:45 | B10   ports   seed42 | ep 22/31 | Reward:   188.0 | Acc: 0.867 | Eps: 0.1094->0.0985 | t: 146.4s | cell ETA 19m31s (+eval)
2026-09-26 10:02:00 | B10   ports   seed42 | ep 23/31 | Reward:   186.0 | Acc: 0.863 | Eps: 0.0985->0.0886 | t: 134.7s | cell ETA 17m23s (+eval)
2026-09-26 10:04:04 | B10   ports   seed42 | ep 24/31 | Reward:   196.0 | Acc: 0.883 | Eps: 0.0886->0.0798 | t: 124.1s | cell ETA 15m10s (+eval)
2026-09-26 10:06:03 | B10   ports   seed42 | ep 25/31 | Reward:   184.0 | Acc: 0.859 | Eps: 0.0798->0.0718 | t: 119.3s | cell ETA 12m58s (+eval)
2026-09-26 10:08:01 | B10   ports   seed42 | ep 26/31 | Reward:   206.0 | Acc: 0.902 | Eps: 0.0718->0.0646 | t: 118.4s | cell ETA 10m46s (+eval)
2026-09-26 10:09:59 | B10   ports   seed42 | ep 27/31 | Reward:   182.0 | Acc: 0.855 | Eps: 0.0646->0.0581 | t: 118.0s | cell ETA 8m35s (+eval)
2026-09-26 10:12:21 | B10   ports   seed42 | ep 28/31 | Reward:   188.0 | Acc: 0.867 | Eps: 0.0581->0.0523 | t: 142.0s | cell ETA 6m27s (+eval)
2026-09-26 10:14:44 | B10   ports   seed42 | ep 29/31 | Reward:   188.0 | Acc: 0.867 | Eps: 0.0523->0.0500 | t: 142.3s | cell ETA 4m19s (+eval)
2026-09-26 10:17:11 | B10   ports   seed42 | ep 30/31 | Reward:   196.0 | Acc: 0.883 | Eps: 0.0500->0.0500 | t: 147.3s | cell ETA 2m10s (+eval)
2026-09-26 10:19:40 | B10   ports   seed42 | ep 31/31 | Reward:   192.0 | Acc: 0.875 | Eps: 0.0500->0.0500 | t: 148.9s | cell ETA 0s (+eval)
2026-09-26 10:20:06 | B10   ports   seed42 | DONE in 1h08m | KT_F1=81.42 KT_AUC=95.65 | ZD weighted=98.49 macro=72.08
2026-09-26 10:20:36 | B11   ports   seed42 | START training
2026-09-26 10:22:58 | B11   ports   seed42 | ep  1/31 | Reward:  -304.0 | Acc: 0.352 | Eps: 1.0000->0.9000 | t: 137.1s | Investigations: 85 | cell ETA 1h08m (+eval)
2026-09-26 10:25:04 | B11   ports   seed42 | ep  2/31 | Reward:  -244.0 | Acc: 0.359 | Eps: 0.9000->0.8100 | t: 125.4s | Investigations: 94 | cell ETA 1h03m (+eval)
2026-09-26 10:27:00 | B11   ports   seed42 | ep  3/31 | Reward:  -193.0 | Acc: 0.457 | Eps: 0.8100->0.7290 | t: 115.7s | Investigations: 68 | cell ETA 58m49s (+eval)
2026-09-26 10:28:54 | B11   ports   seed42 | ep  4/31 | Reward:  -115.0 | Acc: 0.473 | Eps: 0.7290->0.6561 | t: 114.0s | Investigations: 64 | cell ETA 55m22s (+eval)
2026-09-26 10:30:49 | B11   ports   seed42 | ep  5/31 | Reward:   -48.0 | Acc: 0.523 | Eps: 0.6561->0.5905 | t: 115.0s | Investigations: 55 | cell ETA 52m37s (+eval)
2026-09-26 10:32:48 | B11   ports   seed42 | ep  6/31 | Reward:    76.0 | Acc: 0.590 | Eps: 0.5905->0.5314 | t: 119.5s | Investigations: 54 | cell ETA 50m27s (+eval)
2026-09-26 10:35:12 | B11   ports   seed42 | ep  7/31 | Reward:   -47.0 | Acc: 0.555 | Eps: 0.5314->0.4783 | t: 144.2s | Investigations: 48 | cell ETA 49m45s (+eval)
2026-09-26 10:37:36 | B11   ports   seed42 | ep  8/31 | Reward:    90.0 | Acc: 0.609 | Eps: 0.4783->0.4305 | t: 143.4s | Investigations: 52 | cell ETA 48m36s (+eval)
2026-09-26 10:39:57 | B11   ports   seed42 | ep  9/31 | Reward:    48.0 | Acc: 0.621 | Eps: 0.4305->0.3874 | t: 140.8s | Investigations: 36 | cell ETA 47m03s (+eval)
2026-09-26 10:42:19 | B11   ports   seed42 | ep 10/31 | Reward:    50.0 | Acc: 0.645 | Eps: 0.3874->0.3487 | t: 142.9s | Investigations: 35 | cell ETA 45m25s (+eval)
2026-09-26 10:44:42 | B11   ports   seed42 | ep 11/31 | Reward:   200.0 | Acc: 0.723 | Eps: 0.3487->0.3138 | t: 142.0s | Investigations: 31 | cell ETA 43m38s (+eval)
2026-09-26 10:46:57 | B11   ports   seed42 | ep 12/31 | Reward:   168.0 | Acc: 0.719 | Eps: 0.3138->0.2824 | t: 135.8s | Investigations: 22 | cell ETA 41m35s (+eval)
2026-09-26 10:48:59 | B11   ports   seed42 | ep 13/31 | Reward:   271.0 | Acc: 0.730 | Eps: 0.2824->0.2542 | t: 121.9s | Investigations: 27 | cell ETA 39m10s (+eval)
2026-09-26 10:50:59 | B11   ports   seed42 | ep 14/31 | Reward:   338.0 | Acc: 0.766 | Eps: 0.2542->0.2288 | t: 119.7s | Investigations: 24 | cell ETA 36m46s (+eval)
2026-09-26 10:52:58 | B11   ports   seed42 | ep 15/31 | Reward:   316.0 | Acc: 0.789 | Eps: 0.2288->0.2059 | t: 119.0s | Investigations: 19 | cell ETA 34m25s (+eval)
2026-09-26 10:54:53 | B11   ports   seed42 | ep 16/31 | Reward:   314.0 | Acc: 0.805 | Eps: 0.2059->0.1853 | t: 114.6s | Investigations: 15 | cell ETA 32m02s (+eval)
2026-09-26 10:56:49 | B11   ports   seed42 | ep 17/31 | Reward:   314.0 | Acc: 0.777 | Eps: 0.1853->0.1668 | t: 116.5s | Investigations: 20 | cell ETA 29m45s (+eval)
2026-09-26 10:58:48 | B11   ports   seed42 | ep 18/31 | Reward:   311.0 | Acc: 0.777 | Eps: 0.1668->0.1501 | t: 118.5s | Investigations: 14 | cell ETA 27m31s (+eval)
2026-09-26 11:00:45 | B11   ports   seed42 | ep 19/31 | Reward:   310.0 | Acc: 0.781 | Eps: 0.1501->0.1351 | t: 117.0s | Investigations: 20 | cell ETA 25m17s (+eval)
2026-09-26 11:02:39 | B11   ports   seed42 | ep 20/31 | Reward:   261.0 | Acc: 0.770 | Eps: 0.1351->0.1216 | t: 113.9s | Investigations: 11 | cell ETA 23m04s (+eval)
2026-09-26 11:04:32 | B11   ports   seed42 | ep 21/31 | Reward:   422.0 | Acc: 0.863 | Eps: 0.1216->0.1094 | t: 113.5s | Investigations: 9 | cell ETA 20m52s (+eval)
2026-09-26 11:06:23 | B11   ports   seed42 | ep 22/31 | Reward:   423.0 | Acc: 0.852 | Eps: 0.1094->0.0985 | t: 110.9s | Investigations: 10 | cell ETA 18m41s (+eval)
2026-09-26 11:08:11 | B11   ports   seed42 | ep 23/31 | Reward:   414.0 | Acc: 0.859 | Eps: 0.0985->0.0886 | t: 108.2s | Investigations: 5 | cell ETA 16m31s (+eval)
2026-09-26 11:10:07 | B11   ports   seed42 | ep 24/31 | Reward:   395.0 | Acc: 0.852 | Eps: 0.0886->0.0798 | t: 116.0s | Investigations: 9 | cell ETA 14m24s (+eval)
2026-09-26 11:12:05 | B11   ports   seed42 | ep 25/31 | Reward:   459.0 | Acc: 0.883 | Eps: 0.0798->0.0718 | t: 117.8s | Investigations: 5 | cell ETA 12m19s (+eval)
2026-09-26 11:14:02 | B11   ports   seed42 | ep 26/31 | Reward:   490.0 | Acc: 0.898 | Eps: 0.0718->0.0646 | t: 116.5s | Investigations: 5 | cell ETA 10m15s (+eval)
2026-09-26 11:15:50 | B11   ports   seed42 | ep 27/31 | Reward:   430.0 | Acc: 0.891 | Eps: 0.0646->0.0581 | t: 108.4s | Investigations: 4 | cell ETA 8m10s (+eval)
2026-09-26 11:17:46 | B11   ports   seed42 | ep 28/31 | Reward:   422.0 | Acc: 0.887 | Eps: 0.0581->0.0523 | t: 115.3s | Investigations: 1 | cell ETA 6m06s (+eval)
2026-09-26 11:19:36 | B11   ports   seed42 | ep 29/31 | Reward:   482.0 | Acc: 0.902 | Eps: 0.0523->0.0500 | t: 110.6s | Investigations: 5 | cell ETA 4m03s (+eval)
2026-09-26 11:21:33 | B11   ports   seed42 | ep 30/31 | Reward:   407.0 | Acc: 0.871 | Eps: 0.0500->0.0500 | t: 116.5s | Investigations: 4 | cell ETA 2m01s (+eval)
2026-09-26 11:23:33 | B11   ports   seed42 | ep 31/31 | Reward:   387.0 | Acc: 0.871 | Eps: 0.0500->0.0500 | t: 120.4s | Investigations: 5 | cell ETA 0s (+eval)
2026-09-26 11:23:56 | B11   ports   seed42 | DONE in 1h03m | KT_F1=83.02 KT_AUC=92.02 | ZD weighted=95.67 macro=60.84
2026-09-26 11:24:00 | rf    ports   seed42 | START supervised
2026-09-26 11:38:55 | rf    ports   seed42 | [rf] Known-Test Recall=97.08%  ROC-AUC=99.69%  |  Weighted-ZD=65.05%  Macro-ZD=48.51%  (893s)
2026-09-26 11:38:55 | rf    ports   seed42 | DONE in 14m54s -> C:\Users\Dr. Zarepour\Desktop\RL_IDS\Codes\experiments\MULTISEED\runs\supervised\rf\ports\seed42
2026-09-26 11:38:59 | xgb   ports   seed42 | START supervised
2026-09-26 11:43:31 | xgb   ports   seed42 | [xgb] Known-Test Recall=97.1%  ROC-AUC=99.67%  |  Weighted-ZD=64.96%  Macro-ZD=48.23%  (271s)
2026-09-26 11:43:31 | xgb   ports   seed42 | DONE in 4m32s -> C:\Users\Dr. Zarepour\Desktop\RL_IDS\Codes\experiments\MULTISEED\runs\supervised\xgb\ports\seed42
2026-09-26 11:43:37 | mlp   ports   seed42 | START supervised
2026-09-26 11:47:58 | mlp   ports   seed42 | [mlp] Known-Test Recall=94.46%  ROC-AUC=99.16%  |  Weighted-ZD=93.13%  Macro-ZD=39.82%  (260s)
2026-09-26 11:47:58 | mlp   ports   seed42 | DONE in 4m21s -> C:\Users\Dr. Zarepour\Desktop\RL_IDS\Codes\experiments\MULTISEED\runs\supervised\mlp\ports\seed42
2026-09-26 11:48:03 | lstm  ports   seed42 | START supervised
2026-09-26 13:36:05 | lstm  ports   seed42 | [lstm] Known-Test Recall=92.82%  ROC-AUC=99.17%  |  Weighted-ZD=92.39%  Macro-ZD=36.92%  (6480s)
2026-09-26 13:36:05 | lstm  ports   seed42 | DONE in 1h48m -> C:\Users\Dr. Zarepour\Desktop\RL_IDS\Codes\experiments\MULTISEED\runs\supervised\lstm\ports\seed42
2026-09-26 13:36:16 | B0    ports   seed43 | START training
2026-09-26 13:38:13 | B0    ports   seed43 | ep  1/31 | Reward:    84.0 | Acc: 0.664 | Eps: 0.3806 | t: 114.6s | cell ETA 57m18s (+eval)
2026-09-26 13:39:59 | B0    ports   seed43 | ep  2/31 | Reward:   174.0 | Acc: 0.840 | Eps: 0.1364 | t: 106.4s | cell ETA 53m24s (+eval)
2026-09-26 13:42:01 | B0    ports   seed43 | ep  3/31 | Reward:   184.0 | Acc: 0.859 | Eps: 0.0500 | t: 122.1s | cell ETA 53m22s (+eval)
2026-09-26 13:44:13 | B0    ports   seed43 | ep  4/31 | Reward:   204.0 | Acc: 0.898 | Eps: 0.0500 | t: 131.3s | cell ETA 53m22s (+eval)
2026-09-26 13:46:18 | B0    ports   seed43 | ep  5/31 | Reward:   216.0 | Acc: 0.922 | Eps: 0.0500 | t: 125.0s | cell ETA 51m56s (+eval)
2026-09-26 13:48:08 | B0    ports   seed43 | ep  6/31 | Reward:   208.0 | Acc: 0.906 | Eps: 0.0500 | t: 110.1s | cell ETA 49m16s (+eval)
2026-09-26 13:50:16 | B0    ports   seed43 | ep  7/31 | Reward:   206.0 | Acc: 0.902 | Eps: 0.0500 | t: 127.7s | cell ETA 47m50s (+eval)
2026-09-26 13:52:36 | B0    ports   seed43 | ep  8/31 | Reward:   210.0 | Acc: 0.910 | Eps: 0.0500 | t: 140.3s | cell ETA 46m50s (+eval)
2026-09-26 13:54:53 | B0    ports   seed43 | ep  9/31 | Reward:   210.0 | Acc: 0.910 | Eps: 0.0500 | t: 137.4s | cell ETA 45m25s (+eval)
2026-09-26 13:57:07 | B0    ports   seed43 | ep 10/31 | Reward:   216.0 | Acc: 0.922 | Eps: 0.0500 | t: 134.1s | cell ETA 43m42s (+eval)
2026-09-26 13:58:56 | B0    ports   seed43 | ep 11/31 | Reward:   216.0 | Acc: 0.922 | Eps: 0.0500 | t: 108.1s | cell ETA 41m07s (+eval)
2026-09-26 14:00:49 | B0    ports   seed43 | ep 12/31 | Reward:   210.0 | Acc: 0.910 | Eps: 0.0500 | t: 113.2s | cell ETA 38m47s (+eval)
2026-09-26 14:03:00 | B0    ports   seed43 | ep 13/31 | Reward:   222.0 | Acc: 0.934 | Eps: 0.0500 | t: 131.3s | cell ETA 36m57s (+eval)
2026-09-26 14:05:16 | B0    ports   seed43 | ep 14/31 | Reward:   222.0 | Acc: 0.934 | Eps: 0.0500 | t: 136.3s | cell ETA 35m10s (+eval)
2026-09-26 14:07:14 | B0    ports   seed43 | ep 15/31 | Reward:   216.0 | Acc: 0.922 | Eps: 0.0500 | t: 117.9s | cell ETA 32m59s (+eval)
2026-09-26 14:09:00 | B0    ports   seed43 | ep 16/31 | Reward:   212.0 | Acc: 0.914 | Eps: 0.0500 | t: 105.7s | cell ETA 30m38s (+eval)
2026-09-26 14:11:05 | B0    ports   seed43 | ep 17/31 | Reward:   208.0 | Acc: 0.906 | Eps: 0.0500 | t: 124.5s | cell ETA 28m37s (+eval)
2026-09-26 14:13:21 | B0    ports   seed43 | ep 18/31 | Reward:   202.0 | Acc: 0.895 | Eps: 0.0500 | t: 135.8s | cell ETA 26m44s (+eval)
2026-09-26 14:15:32 | B0    ports   seed43 | ep 19/31 | Reward:   214.0 | Acc: 0.918 | Eps: 0.0500 | t: 131.7s | cell ETA 24m46s (+eval)
2026-09-26 14:17:23 | B0    ports   seed43 | ep 20/31 | Reward:   208.0 | Acc: 0.906 | Eps: 0.0500 | t: 111.2s | cell ETA 22m35s (+eval)
2026-09-26 14:19:25 | B0    ports   seed43 | ep 21/31 | Reward:   210.0 | Acc: 0.910 | Eps: 0.0500 | t: 121.9s | cell ETA 20m31s (+eval)
2026-09-26 14:21:43 | B0    ports   seed43 | ep 22/31 | Reward:   230.0 | Acc: 0.949 | Eps: 0.0500 | t: 138.1s | cell ETA 18m34s (+eval)
2026-09-26 14:23:57 | B0    ports   seed43 | ep 23/31 | Reward:   200.0 | Acc: 0.891 | Eps: 0.0500 | t: 133.8s | cell ETA 16m34s (+eval)
2026-09-26 14:25:50 | B0    ports   seed43 | ep 24/31 | Reward:   202.0 | Acc: 0.895 | Eps: 0.0500 | t: 112.8s | cell ETA 14m26s (+eval)
2026-09-26 14:27:48 | B0    ports   seed43 | ep 25/31 | Reward:   214.0 | Acc: 0.918 | Eps: 0.0500 | t: 118.3s | cell ETA 12m21s (+eval)
2026-09-26 14:30:00 | B0    ports   seed43 | ep 26/31 | Reward:   236.0 | Acc: 0.961 | Eps: 0.0500 | t: 131.0s | cell ETA 10m19s (+eval)
2026-09-26 14:32:16 | B0    ports   seed43 | ep 27/31 | Reward:   220.0 | Acc: 0.930 | Eps: 0.0500 | t: 136.7s | cell ETA 8m17s (+eval)
2026-09-26 14:34:07 | B0    ports   seed43 | ep 28/31 | Reward:   230.0 | Acc: 0.949 | Eps: 0.0500 | t: 110.3s | cell ETA 6m11s (+eval)
2026-09-26 14:36:03 | B0    ports   seed43 | ep 29/31 | Reward:   222.0 | Acc: 0.934 | Eps: 0.0500 | t: 116.9s | cell ETA 4m07s (+eval)
2026-09-26 14:38:23 | B0    ports   seed43 | ep 30/31 | Reward:   232.0 | Acc: 0.953 | Eps: 0.0500 | t: 139.5s | cell ETA 2m04s (+eval)
2026-09-26 14:40:43 | B0    ports   seed43 | ep 31/31 | Reward:   228.0 | Acc: 0.945 | Eps: 0.0500 | t: 139.8s | cell ETA 0s (+eval)
2026-09-26 14:41:06 | B0    ports   seed43 | DONE in 1h04m | KT_F1=84.22 KT_AUC=95.27 | ZD weighted=97.34 macro=69.57
2026-09-26 14:41:16 | B1    ports   seed43 | START training
2026-09-26 14:43:18 | B1    ports   seed43 | ep  1/31 | reward=82.0 | acc=0.660 | eps=0.381 | t=119.8s | cell ETA 59m54s (+eval)
2026-09-26 14:45:37 | B1    ports   seed43 | ep  2/31 | reward=172.0 | acc=0.836 | eps=0.136 | t=138.6s | cell ETA 1h02m (+eval)
2026-09-26 14:47:55 | B1    ports   seed43 | ep  3/31 | reward=202.0 | acc=0.895 | eps=0.050 | t=138.1s | cell ETA 1h01m (+eval)
2026-09-26 14:50:09 | B1    ports   seed43 | ep  4/31 | reward=208.0 | acc=0.906 | eps=0.050 | t=133.8s | cell ETA 59m39s (+eval)
2026-09-26 14:52:07 | B1    ports   seed43 | ep  5/31 | reward=214.0 | acc=0.918 | eps=0.050 | t=118.4s | cell ETA 56m13s (+eval)
2026-09-26 14:54:27 | B1    ports   seed43 | ep  6/31 | reward=212.0 | acc=0.914 | eps=0.050 | t=140.1s | cell ETA 54m46s (+eval)
2026-09-26 14:56:54 | B1    ports   seed43 | ep  7/31 | reward=204.0 | acc=0.898 | eps=0.050 | t=146.7s | cell ETA 53m27s (+eval)
2026-09-26 21:46:45 | B1    ports   seed43 | START training
2026-09-26 21:46:49 | B1    ports   seed43 | Resuming from episode 5 (C:\Users\Dr. Zarepour\Desktop\RL_IDS\Codes\experiments\MULTISEED\runs\drl\B1\ports\seed43\checkpoints)
2026-09-26 21:49:06 | B1    ports   seed43 | ep  6/31 | reward=60.0 | acc=0.617 | eps=0.381 | t=137.3s | cell ETA 57m12s (+eval)
2026-09-26 21:51:22 | B1    ports   seed43 | ep  7/31 | reward=174.0 | acc=0.840 | eps=0.136 | t=136.4s | cell ETA 54m44s (+eval)
2026-09-26 21:53:19 | B1    ports   seed43 | ep  8/31 | reward=200.0 | acc=0.891 | eps=0.050 | t=116.3s | cell ETA 49m50s (+eval)
2026-09-26 21:55:37 | B1    ports   seed43 | ep  9/31 | reward=204.0 | acc=0.898 | eps=0.050 | t=138.1s | cell ETA 48m24s (+eval)
2026-09-26 21:58:01 | B1    ports   seed43 | ep 10/31 | reward=216.0 | acc=0.922 | eps=0.050 | t=144.3s | cell ETA 47m04s (+eval)
2026-09-26 22:00:03 | B1    ports   seed43 | ep 11/31 | reward=222.0 | acc=0.934 | eps=0.050 | t=122.1s | cell ETA 44m08s (+eval)
2026-09-26 22:02:10 | B1    ports   seed43 | ep 12/31 | reward=224.0 | acc=0.938 | eps=0.050 | t=126.7s | cell ETA 41m40s (+eval)
2026-09-26 22:04:36 | B1    ports   seed43 | ep 13/31 | reward=218.0 | acc=0.926 | eps=0.050 | t=146.0s | cell ETA 40m01s (+eval)
2026-09-26 22:06:50 | B1    ports   seed43 | ep 14/31 | reward=232.0 | acc=0.953 | eps=0.050 | t=134.0s | cell ETA 37m48s (+eval)
2026-09-26 22:08:47 | B1    ports   seed43 | ep 15/31 | reward=212.0 | acc=0.914 | eps=0.050 | t=116.6s | cell ETA 35m08s (+eval)
2026-09-26 22:11:13 | B1    ports   seed43 | ep 16/31 | reward=210.0 | acc=0.910 | eps=0.050 | t=146.4s | cell ETA 33m16s (+eval)
2026-09-26 22:13:40 | B1    ports   seed43 | ep 17/31 | reward=232.0 | acc=0.953 | eps=0.050 | t=146.6s | cell ETA 31m19s (+eval)
2026-09-26 22:15:39 | B1    ports   seed43 | ep 18/31 | reward=208.0 | acc=0.906 | eps=0.050 | t=119.2s | cell ETA 28m49s (+eval)
2026-09-26 22:17:49 | B1    ports   seed43 | ep 19/31 | reward=220.0 | acc=0.930 | eps=0.050 | t=130.1s | cell ETA 26m34s (+eval)
2026-09-26 22:20:17 | B1    ports   seed43 | ep 20/31 | reward=222.0 | acc=0.934 | eps=0.050 | t=147.9s | cell ETA 24m32s (+eval)
2026-09-26 22:22:31 | B1    ports   seed43 | ep 21/31 | reward=200.0 | acc=0.891 | eps=0.050 | t=134.2s | cell ETA 22m18s (+eval)
2026-09-26 22:24:28 | B1    ports   seed43 | ep 22/31 | reward=224.0 | acc=0.938 | eps=0.050 | t=117.3s | cell ETA 19m56s (+eval)
2026-09-26 22:26:50 | B1    ports   seed43 | ep 23/31 | reward=218.0 | acc=0.926 | eps=0.050 | t=141.9s | cell ETA 17m47s (+eval)
2026-09-26 22:29:17 | B1    ports   seed43 | ep 24/31 | reward=232.0 | acc=0.953 | eps=0.050 | t=147.0s | cell ETA 15m38s (+eval)
2026-09-26 22:31:19 | B1    ports   seed43 | ep 25/31 | reward=208.0 | acc=0.906 | eps=0.050 | t=121.6s | cell ETA 13m21s (+eval)
2026-09-26 22:33:21 | B1    ports   seed43 | ep 26/31 | reward=228.0 | acc=0.945 | eps=0.050 | t=121.6s | cell ETA 11m04s (+eval)
2026-09-26 22:35:49 | B1    ports   seed43 | ep 27/31 | reward=234.0 | acc=0.957 | eps=0.050 | t=148.6s | cell ETA 8m54s (+eval)
2026-09-26 22:38:08 | B1    ports   seed43 | ep 28/31 | reward=210.0 | acc=0.910 | eps=0.050 | t=138.6s | cell ETA 6m41s (+eval)
2026-09-26 22:40:07 | B1    ports   seed43 | ep 29/31 | reward=214.0 | acc=0.918 | eps=0.050 | t=118.9s | cell ETA 4m26s (+eval)
2026-09-26 22:42:24 | B1    ports   seed43 | ep 30/31 | reward=218.0 | acc=0.926 | eps=0.050 | t=137.4s | cell ETA 2m13s (+eval)
2026-09-26 22:44:52 | B1    ports   seed43 | ep 31/31 | reward=222.0 | acc=0.934 | eps=0.050 | t=147.6s | cell ETA 0s (+eval)
2026-09-26 22:45:16 | B1    ports   seed43 | DONE in 58m30s | KT_F1=81.78 KT_AUC=85.06 | ZD weighted=95.40 macro=58.53
2026-09-26 22:45:28 | B2    ports   seed43 | START training
2026-09-26 22:47:24 | B2    ports   seed43 | ep  1/31 | reward=10.0 | acc=0.520 | eps=0.900 | t=114.0s | cell ETA 57m00s (+eval)
2026-09-26 22:49:25 | B2    ports   seed43 | ep  2/31 | reward=38.0 | acc=0.574 | eps=0.810 | t=120.5s | cell ETA 56m40s (+eval)
2026-09-26 22:51:52 | B2    ports   seed43 | ep  3/31 | reward=64.0 | acc=0.625 | eps=0.729 | t=146.9s | cell ETA 59m19s (+eval)
2026-09-26 22:54:06 | B2    ports   seed43 | ep  4/31 | reward=48.0 | acc=0.594 | eps=0.656 | t=133.8s | cell ETA 57m57s (+eval)
2026-09-26 22:55:59 | B2    ports   seed43 | ep  5/31 | reward=76.0 | acc=0.648 | eps=0.590 | t=113.2s | cell ETA 54m27s (+eval)
2026-09-26 22:58:11 | B2    ports   seed43 | ep  6/31 | reward=98.0 | acc=0.691 | eps=0.531 | t=132.3s | cell ETA 52m49s (+eval)
2026-09-26 23:00:31 | B2    ports   seed43 | ep  7/31 | reward=104.0 | acc=0.703 | eps=0.478 | t=140.3s | cell ETA 51m29s (+eval)
2026-09-26 23:02:39 | B2    ports   seed43 | ep  8/31 | reward=94.0 | acc=0.684 | eps=0.430 | t=127.1s | cell ETA 49m15s (+eval)
2026-09-26 23:04:34 | B2    ports   seed43 | ep  9/31 | reward=98.0 | acc=0.691 | eps=0.387 | t=115.2s | cell ETA 46m34s (+eval)
2026-09-26 23:06:54 | B2    ports   seed43 | ep 10/31 | reward=148.0 | acc=0.789 | eps=0.349 | t=139.7s | cell ETA 44m54s (+eval)
2026-09-26 23:09:15 | B2    ports   seed43 | ep 11/31 | reward=146.0 | acc=0.785 | eps=0.314 | t=141.0s | cell ETA 43m09s (+eval)
2026-09-26 23:11:16 | B2    ports   seed43 | ep 12/31 | reward=166.0 | acc=0.824 | eps=0.282 | t=121.3s | cell ETA 40m46s (+eval)
2026-09-26 23:13:18 | B2    ports   seed43 | ep 13/31 | reward=166.0 | acc=0.824 | eps=0.254 | t=121.7s | cell ETA 38m28s (+eval)
2026-09-26 23:15:41 | B2    ports   seed43 | ep 14/31 | reward=160.0 | acc=0.812 | eps=0.229 | t=142.9s | cell ETA 36m37s (+eval)
2026-09-26 23:17:59 | B2    ports   seed43 | ep 15/31 | reward=188.0 | acc=0.867 | eps=0.206 | t=138.8s | cell ETA 34m38s (+eval)
2026-09-26 23:19:58 | B2    ports   seed43 | ep 16/31 | reward=176.0 | acc=0.844 | eps=0.185 | t=118.2s | cell ETA 32m17s (+eval)
2026-09-26 23:22:15 | B2    ports   seed43 | ep 17/31 | reward=180.0 | acc=0.852 | eps=0.167 | t=137.6s | cell ETA 30m15s (+eval)
2026-09-26 23:24:42 | B2    ports   seed43 | ep 18/31 | reward=176.0 | acc=0.844 | eps=0.150 | t=146.5s | cell ETA 28m17s (+eval)
2026-09-26 23:26:43 | B2    ports   seed43 | ep 19/31 | reward=210.0 | acc=0.910 | eps=0.135 | t=121.1s | cell ETA 26m01s (+eval)
2026-09-26 23:28:48 | B2    ports   seed43 | ep 20/31 | reward=184.0 | acc=0.859 | eps=0.122 | t=125.4s | cell ETA 23m48s (+eval)
2026-09-26 23:31:13 | B2    ports   seed43 | ep 21/31 | reward=180.0 | acc=0.852 | eps=0.109 | t=144.8s | cell ETA 21m45s (+eval)
2026-09-26 23:33:26 | B2    ports   seed43 | ep 22/31 | reward=200.0 | acc=0.891 | eps=0.098 | t=133.3s | cell ETA 19m36s (+eval)
2026-09-26 23:35:22 | B2    ports   seed43 | ep 23/31 | reward=216.0 | acc=0.922 | eps=0.089 | t=116.1s | cell ETA 17m20s (+eval)
2026-09-26 23:37:43 | B2    ports   seed43 | ep 24/31 | reward=214.0 | acc=0.918 | eps=0.080 | t=140.7s | cell ETA 15m13s (+eval)
2026-09-26 23:40:07 | B2    ports   seed43 | ep 25/31 | reward=216.0 | acc=0.922 | eps=0.072 | t=143.3s | cell ETA 13m06s (+eval)
2026-09-26 23:42:04 | B2    ports   seed43 | ep 26/31 | reward=222.0 | acc=0.934 | eps=0.065 | t=117.9s | cell ETA 10m52s (+eval)
2026-09-26 23:44:13 | B2    ports   seed43 | ep 27/31 | reward=226.0 | acc=0.941 | eps=0.058 | t=128.7s | cell ETA 8m41s (+eval)
2026-09-26 23:46:38 | B2    ports   seed43 | ep 28/31 | reward=216.0 | acc=0.922 | eps=0.052 | t=144.7s | cell ETA 6m32s (+eval)
2026-09-26 23:48:52 | B2    ports   seed43 | ep 29/31 | reward=216.0 | acc=0.922 | eps=0.050 | t=133.7s | cell ETA 4m22s (+eval)
2026-09-26 23:50:50 | B2    ports   seed43 | ep 30/31 | reward=224.0 | acc=0.938 | eps=0.050 | t=118.0s | cell ETA 2m10s (+eval)
2026-09-26 23:53:06 | B2    ports   seed43 | ep 31/31 | reward=218.0 | acc=0.926 | eps=0.050 | t=136.5s | cell ETA 0s (+eval)
2026-09-26 23:53:30 | B2    ports   seed43 | DONE in 1h08m | KT_F1=78.82 KT_AUC=83.49 | ZD weighted=93.79 macro=46.13
2026-09-26 23:53:48 | B3    ports   seed43 | START training
2026-09-26 23:56:03 | B3    ports   seed43 | ep  1/31 | reward=10.0 | acc=0.520 | eps=0.900 | t=132.1s | cell ETA 1h06m (+eval)
2026-09-26 23:57:54 | B3    ports   seed43 | ep  2/31 | reward=38.0 | acc=0.574 | eps=0.810 | t=111.6s | cell ETA 58m53s (+eval)
2026-09-26 23:59:50 | B3    ports   seed43 | ep  3/31 | reward=64.0 | acc=0.625 | eps=0.729 | t=115.5s | cell ETA 55m52s (+eval)
2026-09-27 00:02:02 | B3    ports   seed43 | ep  4/31 | reward=48.0 | acc=0.594 | eps=0.656 | t=132.4s | cell ETA 55m18s (+eval)
2026-09-27 00:04:12 | B3    ports   seed43 | ep  5/31 | reward=76.0 | acc=0.648 | eps=0.590 | t=129.9s | cell ETA 53m51s (+eval)
2026-09-27 00:06:01 | B3    ports   seed43 | ep  6/31 | reward=96.0 | acc=0.688 | eps=0.531 | t=109.0s | cell ETA 50m43s (+eval)
2026-09-27 00:08:07 | B3    ports   seed43 | ep  7/31 | reward=104.0 | acc=0.703 | eps=0.478 | t=126.3s | cell ETA 48m57s (+eval)
2026-09-27 00:10:26 | B3    ports   seed43 | ep  8/31 | reward=94.0 | acc=0.684 | eps=0.430 | t=138.8s | cell ETA 47m42s (+eval)
2026-09-27 00:12:32 | B3    ports   seed43 | ep  9/31 | reward=100.0 | acc=0.695 | eps=0.387 | t=125.7s | cell ETA 45m40s (+eval)
2026-09-27 00:14:20 | B3    ports   seed43 | ep 10/31 | reward=146.0 | acc=0.785 | eps=0.349 | t=108.4s | cell ETA 43m02s (+eval)
2026-09-27 00:16:37 | B3    ports   seed43 | ep 11/31 | reward=146.0 | acc=0.785 | eps=0.314 | t=136.8s | cell ETA 41m24s (+eval)
2026-09-27 00:19:01 | B3    ports   seed43 | ep 12/31 | reward=164.0 | acc=0.820 | eps=0.282 | t=143.9s | cell ETA 39m51s (+eval)
2026-09-27 00:20:57 | B3    ports   seed43 | ep 13/31 | reward=170.0 | acc=0.832 | eps=0.254 | t=116.1s | cell ETA 37m32s (+eval)
2026-09-27 00:22:46 | B3    ports   seed43 | ep 14/31 | reward=160.0 | acc=0.812 | eps=0.229 | t=109.0s | cell ETA 35m07s (+eval)
2026-09-27 00:25:09 | B3    ports   seed43 | ep 15/31 | reward=188.0 | acc=0.867 | eps=0.206 | t=142.2s | cell ETA 33m22s (+eval)
2026-09-27 00:27:27 | B3    ports   seed43 | ep 16/31 | reward=178.0 | acc=0.848 | eps=0.185 | t=138.5s | cell ETA 31m30s (+eval)
2026-09-27 00:29:22 | B3    ports   seed43 | ep 17/31 | reward=192.0 | acc=0.875 | eps=0.167 | t=114.4s | cell ETA 29m14s (+eval)
2026-09-27 00:31:27 | B3    ports   seed43 | ep 18/31 | reward=176.0 | acc=0.844 | eps=0.150 | t=125.6s | cell ETA 27m09s (+eval)
2026-09-27 00:33:48 | B3    ports   seed43 | ep 19/31 | reward=210.0 | acc=0.910 | eps=0.135 | t=140.5s | cell ETA 25m13s (+eval)
2026-09-27 00:35:55 | B3    ports   seed43 | ep 20/31 | reward=186.0 | acc=0.863 | eps=0.122 | t=127.7s | cell ETA 23m08s (+eval)
2026-09-27 00:37:45 | B3    ports   seed43 | ep 21/31 | reward=182.0 | acc=0.855 | eps=0.109 | t=109.1s | cell ETA 20m54s (+eval)
2026-09-27 00:40:00 | B3    ports   seed43 | ep 22/31 | reward=200.0 | acc=0.891 | eps=0.098 | t=135.2s | cell ETA 18m52s (+eval)
2026-09-27 00:42:22 | B3    ports   seed43 | ep 23/31 | reward=218.0 | acc=0.926 | eps=0.089 | t=142.0s | cell ETA 16m52s (+eval)
2026-09-27 00:44:18 | B3    ports   seed43 | ep 24/31 | reward=214.0 | acc=0.918 | eps=0.080 | t=116.4s | cell ETA 14m42s (+eval)
2026-09-27 00:46:19 | B3    ports   seed43 | ep 25/31 | reward=214.0 | acc=0.918 | eps=0.072 | t=120.6s | cell ETA 12m35s (+eval)
2026-09-27 00:48:40 | B3    ports   seed43 | ep 26/31 | reward=218.0 | acc=0.926 | eps=0.065 | t=141.7s | cell ETA 10m32s (+eval)
2026-09-27 00:50:54 | B3    ports   seed43 | ep 27/31 | reward=224.0 | acc=0.938 | eps=0.058 | t=133.7s | cell ETA 8m27s (+eval)
2026-09-27 00:52:53 | B3    ports   seed43 | ep 28/31 | reward=216.0 | acc=0.922 | eps=0.052 | t=118.5s | cell ETA 6m19s (+eval)
2026-09-27 00:55:20 | B3    ports   seed43 | ep 29/31 | reward=214.0 | acc=0.918 | eps=0.050 | t=147.6s | cell ETA 4m14s (+eval)
2026-09-27 00:57:47 | B3    ports   seed43 | ep 30/31 | reward=224.0 | acc=0.938 | eps=0.050 | t=146.4s | cell ETA 2m07s (+eval)
2026-09-27 00:59:49 | B3    ports   seed43 | ep 31/31 | reward=212.0 | acc=0.914 | eps=0.050 | t=122.0s | cell ETA 0s (+eval)
2026-09-27 01:00:11 | B3    ports   seed43 | DONE in 1h06m | KT_F1=78.14 KT_AUC=87.23 | ZD weighted=83.22 macro=42.44
2026-09-27 01:00:20 | B4    ports   seed43 | START training
2026-09-27 01:02:23 | B4    ports   seed43 | ep  1/31 | Reward:    10.0 | Acc: 0.520 | Eps: 1.0000->0.9000 | t: 121.1s | cell ETA 1h00m (+eval)
2026-09-27 01:04:43 | B4    ports   seed43 | ep  2/31 | Reward:    38.0 | Acc: 0.574 | Eps: 0.9000->0.8100 | t: 140.4s | cell ETA 1h03m (+eval)
2026-09-27 01:06:56 | B4    ports   seed43 | ep  3/31 | Reward:    62.0 | Acc: 0.621 | Eps: 0.8100->0.7290 | t: 132.3s | cell ETA 1h01m (+eval)
2026-09-27 01:08:48 | B4    ports   seed43 | ep  4/31 | Reward:    54.0 | Acc: 0.605 | Eps: 0.7290->0.6561 | t: 112.6s | cell ETA 56m58s (+eval)
2026-09-27 01:10:57 | B4    ports   seed43 | ep  5/31 | Reward:    74.0 | Acc: 0.645 | Eps: 0.6561->0.5905 | t: 129.3s | cell ETA 55m05s (+eval)
2026-09-27 01:13:18 | B4    ports   seed43 | ep  6/31 | Reward:    98.0 | Acc: 0.691 | Eps: 0.5905->0.5314 | t: 140.2s | cell ETA 53m52s (+eval)
2026-09-27 01:15:23 | B4    ports   seed43 | ep  7/31 | Reward:   108.0 | Acc: 0.711 | Eps: 0.5314->0.4783 | t: 125.5s | cell ETA 51m30s (+eval)
2026-09-27 01:17:19 | B4    ports   seed43 | ep  8/31 | Reward:    94.0 | Acc: 0.684 | Eps: 0.4783->0.4305 | t: 115.6s | cell ETA 48m43s (+eval)
2026-09-27 01:19:42 | B4    ports   seed43 | ep  9/31 | Reward:   104.0 | Acc: 0.703 | Eps: 0.4305->0.3874 | t: 143.3s | cell ETA 47m16s (+eval)
2026-09-27 01:22:02 | B4    ports   seed43 | ep 10/31 | Reward:   150.0 | Acc: 0.793 | Eps: 0.3874->0.3487 | t: 139.5s | cell ETA 45m29s (+eval)
2026-09-27 01:23:54 | B4    ports   seed43 | ep 11/31 | Reward:   154.0 | Acc: 0.801 | Eps: 0.3487->0.3138 | t: 112.0s | cell ETA 42m46s (+eval)
2026-09-27 01:25:45 | B4    ports   seed43 | ep 12/31 | Reward:   166.0 | Acc: 0.824 | Eps: 0.3138->0.2824 | t: 110.7s | cell ETA 40m10s (+eval)
2026-09-27 01:27:39 | B4    ports   seed43 | ep 13/31 | Reward:   172.0 | Acc: 0.836 | Eps: 0.2824->0.2542 | t: 114.6s | cell ETA 37m46s (+eval)
2026-09-27 01:29:34 | B4    ports   seed43 | ep 14/31 | Reward:   160.0 | Acc: 0.812 | Eps: 0.2542->0.2288 | t: 115.1s | cell ETA 35m27s (+eval)
2026-09-27 01:31:25 | B4    ports   seed43 | ep 15/31 | Reward:   190.0 | Acc: 0.871 | Eps: 0.2288->0.2059 | t: 111.2s | cell ETA 33m07s (+eval)
2026-09-27 01:33:14 | B4    ports   seed43 | ep 16/31 | Reward:   186.0 | Acc: 0.863 | Eps: 0.2059->0.1853 | t: 109.0s | cell ETA 30m49s (+eval)
2026-09-27 01:35:02 | B4    ports   seed43 | ep 17/31 | Reward:   194.0 | Acc: 0.879 | Eps: 0.1853->0.1668 | t: 107.3s | cell ETA 28m32s (+eval)
2026-09-27 01:36:47 | B4    ports   seed43 | ep 18/31 | Reward:   178.0 | Acc: 0.848 | Eps: 0.1668->0.1501 | t: 105.7s | cell ETA 26m18s (+eval)
2026-09-27 01:38:35 | B4    ports   seed43 | ep 19/31 | Reward:   208.0 | Acc: 0.906 | Eps: 0.1501->0.1351 | t: 107.9s | cell ETA 24m08s (+eval)
2026-09-27 01:40:26 | B4    ports   seed43 | ep 20/31 | Reward:   186.0 | Acc: 0.863 | Eps: 0.1351->0.1216 | t: 110.2s | cell ETA 22m01s (+eval)
2026-09-27 01:42:08 | B4    ports   seed43 | ep 21/31 | Reward:   186.0 | Acc: 0.863 | Eps: 0.1216->0.1094 | t: 102.8s | cell ETA 19m53s (+eval)
2026-09-27 01:43:56 | B4    ports   seed43 | ep 22/31 | Reward:   206.0 | Acc: 0.902 | Eps: 0.1094->0.0985 | t: 107.5s | cell ETA 17m49s (+eval)
2026-09-27 01:45:40 | B4    ports   seed43 | ep 23/31 | Reward:   226.0 | Acc: 0.941 | Eps: 0.0985->0.0886 | t: 104.4s | cell ETA 15m45s (+eval)
2026-09-27 01:47:24 | B4    ports   seed43 | ep 24/31 | Reward:   218.0 | Acc: 0.926 | Eps: 0.0886->0.0798 | t: 103.7s | cell ETA 13m43s (+eval)
2026-09-27 01:49:10 | B4    ports   seed43 | ep 25/31 | Reward:   226.0 | Acc: 0.941 | Eps: 0.0798->0.0718 | t: 106.2s | cell ETA 11m42s (+eval)
2026-09-27 01:50:57 | B4    ports   seed43 | ep 26/31 | Reward:   226.0 | Acc: 0.941 | Eps: 0.0718->0.0646 | t: 106.9s | cell ETA 9m43s (+eval)
2026-09-27 01:52:44 | B4    ports   seed43 | ep 27/31 | Reward:   218.0 | Acc: 0.926 | Eps: 0.0646->0.0581 | t: 106.7s | cell ETA 7m45s (+eval)
2026-09-27 01:54:27 | B4    ports   seed43 | ep 28/31 | Reward:   230.0 | Acc: 0.949 | Eps: 0.0581->0.0523 | t: 103.0s | cell ETA 5m47s (+eval)
2026-09-27 01:56:16 | B4    ports   seed43 | ep 29/31 | Reward:   220.0 | Acc: 0.930 | Eps: 0.0523->0.0500 | t: 108.7s | cell ETA 3m51s (+eval)
2026-09-27 01:58:05 | B4    ports   seed43 | ep 30/31 | Reward:   226.0 | Acc: 0.941 | Eps: 0.0500->0.0500 | t: 109.4s | cell ETA 1m55s (+eval)
2026-09-27 02:00:02 | B4    ports   seed43 | ep 31/31 | Reward:   218.0 | Acc: 0.926 | Eps: 0.0500->0.0500 | t: 116.9s | cell ETA 0s (+eval)
2026-09-27 02:00:24 | B4    ports   seed43 | DONE in 1h00m | KT_F1=84.59 KT_AUC=89.63 | ZD weighted=96.07 macro=65.36
2026-09-27 02:00:33 | B5    ports   seed43 | START training
2026-09-27 02:02:23 | B5    ports   seed43 | ep  1/31 | Reward:  -357.0 | Acc: 0.520 | Eps: 1.0000->0.9000 | t: 108.2s | cell ETA 54m06s (+eval)
2026-09-27 02:04:08 | B5    ports   seed43 | ep  2/31 | Reward:  -131.0 | Acc: 0.578 | Eps: 0.9000->0.8100 | t: 105.1s | cell ETA 51m32s (+eval)
2026-09-27 02:05:55 | B5    ports   seed43 | ep  3/31 | Reward:  -119.0 | Acc: 0.617 | Eps: 0.8100->0.7290 | t: 107.1s | cell ETA 49m50s (+eval)
2026-09-27 02:07:46 | B5    ports   seed43 | ep  4/31 | Reward:  -153.0 | Acc: 0.590 | Eps: 0.7290->0.6561 | t: 110.9s | cell ETA 48m31s (+eval)
2026-09-27 02:09:37 | B5    ports   seed43 | ep  5/31 | Reward:    13.0 | Acc: 0.652 | Eps: 0.6561->0.5905 | t: 111.0s | cell ETA 46m59s (+eval)
2026-09-27 02:11:29 | B5    ports   seed43 | ep  6/31 | Reward:    78.0 | Acc: 0.688 | Eps: 0.5905->0.5314 | t: 111.7s | cell ETA 45m25s (+eval)
2026-09-27 02:13:21 | B5    ports   seed43 | ep  7/31 | Reward:   121.0 | Acc: 0.703 | Eps: 0.5314->0.4783 | t: 112.5s | cell ETA 43m48s (+eval)
2026-09-27 02:15:15 | B5    ports   seed43 | ep  8/31 | Reward:    32.0 | Acc: 0.680 | Eps: 0.4783->0.4305 | t: 113.3s | cell ETA 42m09s (+eval)
2026-09-27 02:17:09 | B5    ports   seed43 | ep  9/31 | Reward:   -24.0 | Acc: 0.672 | Eps: 0.4305->0.3874 | t: 114.2s | cell ETA 40m29s (+eval)
2026-09-27 02:19:03 | B5    ports   seed43 | ep 10/31 | Reward:   231.0 | Acc: 0.773 | Eps: 0.3874->0.3487 | t: 114.4s | cell ETA 38m47s (+eval)
2026-09-27 02:20:58 | B5    ports   seed43 | ep 11/31 | Reward:   350.0 | Acc: 0.777 | Eps: 0.3487->0.3138 | t: 114.4s | cell ETA 37m03s (+eval)
2026-09-27 02:22:53 | B5    ports   seed43 | ep 12/31 | Reward:   382.0 | Acc: 0.809 | Eps: 0.3138->0.2824 | t: 114.9s | cell ETA 35m18s (+eval)
2026-09-27 02:24:46 | B5    ports   seed43 | ep 13/31 | Reward:   428.0 | Acc: 0.824 | Eps: 0.2824->0.2542 | t: 113.4s | cell ETA 33m29s (+eval)
2026-09-27 02:26:40 | B5    ports   seed43 | ep 14/31 | Reward:   373.0 | Acc: 0.801 | Eps: 0.2542->0.2288 | t: 114.4s | cell ETA 31m40s (+eval)
2026-09-27 02:28:35 | B5    ports   seed43 | ep 15/31 | Reward:   447.0 | Acc: 0.840 | Eps: 0.2288->0.2059 | t: 114.6s | cell ETA 29m52s (+eval)
2026-09-27 02:30:31 | B5    ports   seed43 | ep 16/31 | Reward:   472.0 | Acc: 0.840 | Eps: 0.2059->0.1853 | t: 116.4s | cell ETA 28m04s (+eval)
2026-09-27 02:32:27 | B5    ports   seed43 | ep 17/31 | Reward:   472.0 | Acc: 0.840 | Eps: 0.1853->0.1668 | t: 115.8s | cell ETA 26m14s (+eval)
2026-09-27 02:34:23 | B5    ports   seed43 | ep 18/31 | Reward:   370.0 | Acc: 0.828 | Eps: 0.1668->0.1501 | t: 116.1s | cell ETA 24m24s (+eval)
2026-09-27 02:36:11 | B5    ports   seed43 | ep 19/31 | Reward:   542.0 | Acc: 0.871 | Eps: 0.1501->0.1351 | t: 107.9s | cell ETA 22m29s (+eval)
2026-09-27 02:38:02 | B5    ports   seed43 | ep 20/31 | Reward:   362.0 | Acc: 0.824 | Eps: 0.1351->0.1216 | t: 110.4s | cell ETA 20m35s (+eval)
2026-09-27 02:39:53 | B5    ports   seed43 | ep 21/31 | Reward:   436.0 | Acc: 0.848 | Eps: 0.1216->0.1094 | t: 111.3s | cell ETA 18m42s (+eval)
2026-09-27 02:41:44 | B5    ports   seed43 | ep 22/31 | Reward:   601.0 | Acc: 0.887 | Eps: 0.1094->0.0985 | t: 110.9s | cell ETA 16m50s (+eval)
2026-09-27 02:43:34 | B5    ports   seed43 | ep 23/31 | Reward:   606.0 | Acc: 0.910 | Eps: 0.0985->0.0886 | t: 110.6s | cell ETA 14m57s (+eval)
2026-09-27 02:45:30 | B5    ports   seed43 | ep 24/31 | Reward:   643.0 | Acc: 0.906 | Eps: 0.0886->0.0798 | t: 115.6s | cell ETA 13m06s (+eval)
2026-09-27 02:47:24 | B5    ports   seed43 | ep 25/31 | Reward:   561.0 | Acc: 0.906 | Eps: 0.0798->0.0718 | t: 114.2s | cell ETA 11m14s (+eval)
2026-09-27 02:49:10 | B5    ports   seed43 | ep 26/31 | Reward:   671.0 | Acc: 0.926 | Eps: 0.0718->0.0646 | t: 105.5s | cell ETA 9m20s (+eval)
2026-09-27 02:51:02 | B5    ports   seed43 | ep 27/31 | Reward:   713.0 | Acc: 0.922 | Eps: 0.0646->0.0581 | t: 111.8s | cell ETA 7m28s (+eval)
2026-09-27 02:52:58 | B5    ports   seed43 | ep 28/31 | Reward:   620.0 | Acc: 0.914 | Eps: 0.0581->0.0523 | t: 115.9s | cell ETA 5m36s (+eval)
2026-09-27 02:54:44 | B5    ports   seed43 | ep 29/31 | Reward:   581.0 | Acc: 0.898 | Eps: 0.0523->0.0500 | t: 106.1s | cell ETA 3m44s (+eval)
2026-09-27 02:56:29 | B5    ports   seed43 | ep 30/31 | Reward:   648.0 | Acc: 0.930 | Eps: 0.0500->0.0500 | t: 105.7s | cell ETA 1m51s (+eval)
2026-09-27 02:58:26 | B5    ports   seed43 | ep 31/31 | Reward:   568.0 | Acc: 0.895 | Eps: 0.0500->0.0500 | t: 116.4s | cell ETA 0s (+eval)
2026-09-27 02:58:48 | B5    ports   seed43 | DONE in 58m15s | KT_F1=71.45 KT_AUC=66.10 | ZD weighted=93.76 macro=40.86
2026-09-27 02:58:56 | B6    ports   seed43 | START training
2026-09-27 03:00:44 | B6    ports   seed43 | ep  1/31 | Reward:    10.0 | Acc: 0.520 | Eps: 1.0000->0.9000 | t: 104.2s | cell ETA 52m06s (+eval)
2026-09-27 03:02:28 | B6    ports   seed43 | ep  2/31 | Reward:    38.0 | Acc: 0.574 | Eps: 0.9000->0.8100 | t: 104.4s | cell ETA 50m24s (+eval)
2026-09-27 03:04:14 | B6    ports   seed43 | ep  3/31 | Reward:    62.0 | Acc: 0.621 | Eps: 0.8100->0.7290 | t: 105.8s | cell ETA 48m54s (+eval)
2026-09-27 03:06:00 | B6    ports   seed43 | ep  4/31 | Reward:    54.0 | Acc: 0.605 | Eps: 0.7290->0.6561 | t: 106.2s | cell ETA 47m19s (+eval)
2026-09-27 03:07:50 | B6    ports   seed43 | ep  5/31 | Reward:    78.0 | Acc: 0.652 | Eps: 0.6561->0.5905 | t: 110.1s | cell ETA 45m59s (+eval)
2026-09-27 03:09:41 | B6    ports   seed43 | ep  6/31 | Reward:    98.0 | Acc: 0.691 | Eps: 0.5905->0.5314 | t: 111.2s | cell ETA 44m34s (+eval)
2026-09-27 03:11:32 | B6    ports   seed43 | ep  7/31 | Reward:   104.0 | Acc: 0.703 | Eps: 0.5314->0.4783 | t: 110.7s | cell ETA 43m00s (+eval)
2026-09-27 03:13:24 | B6    ports   seed43 | ep  8/31 | Reward:    94.0 | Acc: 0.684 | Eps: 0.4783->0.4305 | t: 111.9s | cell ETA 41m25s (+eval)
2026-09-27 03:15:17 | B6    ports   seed43 | ep  9/31 | Reward:   108.0 | Acc: 0.711 | Eps: 0.4305->0.3874 | t: 113.1s | cell ETA 39m49s (+eval)
2026-09-27 03:17:11 | B6    ports   seed43 | ep 10/31 | Reward:   148.0 | Acc: 0.789 | Eps: 0.3874->0.3487 | t: 114.3s | cell ETA 38m12s (+eval)
2026-09-27 03:19:06 | B6    ports   seed43 | ep 11/31 | Reward:   148.0 | Acc: 0.789 | Eps: 0.3487->0.3138 | t: 114.1s | cell ETA 36m32s (+eval)
2026-09-27 03:21:00 | B6    ports   seed43 | ep 12/31 | Reward:   172.0 | Acc: 0.836 | Eps: 0.3138->0.2824 | t: 114.2s | cell ETA 34m50s (+eval)
2026-09-27 03:22:53 | B6    ports   seed43 | ep 13/31 | Reward:   174.0 | Acc: 0.840 | Eps: 0.2824->0.2542 | t: 113.7s | cell ETA 33m05s (+eval)
2026-09-27 03:24:48 | B6    ports   seed43 | ep 14/31 | Reward:   156.0 | Acc: 0.805 | Eps: 0.2542->0.2288 | t: 114.9s | cell ETA 31m20s (+eval)
2026-09-27 03:26:43 | B6    ports   seed43 | ep 15/31 | Reward:   190.0 | Acc: 0.871 | Eps: 0.2288->0.2059 | t: 114.6s | cell ETA 29m34s (+eval)
2026-09-27 03:28:38 | B6    ports   seed43 | ep 16/31 | Reward:   188.0 | Acc: 0.867 | Eps: 0.2059->0.1853 | t: 114.8s | cell ETA 27m47s (+eval)
2026-09-27 03:30:32 | B6    ports   seed43 | ep 17/31 | Reward:   194.0 | Acc: 0.879 | Eps: 0.1853->0.1668 | t: 113.8s | cell ETA 25m58s (+eval)
2026-09-27 03:32:26 | B6    ports   seed43 | ep 18/31 | Reward:   178.0 | Acc: 0.848 | Eps: 0.1668->0.1501 | t: 113.8s | cell ETA 24m08s (+eval)
2026-09-27 03:34:22 | B6    ports   seed43 | ep 19/31 | Reward:   206.0 | Acc: 0.902 | Eps: 0.1501->0.1351 | t: 116.4s | cell ETA 22m20s (+eval)
2026-09-27 03:36:16 | B6    ports   seed43 | ep 20/31 | Reward:   196.0 | Acc: 0.883 | Eps: 0.1351->0.1216 | t: 114.4s | cell ETA 20m30s (+eval)
2026-09-27 03:38:11 | B6    ports   seed43 | ep 21/31 | Reward:   182.0 | Acc: 0.855 | Eps: 0.1216->0.1094 | t: 114.9s | cell ETA 18m39s (+eval)
2026-09-27 03:40:08 | B6    ports   seed43 | ep 22/31 | Reward:   214.0 | Acc: 0.918 | Eps: 0.1094->0.0985 | t: 116.5s | cell ETA 16m49s (+eval)
2026-09-27 03:42:03 | B6    ports   seed43 | ep 23/31 | Reward:   224.0 | Acc: 0.938 | Eps: 0.0985->0.0886 | t: 115.7s | cell ETA 14m58s (+eval)
2026-09-27 03:44:01 | B6    ports   seed43 | ep 24/31 | Reward:   216.0 | Acc: 0.922 | Eps: 0.0886->0.0798 | t: 117.5s | cell ETA 13m07s (+eval)
2026-09-27 03:45:58 | B6    ports   seed43 | ep 25/31 | Reward:   228.0 | Acc: 0.945 | Eps: 0.0798->0.0718 | t: 117.4s | cell ETA 11m16s (+eval)
2026-09-27 03:47:56 | B6    ports   seed43 | ep 26/31 | Reward:   230.0 | Acc: 0.949 | Eps: 0.0718->0.0646 | t: 117.0s | cell ETA 9m24s (+eval)
2026-09-27 03:49:46 | B6    ports   seed43 | ep 27/31 | Reward:   222.0 | Acc: 0.934 | Eps: 0.0646->0.0581 | t: 110.1s | cell ETA 7m31s (+eval)
2026-09-27 03:51:38 | B6    ports   seed43 | ep 28/31 | Reward:   234.0 | Acc: 0.957 | Eps: 0.0581->0.0523 | t: 111.9s | cell ETA 5m38s (+eval)
2026-09-27 03:53:31 | B6    ports   seed43 | ep 29/31 | Reward:   222.0 | Acc: 0.934 | Eps: 0.0523->0.0500 | t: 113.8s | cell ETA 3m45s (+eval)
2026-09-27 03:55:24 | B6    ports   seed43 | ep 30/31 | Reward:   234.0 | Acc: 0.957 | Eps: 0.0500->0.0500 | t: 112.2s | cell ETA 1m52s (+eval)
2026-09-27 03:57:15 | B6    ports   seed43 | ep 31/31 | Reward:   224.0 | Acc: 0.938 | Eps: 0.0500->0.0500 | t: 111.6s | cell ETA 0s (+eval)
2026-09-27 03:57:37 | B6    ports   seed43 | DONE in 58m40s | KT_F1=86.88 KT_AUC=88.27 | ZD weighted=92.06 macro=50.78
2026-09-27 03:57:46 | B7    ports   seed43 | START training
2026-09-27 03:59:36 | B7    ports   seed43 | ep  1/31 | Reward:    -6.0 | Acc: 0.488 | Eps: 1.0000->0.9000 | t: 105.7s | cell ETA 52m51s (+eval)
2026-09-27 04:01:23 | B7    ports   seed43 | ep  2/31 | Reward:    26.0 | Acc: 0.551 | Eps: 0.9000->0.8100 | t: 107.5s | cell ETA 51m31s (+eval)
2026-09-27 04:03:10 | B7    ports   seed43 | ep  3/31 | Reward:    40.0 | Acc: 0.578 | Eps: 0.8100->0.7290 | t: 106.9s | cell ETA 49m47s (+eval)
2026-09-27 04:04:59 | B7    ports   seed43 | ep  4/31 | Reward:    34.0 | Acc: 0.566 | Eps: 0.7290->0.6561 | t: 108.6s | cell ETA 48m13s (+eval)
2026-09-27 04:06:50 | B7    ports   seed43 | ep  5/31 | Reward:    78.0 | Acc: 0.652 | Eps: 0.6561->0.5905 | t: 111.0s | cell ETA 46m46s (+eval)
2026-09-27 04:08:36 | B7    ports   seed43 | ep  6/31 | Reward:    80.0 | Acc: 0.656 | Eps: 0.5905->0.5314 | t: 106.5s | cell ETA 44m52s (+eval)
2026-09-27 04:10:26 | B7    ports   seed43 | ep  7/31 | Reward:    90.0 | Acc: 0.676 | Eps: 0.5314->0.4783 | t: 110.2s | cell ETA 43m13s (+eval)
2026-09-27 04:12:14 | B7    ports   seed43 | ep  8/31 | Reward:    82.0 | Acc: 0.660 | Eps: 0.4783->0.4305 | t: 107.2s | cell ETA 41m22s (+eval)
2026-09-27 04:14:04 | B7    ports   seed43 | ep  9/31 | Reward:   104.0 | Acc: 0.703 | Eps: 0.4305->0.3874 | t: 110.0s | cell ETA 39m39s (+eval)
2026-09-27 04:15:52 | B7    ports   seed43 | ep 10/31 | Reward:   102.0 | Acc: 0.699 | Eps: 0.3874->0.3487 | t: 108.1s | cell ETA 37m51s (+eval)
2026-09-27 04:17:42 | B7    ports   seed43 | ep 11/31 | Reward:   104.0 | Acc: 0.703 | Eps: 0.3487->0.3138 | t: 110.6s | cell ETA 36m07s (+eval)
2026-09-27 04:19:35 | B7    ports   seed43 | ep 12/31 | Reward:   134.0 | Acc: 0.762 | Eps: 0.3138->0.2824 | t: 112.7s | cell ETA 34m26s (+eval)
2026-09-27 04:21:24 | B7    ports   seed43 | ep 13/31 | Reward:   140.0 | Acc: 0.773 | Eps: 0.2824->0.2542 | t: 109.0s | cell ETA 32m37s (+eval)
2026-09-27 04:23:15 | B7    ports   seed43 | ep 14/31 | Reward:   146.0 | Acc: 0.785 | Eps: 0.2542->0.2288 | t: 111.0s | cell ETA 30m51s (+eval)
2026-09-27 04:25:09 | B7    ports   seed43 | ep 15/31 | Reward:   144.0 | Acc: 0.781 | Eps: 0.2288->0.2059 | t: 114.2s | cell ETA 29m08s (+eval)
2026-09-27 04:27:03 | B7    ports   seed43 | ep 16/31 | Reward:   168.0 | Acc: 0.828 | Eps: 0.2059->0.1853 | t: 113.8s | cell ETA 27m23s (+eval)
2026-09-27 04:28:55 | B7    ports   seed43 | ep 17/31 | Reward:   152.0 | Acc: 0.797 | Eps: 0.1853->0.1668 | t: 111.7s | cell ETA 25m35s (+eval)
2026-09-27 04:30:48 | B7    ports   seed43 | ep 18/31 | Reward:   142.0 | Acc: 0.777 | Eps: 0.1668->0.1501 | t: 112.7s | cell ETA 23m48s (+eval)
2026-09-27 04:32:39 | B7    ports   seed43 | ep 19/31 | Reward:   190.0 | Acc: 0.871 | Eps: 0.1501->0.1351 | t: 111.2s | cell ETA 21m59s (+eval)
2026-09-27 04:34:30 | B7    ports   seed43 | ep 20/31 | Reward:   168.0 | Acc: 0.828 | Eps: 0.1351->0.1216 | t: 110.6s | cell ETA 20m09s (+eval)
2026-09-27 04:36:23 | B7    ports   seed43 | ep 21/31 | Reward:   172.0 | Acc: 0.836 | Eps: 0.1216->0.1094 | t: 113.8s | cell ETA 18m21s (+eval)
2026-09-27 04:38:15 | B7    ports   seed43 | ep 22/31 | Reward:   168.0 | Acc: 0.828 | Eps: 0.1094->0.0985 | t: 111.4s | cell ETA 16m31s (+eval)
2026-09-27 04:40:10 | B7    ports   seed43 | ep 23/31 | Reward:   194.0 | Acc: 0.879 | Eps: 0.0985->0.0886 | t: 115.1s | cell ETA 14m43s (+eval)
2026-09-27 04:41:57 | B7    ports   seed43 | ep 24/31 | Reward:   180.0 | Acc: 0.852 | Eps: 0.0886->0.0798 | t: 107.4s | cell ETA 12m52s (+eval)
2026-09-27 04:43:47 | B7    ports   seed43 | ep 25/31 | Reward:   194.0 | Acc: 0.879 | Eps: 0.0798->0.0718 | t: 109.3s | cell ETA 11m01s (+eval)
2026-09-27 04:45:35 | B7    ports   seed43 | ep 26/31 | Reward:   190.0 | Acc: 0.871 | Eps: 0.0718->0.0646 | t: 108.0s | cell ETA 9m10s (+eval)
2026-09-27 04:47:29 | B7    ports   seed43 | ep 27/31 | Reward:   174.0 | Acc: 0.840 | Eps: 0.0646->0.0581 | t: 114.6s | cell ETA 7m21s (+eval)
2026-09-27 04:49:21 | B7    ports   seed43 | ep 28/31 | Reward:   192.0 | Acc: 0.875 | Eps: 0.0581->0.0523 | t: 111.9s | cell ETA 5m31s (+eval)
2026-09-27 04:51:10 | B7    ports   seed43 | ep 29/31 | Reward:   198.0 | Acc: 0.887 | Eps: 0.0523->0.0500 | t: 108.5s | cell ETA 3m40s (+eval)
2026-09-27 04:52:59 | B7    ports   seed43 | ep 30/31 | Reward:   202.0 | Acc: 0.895 | Eps: 0.0500->0.0500 | t: 109.3s | cell ETA 1m50s (+eval)
2026-09-27 04:54:47 | B7    ports   seed43 | ep 31/31 | Reward:   186.0 | Acc: 0.863 | Eps: 0.0500->0.0500 | t: 107.8s | cell ETA 0s (+eval)
2026-09-27 04:55:08 | B7    ports   seed43 | DONE in 57m21s | KT_F1=79.08 KT_AUC=94.49 | ZD weighted=99.00 macro=69.00
2026-09-27 04:55:16 | B8    ports   seed43 | START training
2026-09-27 04:57:04 | B8    ports   seed43 | ep  1/31 | Reward:    -6.0 | Acc: 0.488 | Eps: 1.0000->0.9000 | t: 104.3s | cell ETA 52m09s (+eval)
2026-09-27 04:58:53 | B8    ports   seed43 | ep  2/31 | Reward:    26.0 | Acc: 0.551 | Eps: 0.9000->0.8100 | t: 108.3s | cell ETA 51m22s (+eval)
2026-09-27 05:00:43 | B8    ports   seed43 | ep  3/31 | Reward:    60.0 | Acc: 0.617 | Eps: 0.8100->0.7290 | t: 109.9s | cell ETA 50m10s (+eval)
2026-09-27 05:02:33 | B8    ports   seed43 | ep  4/31 | Reward:    44.0 | Acc: 0.586 | Eps: 0.7290->0.6561 | t: 110.7s | cell ETA 48m44s (+eval)
2026-09-27 05:04:24 | B8    ports   seed43 | ep  5/31 | Reward:    72.0 | Acc: 0.641 | Eps: 0.6561->0.5905 | t: 110.8s | cell ETA 47m08s (+eval)
2026-09-27 05:06:14 | B8    ports   seed43 | ep  6/31 | Reward:    86.0 | Acc: 0.668 | Eps: 0.5905->0.5314 | t: 109.4s | cell ETA 45m22s (+eval)
2026-09-27 05:08:00 | B8    ports   seed43 | ep  7/31 | Reward:    96.0 | Acc: 0.688 | Eps: 0.5314->0.4783 | t: 106.7s | cell ETA 43m26s (+eval)
2026-09-27 05:09:51 | B8    ports   seed43 | ep  8/31 | Reward:    90.0 | Acc: 0.676 | Eps: 0.4783->0.4305 | t: 110.6s | cell ETA 41m43s (+eval)
2026-09-27 05:11:44 | B8    ports   seed43 | ep  9/31 | Reward:   132.0 | Acc: 0.758 | Eps: 0.4305->0.3874 | t: 113.6s | cell ETA 40m06s (+eval)
2026-09-27 05:13:38 | B8    ports   seed43 | ep 10/31 | Reward:   116.0 | Acc: 0.727 | Eps: 0.3874->0.3487 | t: 113.8s | cell ETA 38m26s (+eval)
2026-09-27 05:15:30 | B8    ports   seed43 | ep 11/31 | Reward:   106.0 | Acc: 0.707 | Eps: 0.3487->0.3138 | t: 111.5s | cell ETA 36m39s (+eval)
2026-09-27 05:17:20 | B8    ports   seed43 | ep 12/31 | Reward:   126.0 | Acc: 0.746 | Eps: 0.3138->0.2824 | t: 110.5s | cell ETA 34m50s (+eval)
2026-09-27 05:19:16 | B8    ports   seed43 | ep 13/31 | Reward:   134.0 | Acc: 0.762 | Eps: 0.2824->0.2542 | t: 115.7s | cell ETA 33m08s (+eval)
2026-09-27 05:21:10 | B8    ports   seed43 | ep 14/31 | Reward:   146.0 | Acc: 0.785 | Eps: 0.2542->0.2288 | t: 114.0s | cell ETA 31m21s (+eval)
2026-09-27 05:22:58 | B8    ports   seed43 | ep 15/31 | Reward:   146.0 | Acc: 0.785 | Eps: 0.2288->0.2059 | t: 108.2s | cell ETA 29m28s (+eval)
2026-09-27 05:24:48 | B8    ports   seed43 | ep 16/31 | Reward:   176.0 | Acc: 0.844 | Eps: 0.2059->0.1853 | t: 109.2s | cell ETA 27m36s (+eval)
2026-09-27 05:26:41 | B8    ports   seed43 | ep 17/31 | Reward:   160.0 | Acc: 0.812 | Eps: 0.1853->0.1668 | t: 113.7s | cell ETA 25m48s (+eval)
2026-09-27 05:28:32 | B8    ports   seed43 | ep 18/31 | Reward:   166.0 | Acc: 0.824 | Eps: 0.1668->0.1501 | t: 111.1s | cell ETA 23m58s (+eval)
2026-09-27 05:30:21 | B8    ports   seed43 | ep 19/31 | Reward:   182.0 | Acc: 0.855 | Eps: 0.1501->0.1351 | t: 109.0s | cell ETA 22m06s (+eval)
2026-09-27 05:32:10 | B8    ports   seed43 | ep 20/31 | Reward:   174.0 | Acc: 0.840 | Eps: 0.1351->0.1216 | t: 108.8s | cell ETA 20m15s (+eval)
2026-09-27 05:34:00 | B8    ports   seed43 | ep 21/31 | Reward:   192.0 | Acc: 0.875 | Eps: 0.1216->0.1094 | t: 109.9s | cell ETA 18m24s (+eval)
2026-09-27 05:35:56 | B8    ports   seed43 | ep 22/31 | Reward:   180.0 | Acc: 0.852 | Eps: 0.1094->0.0985 | t: 115.8s | cell ETA 16m36s (+eval)
2026-09-27 05:37:51 | B8    ports   seed43 | ep 23/31 | Reward:   184.0 | Acc: 0.859 | Eps: 0.0985->0.0886 | t: 115.3s | cell ETA 14m47s (+eval)
2026-09-27 05:39:47 | B8    ports   seed43 | ep 24/31 | Reward:   198.0 | Acc: 0.887 | Eps: 0.0886->0.0798 | t: 116.3s | cell ETA 12m57s (+eval)
2026-09-27 05:41:35 | B8    ports   seed43 | ep 25/31 | Reward:   186.0 | Acc: 0.863 | Eps: 0.0798->0.0718 | t: 107.5s | cell ETA 11m05s (+eval)
2026-09-27 05:43:24 | B8    ports   seed43 | ep 26/31 | Reward:   206.0 | Acc: 0.902 | Eps: 0.0718->0.0646 | t: 109.1s | cell ETA 9m14s (+eval)
2026-09-27 05:45:15 | B8    ports   seed43 | ep 27/31 | Reward:   182.0 | Acc: 0.855 | Eps: 0.0646->0.0581 | t: 110.3s | cell ETA 7m23s (+eval)
2026-09-27 05:47:04 | B8    ports   seed43 | ep 28/31 | Reward:   194.0 | Acc: 0.879 | Eps: 0.0581->0.0523 | t: 109.3s | cell ETA 5m32s (+eval)
2026-09-27 05:48:56 | B8    ports   seed43 | ep 29/31 | Reward:   200.0 | Acc: 0.891 | Eps: 0.0523->0.0500 | t: 111.9s | cell ETA 3m41s (+eval)
2026-09-27 05:50:46 | B8    ports   seed43 | ep 30/31 | Reward:   180.0 | Acc: 0.852 | Eps: 0.0500->0.0500 | t: 110.6s | cell ETA 1m50s (+eval)
2026-09-27 05:52:36 | B8    ports   seed43 | ep 31/31 | Reward:   202.0 | Acc: 0.895 | Eps: 0.0500->0.0500 | t: 109.3s | cell ETA 0s (+eval)
2026-09-27 05:52:57 | B8    ports   seed43 | DONE in 57m40s | KT_F1=82.21 KT_AUC=92.69 | ZD weighted=97.81 macro=70.29
2026-09-27 05:53:05 | B9    ports   seed43 | START training
2026-09-27 05:54:52 | B9    ports   seed43 | ep  1/31 | Reward:    -6.0 | Acc: 0.488 | Eps: 1.0000->0.9000 | t: 103.8s | cell ETA 51m54s (+eval)
2026-09-27 05:56:39 | B9    ports   seed43 | ep  2/31 | Reward:    26.0 | Acc: 0.551 | Eps: 0.9000->0.8100 | t: 106.3s | cell ETA 50m46s (+eval)
2026-09-27 05:58:24 | B9    ports   seed43 | ep  3/31 | Reward:    64.0 | Acc: 0.625 | Eps: 0.8100->0.7290 | t: 105.5s | cell ETA 49m05s (+eval)
2026-09-27 06:00:11 | B9    ports   seed43 | ep  4/31 | Reward:    46.0 | Acc: 0.590 | Eps: 0.7290->0.6561 | t: 106.4s | cell ETA 47m28s (+eval)
2026-09-27 06:02:01 | B9    ports   seed43 | ep  5/31 | Reward:    76.0 | Acc: 0.648 | Eps: 0.6561->0.5905 | t: 109.9s | cell ETA 46m05s (+eval)
2026-09-27 06:03:53 | B9    ports   seed43 | ep  6/31 | Reward:    84.0 | Acc: 0.664 | Eps: 0.5905->0.5314 | t: 111.8s | cell ETA 44m42s (+eval)
2026-09-27 06:05:37 | B9    ports   seed43 | ep  7/31 | Reward:    94.0 | Acc: 0.684 | Eps: 0.5314->0.4783 | t: 104.0s | cell ETA 42m43s (+eval)
2026-09-27 06:07:24 | B9    ports   seed43 | ep  8/31 | Reward:    90.0 | Acc: 0.676 | Eps: 0.4783->0.4305 | t: 107.1s | cell ETA 40m57s (+eval)
2026-09-27 06:09:16 | B9    ports   seed43 | ep  9/31 | Reward:   142.0 | Acc: 0.777 | Eps: 0.4305->0.3874 | t: 112.1s | cell ETA 39m23s (+eval)
2026-09-27 06:11:04 | B9    ports   seed43 | ep 10/31 | Reward:   104.0 | Acc: 0.703 | Eps: 0.3874->0.3487 | t: 107.9s | cell ETA 37m37s (+eval)
2026-09-27 06:12:52 | B9    ports   seed43 | ep 11/31 | Reward:   100.0 | Acc: 0.695 | Eps: 0.3487->0.3138 | t: 108.1s | cell ETA 35m50s (+eval)
2026-09-27 06:14:45 | B9    ports   seed43 | ep 12/31 | Reward:   124.0 | Acc: 0.742 | Eps: 0.3138->0.2824 | t: 112.7s | cell ETA 34m11s (+eval)
2026-09-27 06:16:37 | B9    ports   seed43 | ep 13/31 | Reward:   134.0 | Acc: 0.762 | Eps: 0.2824->0.2542 | t: 112.7s | cell ETA 32m29s (+eval)
2026-09-27 06:18:23 | B9    ports   seed43 | ep 14/31 | Reward:   140.0 | Acc: 0.773 | Eps: 0.2542->0.2288 | t: 105.9s | cell ETA 30m38s (+eval)
2026-09-27 06:20:16 | B9    ports   seed43 | ep 15/31 | Reward:   140.0 | Acc: 0.773 | Eps: 0.2288->0.2059 | t: 112.4s | cell ETA 28m55s (+eval)
2026-09-27 06:22:10 | B9    ports   seed43 | ep 16/31 | Reward:   178.0 | Acc: 0.848 | Eps: 0.2059->0.1853 | t: 114.5s | cell ETA 27m12s (+eval)
2026-09-27 06:24:05 | B9    ports   seed43 | ep 17/31 | Reward:   158.0 | Acc: 0.809 | Eps: 0.1853->0.1668 | t: 114.3s | cell ETA 25m27s (+eval)
2026-09-27 06:25:59 | B9    ports   seed43 | ep 18/31 | Reward:   166.0 | Acc: 0.824 | Eps: 0.1668->0.1501 | t: 114.5s | cell ETA 23m42s (+eval)
2026-09-27 06:27:53 | B9    ports   seed43 | ep 19/31 | Reward:   190.0 | Acc: 0.871 | Eps: 0.1501->0.1351 | t: 113.6s | cell ETA 21m55s (+eval)
2026-09-27 06:29:49 | B9    ports   seed43 | ep 20/31 | Reward:   170.0 | Acc: 0.832 | Eps: 0.1351->0.1216 | t: 115.9s | cell ETA 20m09s (+eval)
2026-09-27 06:31:45 | B9    ports   seed43 | ep 21/31 | Reward:   184.0 | Acc: 0.859 | Eps: 0.1216->0.1094 | t: 116.5s | cell ETA 18m22s (+eval)
2026-09-27 06:33:45 | B9    ports   seed43 | ep 22/31 | Reward:   180.0 | Acc: 0.852 | Eps: 0.1094->0.0985 | t: 119.7s | cell ETA 16m36s (+eval)
2026-09-27 06:36:24 | B9    ports   seed43 | ep 23/31 | Reward:   192.0 | Acc: 0.875 | Eps: 0.0985->0.0886 | t: 159.3s | cell ETA 15m02s (+eval)
2026-09-27 06:38:50 | B9    ports   seed43 | ep 24/31 | Reward:   186.0 | Acc: 0.863 | Eps: 0.0886->0.0798 | t: 145.7s | cell ETA 13m19s (+eval)
2026-09-27 06:41:04 | B9    ports   seed43 | ep 25/31 | Reward:   208.0 | Acc: 0.906 | Eps: 0.0798->0.0718 | t: 134.1s | cell ETA 11m29s (+eval)
2026-09-27 06:43:02 | B9    ports   seed43 | ep 26/31 | Reward:   194.0 | Acc: 0.879 | Eps: 0.0718->0.0646 | t: 117.6s | cell ETA 9m35s (+eval)
2026-09-27 06:45:21 | B9    ports   seed43 | ep 27/31 | Reward:   184.0 | Acc: 0.859 | Eps: 0.0646->0.0581 | t: 139.1s | cell ETA 7m43s (+eval)
2026-09-27 06:47:49 | B9    ports   seed43 | ep 28/31 | Reward:   196.0 | Acc: 0.883 | Eps: 0.0581->0.0523 | t: 148.2s | cell ETA 5m51s (+eval)
2026-09-27 06:50:16 | B9    ports   seed43 | ep 29/31 | Reward:   182.0 | Acc: 0.855 | Eps: 0.0523->0.0500 | t: 146.9s | cell ETA 3m56s (+eval)
2026-09-27 06:52:21 | B9    ports   seed43 | ep 30/31 | Reward:   194.0 | Acc: 0.879 | Eps: 0.0500->0.0500 | t: 124.7s | cell ETA 1m58s (+eval)
2026-09-27 06:54:25 | B9    ports   seed43 | ep 31/31 | Reward:   204.0 | Acc: 0.898 | Eps: 0.0500->0.0500 | t: 124.5s | cell ETA 0s (+eval)
2026-09-27 06:54:49 | B9    ports   seed43 | DONE in 1h01m | KT_F1=77.89 KT_AUC=92.87 | ZD weighted=98.30 macro=65.03
2026-09-27 06:55:02 | B10   ports   seed43 | START training
2026-09-27 06:57:25 | B10   ports   seed43 | ep  1/31 | Reward:    -6.0 | Acc: 0.488 | Eps: 1.0000->0.9000 | t: 137.5s | cell ETA 1h08m (+eval)
2026-09-27 06:59:42 | B10   ports   seed43 | ep  2/31 | Reward:    26.0 | Acc: 0.551 | Eps: 0.9000->0.8100 | t: 137.0s | cell ETA 1h06m (+eval)
2026-09-27 07:01:45 | B10   ports   seed43 | ep  3/31 | Reward:    64.0 | Acc: 0.625 | Eps: 0.8100->0.7290 | t: 123.3s | cell ETA 1h01m (+eval)
2026-09-27 07:03:37 | B10   ports   seed43 | ep  4/31 | Reward:    46.0 | Acc: 0.590 | Eps: 0.7290->0.6561 | t: 112.3s | cell ETA 57m23s (+eval)
2026-09-27 07:05:41 | B10   ports   seed43 | ep  5/31 | Reward:    76.0 | Acc: 0.648 | Eps: 0.6561->0.5905 | t: 123.6s | cell ETA 54m55s (+eval)
2026-09-27 07:08:02 | B10   ports   seed43 | ep  6/31 | Reward:    84.0 | Acc: 0.664 | Eps: 0.5905->0.5314 | t: 140.7s | cell ETA 53m46s (+eval)
2026-09-27 07:10:23 | B10   ports   seed43 | ep  7/31 | Reward:    94.0 | Acc: 0.684 | Eps: 0.5314->0.4783 | t: 141.5s | cell ETA 52m20s (+eval)
2026-09-27 07:12:26 | B10   ports   seed43 | ep  8/31 | Reward:    90.0 | Acc: 0.676 | Eps: 0.4783->0.4305 | t: 122.7s | cell ETA 49m45s (+eval)
2026-09-27 07:14:25 | B10   ports   seed43 | ep  9/31 | Reward:   142.0 | Acc: 0.777 | Eps: 0.4305->0.3874 | t: 119.0s | cell ETA 47m09s (+eval)
2026-09-27 07:16:52 | B10   ports   seed43 | ep 10/31 | Reward:   104.0 | Acc: 0.703 | Eps: 0.3874->0.3487 | t: 147.0s | cell ETA 45m39s (+eval)
2026-09-27 07:19:15 | B10   ports   seed43 | ep 11/31 | Reward:   100.0 | Acc: 0.695 | Eps: 0.3487->0.3138 | t: 143.3s | cell ETA 43m52s (+eval)
2026-09-27 07:21:20 | B10   ports   seed43 | ep 12/31 | Reward:   124.0 | Acc: 0.742 | Eps: 0.3138->0.2824 | t: 124.2s | cell ETA 41m29s (+eval)
2026-09-27 07:23:14 | B10   ports   seed43 | ep 13/31 | Reward:   134.0 | Acc: 0.762 | Eps: 0.2824->0.2542 | t: 114.0s | cell ETA 38m54s (+eval)
2026-09-27 07:25:36 | B10   ports   seed43 | ep 14/31 | Reward:   140.0 | Acc: 0.773 | Eps: 0.2542->0.2288 | t: 142.4s | cell ETA 37m00s (+eval)
2026-09-27 07:27:58 | B10   ports   seed43 | ep 15/31 | Reward:   140.0 | Acc: 0.773 | Eps: 0.2288->0.2059 | t: 142.1s | cell ETA 35m01s (+eval)
2026-09-27 07:30:05 | B10   ports   seed43 | ep 16/31 | Reward:   178.0 | Acc: 0.848 | Eps: 0.2059->0.1853 | t: 126.9s | cell ETA 32m46s (+eval)
2026-09-27 07:32:00 | B10   ports   seed43 | ep 17/31 | Reward:   158.0 | Acc: 0.809 | Eps: 0.1853->0.1668 | t: 114.7s | cell ETA 30m21s (+eval)
2026-09-27 07:34:12 | B10   ports   seed43 | ep 18/31 | Reward:   166.0 | Acc: 0.824 | Eps: 0.1668->0.1501 | t: 132.4s | cell ETA 28m13s (+eval)
2026-09-27 07:36:33 | B10   ports   seed43 | ep 19/31 | Reward:   190.0 | Acc: 0.871 | Eps: 0.1501->0.1351 | t: 140.9s | cell ETA 26m09s (+eval)
2026-09-27 07:38:55 | B10   ports   seed43 | ep 20/31 | Reward:   170.0 | Acc: 0.832 | Eps: 0.1351->0.1216 | t: 141.3s | cell ETA 24m04s (+eval)
2026-09-27 07:40:52 | B10   ports   seed43 | ep 21/31 | Reward:   184.0 | Acc: 0.859 | Eps: 0.1216->0.1094 | t: 117.1s | cell ETA 21m46s (+eval)
2026-09-27 07:42:38 | B10   ports   seed43 | ep 22/31 | Reward:   180.0 | Acc: 0.852 | Eps: 0.1094->0.0985 | t: 105.9s | cell ETA 19m25s (+eval)
2026-09-27 07:44:53 | B10   ports   seed43 | ep 23/31 | Reward:   192.0 | Acc: 0.875 | Eps: 0.0985->0.0886 | t: 135.9s | cell ETA 17m18s (+eval)
2026-09-27 07:47:17 | B10   ports   seed43 | ep 24/31 | Reward:   186.0 | Acc: 0.863 | Eps: 0.0886->0.0798 | t: 143.9s | cell ETA 15m12s (+eval)
2026-09-27 07:49:36 | B10   ports   seed43 | ep 25/31 | Reward:   208.0 | Acc: 0.906 | Eps: 0.0798->0.0718 | t: 138.9s | cell ETA 13m04s (+eval)
2026-09-27 07:52:04 | B10   ports   seed43 | ep 26/31 | Reward:   194.0 | Acc: 0.879 | Eps: 0.0718->0.0646 | t: 148.0s | cell ETA 10m57s (+eval)
2026-09-27 07:54:27 | B10   ports   seed43 | ep 27/31 | Reward:   184.0 | Acc: 0.859 | Eps: 0.0646->0.0581 | t: 142.3s | cell ETA 8m47s (+eval)
2026-09-27 07:56:43 | B10   ports   seed43 | ep 28/31 | Reward:   196.0 | Acc: 0.883 | Eps: 0.0581->0.0523 | t: 136.1s | cell ETA 6m35s (+eval)
2026-09-27 07:58:37 | B10   ports   seed43 | ep 29/31 | Reward:   182.0 | Acc: 0.855 | Eps: 0.0523->0.0500 | t: 114.1s | cell ETA 4m22s (+eval)
2026-09-27 08:00:35 | B10   ports   seed43 | ep 30/31 | Reward:   194.0 | Acc: 0.879 | Eps: 0.0500->0.0500 | t: 117.9s | cell ETA 2m10s (+eval)
2026-09-27 08:03:00 | B10   ports   seed43 | ep 31/31 | Reward:   204.0 | Acc: 0.898 | Eps: 0.0500->0.0500 | t: 145.5s | cell ETA 0s (+eval)
2026-09-27 08:03:25 | B10   ports   seed43 | DONE in 1h08m | KT_F1=77.89 KT_AUC=92.87 | ZD weighted=98.30 macro=65.03
2026-09-27 08:03:37 | B11   ports   seed43 | START training
2026-09-27 08:05:50 | B11   ports   seed43 | ep  1/31 | Reward:  -285.0 | Acc: 0.348 | Eps: 1.0000->0.9000 | t: 128.5s | Investigations: 79 | cell ETA 1h04m (+eval)
2026-09-27 08:07:58 | B11   ports   seed43 | ep  2/31 | Reward:  -344.0 | Acc: 0.309 | Eps: 0.9000->0.8100 | t: 128.0s | Investigations: 100 | cell ETA 1h01m (+eval)
2026-09-27 08:09:54 | B11   ports   seed43 | ep  3/31 | Reward:  -147.0 | Acc: 0.453 | Eps: 0.8100->0.7290 | t: 116.2s | Investigations: 60 | cell ETA 57m58s (+eval)
2026-09-27 08:11:41 | B11   ports   seed43 | ep  4/31 | Reward:  -121.0 | Acc: 0.480 | Eps: 0.7290->0.6561 | t: 107.3s | Investigations: 67 | cell ETA 54m00s (+eval)
2026-09-27 08:13:39 | B11   ports   seed43 | ep  5/31 | Reward:  -117.0 | Acc: 0.488 | Eps: 0.6561->0.5905 | t: 117.8s | Investigations: 59 | cell ETA 51m48s (+eval)
2026-09-27 08:16:00 | B11   ports   seed43 | ep  6/31 | Reward:     4.0 | Acc: 0.562 | Eps: 0.5905->0.5314 | t: 140.4s | Investigations: 50 | cell ETA 51m15s (+eval)
2026-09-27 08:18:20 | B11   ports   seed43 | ep  7/31 | Reward:    71.0 | Acc: 0.598 | Eps: 0.5314->0.4783 | t: 140.4s | Investigations: 51 | cell ETA 50m12s (+eval)
2026-09-27 08:20:38 | B11   ports   seed43 | ep  8/31 | Reward:    44.0 | Acc: 0.594 | Eps: 0.4783->0.4305 | t: 137.5s | Investigations: 40 | cell ETA 48m41s (+eval)
2026-09-27 08:22:36 | B11   ports   seed43 | ep  9/31 | Reward:   147.0 | Acc: 0.672 | Eps: 0.4305->0.3874 | t: 118.2s | Investigations: 29 | cell ETA 46m12s (+eval)
2026-09-27 08:24:33 | B11   ports   seed43 | ep 10/31 | Reward:   124.0 | Acc: 0.668 | Eps: 0.3874->0.3487 | t: 116.8s | Investigations: 29 | cell ETA 43m47s (+eval)
2026-09-27 08:26:50 | B11   ports   seed43 | ep 11/31 | Reward:   162.0 | Acc: 0.645 | Eps: 0.3487->0.3138 | t: 136.9s | Investigations: 34 | cell ETA 42m03s (+eval)
2026-09-27 08:29:17 | B11   ports   seed43 | ep 12/31 | Reward:   256.0 | Acc: 0.734 | Eps: 0.3138->0.2824 | t: 146.8s | Investigations: 27 | cell ETA 40m30s (+eval)
2026-09-27 08:31:41 | B11   ports   seed43 | ep 13/31 | Reward:   357.0 | Acc: 0.758 | Eps: 0.2824->0.2542 | t: 144.4s | Investigations: 29 | cell ETA 38m45s (+eval)
2026-09-27 08:33:47 | B11   ports   seed43 | ep 14/31 | Reward:   215.0 | Acc: 0.719 | Eps: 0.2542->0.2288 | t: 125.9s | Investigations: 30 | cell ETA 36m31s (+eval)
2026-09-27 08:35:44 | B11   ports   seed43 | ep 15/31 | Reward:   387.0 | Acc: 0.801 | Eps: 0.2288->0.2059 | t: 117.0s | Investigations: 17 | cell ETA 34m10s (+eval)
2026-09-27 08:37:57 | B11   ports   seed43 | ep 16/31 | Reward:   396.0 | Acc: 0.840 | Eps: 0.2059->0.1853 | t: 132.8s | Investigations: 10 | cell ETA 32m06s (+eval)
2026-09-27 08:40:21 | B11   ports   seed43 | ep 17/31 | Reward:   406.0 | Acc: 0.801 | Eps: 0.1853->0.1668 | t: 144.1s | Investigations: 22 | cell ETA 30m10s (+eval)
2026-09-27 08:42:47 | B11   ports   seed43 | ep 18/31 | Reward:   365.0 | Acc: 0.816 | Eps: 0.1668->0.1501 | t: 146.5s | Investigations: 12 | cell ETA 28m13s (+eval)
2026-09-27 08:44:53 | B11   ports   seed43 | ep 19/31 | Reward:   388.0 | Acc: 0.816 | Eps: 0.1501->0.1351 | t: 125.4s | Investigations: 14 | cell ETA 26m00s (+eval)
2026-09-27 08:46:43 | B11   ports   seed43 | ep 20/31 | Reward:   389.0 | Acc: 0.832 | Eps: 0.1351->0.1216 | t: 110.5s | Investigations: 11 | cell ETA 23m39s (+eval)
2026-09-27 08:49:05 | B11   ports   seed43 | ep 21/31 | Reward:   438.0 | Acc: 0.840 | Eps: 0.1216->0.1094 | t: 141.8s | Investigations: 13 | cell ETA 21m36s (+eval)
2026-09-27 08:51:29 | B11   ports   seed43 | ep 22/31 | Reward:   358.0 | Acc: 0.848 | Eps: 0.1094->0.0985 | t: 143.6s | Investigations: 5 | cell ETA 19m32s (+eval)
2026-09-27 08:53:52 | B11   ports   seed43 | ep 23/31 | Reward:   458.0 | Acc: 0.895 | Eps: 0.0985->0.0886 | t: 142.9s | Investigations: 5 | cell ETA 17m26s (+eval)
2026-09-27 08:55:50 | B11   ports   seed43 | ep 24/31 | Reward:   422.0 | Acc: 0.863 | Eps: 0.0886->0.0798 | t: 118.7s | Investigations: 7 | cell ETA 15m12s (+eval)
2026-09-27 08:57:43 | B11   ports   seed43 | ep 25/31 | Reward:   476.0 | Acc: 0.887 | Eps: 0.0798->0.0718 | t: 112.3s | Investigations: 4 | cell ETA 12m57s (+eval)
2026-09-27 08:59:59 | B11   ports   seed43 | ep 26/31 | Reward:   505.0 | Acc: 0.906 | Eps: 0.0718->0.0646 | t: 136.4s | Investigations: 6 | cell ETA 10m49s (+eval)
2026-09-27 09:02:29 | B11   ports   seed43 | ep 27/31 | Reward:   474.0 | Acc: 0.902 | Eps: 0.0646->0.0581 | t: 150.0s | Investigations: 4 | cell ETA 8m42s (+eval)
2026-09-27 09:04:58 | B11   ports   seed43 | ep 28/31 | Reward:   494.0 | Acc: 0.922 | Eps: 0.0581->0.0523 | t: 148.6s | Investigations: 3 | cell ETA 6m33s (+eval)
2026-09-27 09:07:22 | B11   ports   seed43 | ep 29/31 | Reward:   398.0 | Acc: 0.863 | Eps: 0.0523->0.0500 | t: 144.5s | Investigations: 2 | cell ETA 4m23s (+eval)
2026-09-27 09:09:19 | B11   ports   seed43 | ep 30/31 | Reward:   440.0 | Acc: 0.898 | Eps: 0.0500->0.0500 | t: 116.8s | Investigations: 3 | cell ETA 2m11s (+eval)
2026-09-27 09:11:14 | B11   ports   seed43 | ep 31/31 | Reward:   504.0 | Acc: 0.918 | Eps: 0.0500->0.0500 | t: 115.0s | Investigations: 2 | cell ETA 0s (+eval)
2026-09-27 09:11:36 | B11   ports   seed43 | DONE in 1h07m | KT_F1=82.97 KT_AUC=88.30 | ZD weighted=97.59 macro=65.89
2026-09-27 09:11:40 | rf    ports   seed43 | START supervised
2026-09-27 09:26:30 | rf    ports   seed43 | [rf] Known-Test Recall=97.08%  ROC-AUC=99.69%  |  Weighted-ZD=65.05%  Macro-ZD=48.65%  (888s)
2026-09-27 09:26:30 | rf    ports   seed43 | DONE in 14m49s -> C:\Users\Dr. Zarepour\Desktop\RL_IDS\Codes\experiments\MULTISEED\runs\supervised\rf\ports\seed43
2026-09-27 09:26:34 | xgb   ports   seed43 | START supervised
2026-09-27 09:30:22 | xgb   ports   seed43 | [xgb] Known-Test Recall=97.11%  ROC-AUC=99.67%  |  Weighted-ZD=62.88%  Macro-ZD=41.44%  (227s)
2026-09-27 09:30:22 | xgb   ports   seed43 | DONE in 3m48s -> C:\Users\Dr. Zarepour\Desktop\RL_IDS\Codes\experiments\MULTISEED\runs\supervised\xgb\ports\seed43
2026-09-27 09:30:26 | mlp   ports   seed43 | START supervised
2026-09-27 09:34:27 | mlp   ports   seed43 | [mlp] Known-Test Recall=94.03%  ROC-AUC=99.17%  |  Weighted-ZD=95.62%  Macro-ZD=46.9%  (240s)
2026-09-27 09:34:28 | mlp   ports   seed43 | DONE in 4m01s -> C:\Users\Dr. Zarepour\Desktop\RL_IDS\Codes\experiments\MULTISEED\runs\supervised\mlp\ports\seed43
2026-09-27 09:34:33 | lstm  ports   seed43 | START supervised
2026-09-27 11:22:20 | lstm  ports   seed43 | [lstm] Known-Test Recall=92.73%  ROC-AUC=99.14%  |  Weighted-ZD=94.9%  Macro-ZD=44.16%  (6465s)
2026-09-27 11:22:20 | lstm  ports   seed43 | DONE in 1h47m -> C:\Users\Dr. Zarepour\Desktop\RL_IDS\Codes\experiments\MULTISEED\runs\supervised\lstm\ports\seed43
2026-09-27 11:22:39 | B0    ports   seed44 | START training
2026-09-27 11:24:38 | B0    ports   seed44 | ep  1/31 | Reward:    60.0 | Acc: 0.617 | Eps: 0.3806 | t: 117.2s | cell ETA 58m36s (+eval)
2026-09-27 11:26:54 | B0    ports   seed44 | ep  2/31 | Reward:   162.0 | Acc: 0.816 | Eps: 0.1364 | t: 136.1s | cell ETA 1h01m (+eval)
2026-09-27 11:29:09 | B0    ports   seed44 | ep  3/31 | Reward:   182.0 | Acc: 0.855 | Eps: 0.0500 | t: 135.2s | cell ETA 1h00m (+eval)
2026-09-27 11:31:14 | B0    ports   seed44 | ep  4/31 | Reward:   202.0 | Acc: 0.895 | Eps: 0.0500 | t: 124.1s | cell ETA 57m40s (+eval)
2026-09-27 11:33:05 | B0    ports   seed44 | ep  5/31 | Reward:   208.0 | Acc: 0.906 | Eps: 0.0500 | t: 111.0s | cell ETA 54m02s (+eval)
2026-09-27 11:34:55 | B0    ports   seed44 | ep  6/31 | Reward:   214.0 | Acc: 0.918 | Eps: 0.0500 | t: 110.2s | cell ETA 50m57s (+eval)
2026-09-27 11:36:45 | B0    ports   seed44 | ep  7/31 | Reward:   206.0 | Acc: 0.902 | Eps: 0.0500 | t: 110.5s | cell ETA 48m14s (+eval)
2026-09-27 11:38:59 | B0    ports   seed44 | ep  8/31 | Reward:   204.0 | Acc: 0.898 | Eps: 0.0500 | t: 134.1s | cell ETA 46m52s (+eval)
2026-09-27 11:41:12 | B0    ports   seed44 | ep  9/31 | Reward:   208.0 | Acc: 0.906 | Eps: 0.0500 | t: 132.5s | cell ETA 45m15s (+eval)
2026-09-27 11:43:24 | B0    ports   seed44 | ep 10/31 | Reward:   210.0 | Acc: 0.910 | Eps: 0.0500 | t: 132.0s | cell ETA 43m30s (+eval)
2026-09-27 11:45:30 | B0    ports   seed44 | ep 11/31 | Reward:   214.0 | Acc: 0.918 | Eps: 0.0500 | t: 126.1s | cell ETA 41m29s (+eval)
2026-09-27 11:47:22 | B0    ports   seed44 | ep 12/31 | Reward:   210.0 | Acc: 0.910 | Eps: 0.0500 | t: 112.2s | cell ETA 39m05s (+eval)
2026-09-27 11:49:13 | B0    ports   seed44 | ep 13/31 | Reward:   224.0 | Acc: 0.938 | Eps: 0.0500 | t: 111.0s | cell ETA 36m44s (+eval)
2026-09-27 11:51:20 | B0    ports   seed44 | ep 14/31 | Reward:   216.0 | Acc: 0.922 | Eps: 0.0500 | t: 127.1s | cell ETA 34m47s (+eval)
2026-09-27 11:53:32 | B0    ports   seed44 | ep 15/31 | Reward:   202.0 | Acc: 0.895 | Eps: 0.0500 | t: 132.1s | cell ETA 32m54s (+eval)
2026-09-27 11:55:46 | B0    ports   seed44 | ep 16/31 | Reward:   224.0 | Acc: 0.938 | Eps: 0.0500 | t: 133.0s | cell ETA 31m00s (+eval)
2026-09-27 11:57:57 | B0    ports   seed44 | ep 17/31 | Reward:   214.0 | Acc: 0.918 | Eps: 0.0500 | t: 131.3s | cell ETA 29m02s (+eval)
2026-09-27 11:59:59 | B0    ports   seed44 | ep 18/31 | Reward:   234.0 | Acc: 0.957 | Eps: 0.0500 | t: 122.0s | cell ETA 26m56s (+eval)
2026-09-27 12:01:45 | B0    ports   seed44 | ep 19/31 | Reward:   208.0 | Acc: 0.906 | Eps: 0.0500 | t: 105.8s | cell ETA 24m40s (+eval)
2026-09-27 12:03:34 | B0    ports   seed44 | ep 20/31 | Reward:   208.0 | Acc: 0.906 | Eps: 0.0500 | t: 108.8s | cell ETA 22m28s (+eval)
2026-09-27 12:05:32 | B0    ports   seed44 | ep 21/31 | Reward:   224.0 | Acc: 0.938 | Eps: 0.0500 | t: 118.5s | cell ETA 20m24s (+eval)
2026-09-27 12:07:38 | B0    ports   seed44 | ep 22/31 | Reward:   222.0 | Acc: 0.934 | Eps: 0.0500 | t: 126.3s | cell ETA 18m23s (+eval)
2026-09-27 12:09:52 | B0    ports   seed44 | ep 23/31 | Reward:   228.0 | Acc: 0.945 | Eps: 0.0500 | t: 134.0s | cell ETA 16m24s (+eval)
2026-09-27 12:12:04 | B0    ports   seed44 | ep 24/31 | Reward:   220.0 | Acc: 0.930 | Eps: 0.0500 | t: 131.4s | cell ETA 14m24s (+eval)
2026-09-27 12:14:11 | B0    ports   seed44 | ep 25/31 | Reward:   220.0 | Acc: 0.930 | Eps: 0.0500 | t: 126.9s | cell ETA 12m21s (+eval)
2026-09-27 12:16:01 | B0    ports   seed44 | ep 26/31 | Reward:   218.0 | Acc: 0.926 | Eps: 0.0500 | t: 110.3s | cell ETA 10m15s (+eval)
2026-09-27 12:17:42 | B0    ports   seed44 | ep 27/31 | Reward:   212.0 | Acc: 0.914 | Eps: 0.0500 | t: 101.5s | cell ETA 8m09s (+eval)
2026-09-27 12:19:33 | B0    ports   seed44 | ep 28/31 | Reward:   216.0 | Acc: 0.922 | Eps: 0.0500 | t: 111.1s | cell ETA 6m05s (+eval)
2026-09-27 12:21:45 | B0    ports   seed44 | ep 29/31 | Reward:   204.0 | Acc: 0.898 | Eps: 0.0500 | t: 131.7s | cell ETA 4m04s (+eval)
2026-09-27 12:23:56 | B0    ports   seed44 | ep 30/31 | Reward:   218.0 | Acc: 0.926 | Eps: 0.0500 | t: 130.4s | cell ETA 2m02s (+eval)
2026-09-27 12:26:08 | B0    ports   seed44 | ep 31/31 | Reward:   206.0 | Acc: 0.902 | Eps: 0.0500 | t: 132.0s | cell ETA 0s (+eval)
2026-09-27 12:26:30 | B0    ports   seed44 | DONE in 1h03m | KT_F1=78.16 KT_AUC=91.36 | ZD weighted=93.79 macro=47.25
2026-09-27 12:26:44 | B1    ports   seed44 | START training
2026-09-27 12:29:03 | B1    ports   seed44 | ep  1/31 | reward=60.0 | acc=0.617 | eps=0.381 | t=136.8s | cell ETA 1h08m (+eval)
2026-09-27 12:31:23 | B1    ports   seed44 | ep  2/31 | reward=178.0 | acc=0.848 | eps=0.136 | t=139.9s | cell ETA 1h06m (+eval)
2026-09-27 12:33:38 | B1    ports   seed44 | ep  3/31 | reward=188.0 | acc=0.867 | eps=0.050 | t=135.2s | cell ETA 1h04m (+eval)
2026-09-27 12:35:35 | B1    ports   seed44 | ep  4/31 | reward=204.0 | acc=0.898 | eps=0.050 | t=117.1s | cell ETA 59m30s (+eval)
2026-09-27 12:37:30 | B1    ports   seed44 | ep  5/31 | reward=214.0 | acc=0.918 | eps=0.050 | t=114.8s | cell ETA 55m47s (+eval)
2026-09-27 12:39:38 | B1    ports   seed44 | ep  6/31 | reward=212.0 | acc=0.914 | eps=0.050 | t=128.3s | cell ETA 53m37s (+eval)
2026-09-27 12:42:04 | B1    ports   seed44 | ep  7/31 | reward=216.0 | acc=0.922 | eps=0.050 | t=145.9s | cell ETA 52m27s (+eval)
2026-09-27 12:44:28 | B1    ports   seed44 | ep  8/31 | reward=208.0 | acc=0.906 | eps=0.050 | t=144.1s | cell ETA 50m53s (+eval)
2026-09-27 12:46:50 | B1    ports   seed44 | ep  9/31 | reward=214.0 | acc=0.918 | eps=0.050 | t=141.2s | cell ETA 49m01s (+eval)
2026-09-27 12:49:11 | B1    ports   seed44 | ep 10/31 | reward=216.0 | acc=0.922 | eps=0.050 | t=141.2s | cell ETA 47m03s (+eval)
2026-09-27 12:51:13 | B1    ports   seed44 | ep 11/31 | reward=214.0 | acc=0.918 | eps=0.050 | t=122.1s | cell ETA 44m26s (+eval)
2026-09-27 12:53:11 | B1    ports   seed44 | ep 12/31 | reward=212.0 | acc=0.914 | eps=0.050 | t=118.5s | cell ETA 41m49s (+eval)
2026-09-27 12:55:25 | B1    ports   seed44 | ep 13/31 | reward=232.0 | acc=0.953 | eps=0.050 | t=133.7s | cell ETA 39m39s (+eval)
2026-09-27 12:58:14 | B1    ports   seed44 | ep 14/31 | reward=216.0 | acc=0.922 | eps=0.050 | t=169.3s | cell ETA 38m12s (+eval)
2026-09-27 13:01:02 | B1    ports   seed44 | ep 15/31 | reward=210.0 | acc=0.910 | eps=0.050 | t=168.0s | cell ETA 36m33s (+eval)
2026-09-27 13:03:49 | B1    ports   seed44 | ep 16/31 | reward=228.0 | acc=0.945 | eps=0.050 | t=166.8s | cell ETA 34m43s (+eval)
2026-09-27 13:06:28 | B1    ports   seed44 | ep 17/31 | reward=208.0 | acc=0.906 | eps=0.050 | t=158.5s | cell ETA 32m41s (+eval)
2026-09-27 13:08:56 | B1    ports   seed44 | ep 18/31 | reward=234.0 | acc=0.957 | eps=0.050 | t=147.8s | cell ETA 30m26s (+eval)
2026-09-27 13:11:23 | B1    ports   seed44 | ep 19/31 | reward=214.0 | acc=0.918 | eps=0.050 | t=147.7s | cell ETA 28m10s (+eval)
2026-09-27 13:14:14 | B1    ports   seed44 | ep 20/31 | reward=218.0 | acc=0.926 | eps=0.050 | t=170.7s | cell ETA 26m06s (+eval)
2026-09-27 13:17:04 | B1    ports   seed44 | ep 21/31 | reward=230.0 | acc=0.949 | eps=0.050 | t=170.1s | cell ETA 23m57s (+eval)
2026-09-27 13:19:54 | B1    ports   seed44 | ep 22/31 | reward=222.0 | acc=0.934 | eps=0.050 | t=169.3s | cell ETA 21m43s (+eval)
2026-09-27 13:22:30 | B1    ports   seed44 | ep 23/31 | reward=228.0 | acc=0.945 | eps=0.050 | t=156.6s | cell ETA 19m22s (+eval)
2026-09-27 13:24:57 | B1    ports   seed44 | ep 24/31 | reward=220.0 | acc=0.930 | eps=0.050 | t=146.8s | cell ETA 16m58s (+eval)
2026-09-27 13:27:28 | B1    ports   seed44 | ep 25/31 | reward=226.0 | acc=0.941 | eps=0.050 | t=150.7s | cell ETA 14m33s (+eval)
2026-09-27 13:30:21 | B1    ports   seed44 | ep 26/31 | reward=218.0 | acc=0.926 | eps=0.050 | t=173.0s | cell ETA 12m13s (+eval)
2026-09-27 13:33:12 | B1    ports   seed44 | ep 27/31 | reward=214.0 | acc=0.918 | eps=0.050 | t=171.4s | cell ETA 9m50s (+eval)
2026-09-27 13:36:04 | B1    ports   seed44 | ep 28/31 | reward=218.0 | acc=0.926 | eps=0.050 | t=172.2s | cell ETA 7m25s (+eval)
2026-09-27 13:38:42 | B1    ports   seed44 | ep 29/31 | reward=206.0 | acc=0.902 | eps=0.050 | t=157.1s | cell ETA 4m57s (+eval)
2026-09-27 13:41:09 | B1    ports   seed44 | ep 30/31 | reward=222.0 | acc=0.934 | eps=0.050 | t=147.0s | cell ETA 2m28s (+eval)
2026-09-27 13:43:35 | B1    ports   seed44 | ep 31/31 | reward=208.0 | acc=0.906 | eps=0.050 | t=146.6s | cell ETA 0s (+eval)
2026-09-27 13:44:02 | B1    ports   seed44 | DONE in 1h17m | KT_F1=81.69 KT_AUC=85.99 | ZD weighted=93.67 macro=52.80
2026-09-27 13:44:20 | B2    ports   seed44 | START training
2026-09-27 13:47:06 | B2    ports   seed44 | ep  1/31 | reward=-28.0 | acc=0.445 | eps=0.900 | t=163.4s | cell ETA 1h21m (+eval)
2026-09-27 13:49:44 | B2    ports   seed44 | ep  2/31 | reward=34.0 | acc=0.566 | eps=0.810 | t=158.1s | cell ETA 1h17m (+eval)
2026-09-27 13:52:26 | B2    ports   seed44 | ep  3/31 | reward=20.0 | acc=0.539 | eps=0.729 | t=161.8s | cell ETA 1h15m (+eval)
2026-09-27 13:55:02 | B2    ports   seed44 | ep  4/31 | reward=88.0 | acc=0.672 | eps=0.656 | t=155.7s | cell ETA 1h11m (+eval)
2026-09-27 13:57:23 | B2    ports   seed44 | ep  5/31 | reward=88.0 | acc=0.672 | eps=0.590 | t=140.9s | cell ETA 1h07m (+eval)
2026-09-27 13:59:43 | B2    ports   seed44 | ep  6/31 | reward=104.0 | acc=0.703 | eps=0.531 | t=140.5s | cell ETA 1h03m (+eval)
2026-09-27 14:02:22 | B2    ports   seed44 | ep  7/31 | reward=106.0 | acc=0.707 | eps=0.478 | t=159.1s | cell ETA 1h01m (+eval)
2026-09-27 14:05:13 | B2    ports   seed44 | ep  8/31 | reward=118.0 | acc=0.730 | eps=0.430 | t=170.7s | cell ETA 59m54s (+eval)
2026-09-27 14:07:59 | B2    ports   seed44 | ep  9/31 | reward=132.0 | acc=0.758 | eps=0.387 | t=166.4s | cell ETA 57m42s (+eval)
2026-09-27 14:10:45 | B2    ports   seed44 | ep 10/31 | reward=166.0 | acc=0.824 | eps=0.349 | t=165.8s | cell ETA 55m23s (+eval)
2026-09-27 14:13:21 | B2    ports   seed44 | ep 11/31 | reward=162.0 | acc=0.816 | eps=0.314 | t=155.9s | cell ETA 52m40s (+eval)
2026-09-27 14:16:05 | B2    ports   seed44 | ep 12/31 | reward=160.0 | acc=0.812 | eps=0.282 | t=164.1s | cell ETA 50m12s (+eval)
2026-09-27 14:18:51 | B2    ports   seed44 | ep 13/31 | reward=178.0 | acc=0.848 | eps=0.254 | t=165.6s | cell ETA 47m43s (+eval)
2026-09-27 14:21:39 | B2    ports   seed44 | ep 14/31 | reward=198.0 | acc=0.887 | eps=0.229 | t=168.0s | cell ETA 45m15s (+eval)
2026-09-27 14:24:27 | B2    ports   seed44 | ep 15/31 | reward=174.0 | acc=0.840 | eps=0.206 | t=167.9s | cell ETA 42m44s (+eval)
2026-09-27 14:27:05 | B2    ports   seed44 | ep 16/31 | reward=196.0 | acc=0.883 | eps=0.185 | t=157.9s | cell ETA 40m01s (+eval)
2026-09-27 14:29:31 | B2    ports   seed44 | ep 17/31 | reward=196.0 | acc=0.883 | eps=0.167 | t=145.7s | cell ETA 37m09s (+eval)
2026-09-27 14:31:57 | B2    ports   seed44 | ep 18/31 | reward=198.0 | acc=0.887 | eps=0.150 | t=146.3s | cell ETA 34m21s (+eval)
2026-09-27 14:34:40 | B2    ports   seed44 | ep 19/31 | reward=180.0 | acc=0.852 | eps=0.135 | t=162.8s | cell ETA 31m45s (+eval)
2026-09-27 14:37:23 | B2    ports   seed44 | ep 20/31 | reward=198.0 | acc=0.887 | eps=0.122 | t=163.6s | cell ETA 29m09s (+eval)
2026-09-27 14:40:09 | B2    ports   seed44 | ep 21/31 | reward=230.0 | acc=0.949 | eps=0.109 | t=165.5s | cell ETA 26m33s (+eval)
2026-09-27 14:42:51 | B2    ports   seed44 | ep 22/31 | reward=206.0 | acc=0.902 | eps=0.098 | t=161.6s | cell ETA 23m54s (+eval)
2026-09-27 14:45:28 | B2    ports   seed44 | ep 23/31 | reward=212.0 | acc=0.914 | eps=0.089 | t=157.0s | cell ETA 21m14s (+eval)
2026-09-27 14:47:58 | B2    ports   seed44 | ep 24/31 | reward=194.0 | acc=0.879 | eps=0.080 | t=149.9s | cell ETA 18m32s (+eval)
2026-09-27 14:50:23 | B2    ports   seed44 | ep 25/31 | reward=224.0 | acc=0.938 | eps=0.072 | t=145.3s | cell ETA 15m50s (+eval)
2026-09-27 14:52:58 | B2    ports   seed44 | ep 26/31 | reward=214.0 | acc=0.918 | eps=0.065 | t=155.4s | cell ETA 13m11s (+eval)
2026-09-27 14:55:43 | B2    ports   seed44 | ep 27/31 | reward=218.0 | acc=0.926 | eps=0.058 | t=164.7s | cell ETA 10m34s (+eval)
2026-09-27 14:58:30 | B2    ports   seed44 | ep 28/31 | reward=216.0 | acc=0.922 | eps=0.052 | t=166.7s | cell ETA 7m56s (+eval)
2026-09-27 15:01:14 | B2    ports   seed44 | ep 29/31 | reward=210.0 | acc=0.910 | eps=0.050 | t=164.5s | cell ETA 5m17s (+eval)
2026-09-27 15:03:57 | B2    ports   seed44 | ep 30/31 | reward=216.0 | acc=0.922 | eps=0.050 | t=162.6s | cell ETA 2m39s (+eval)
2026-09-27 15:06:27 | B2    ports   seed44 | ep 31/31 | reward=210.0 | acc=0.910 | eps=0.050 | t=150.4s | cell ETA 0s (+eval)
2026-09-27 15:06:52 | B2    ports   seed44 | DONE in 1h22m | KT_F1=82.58 KT_AUC=84.22 | ZD weighted=86.23 macro=54.04
2026-09-27 15:07:05 | B3    ports   seed44 | START training
2026-09-27 15:09:26 | B3    ports   seed44 | ep  1/31 | reward=-28.0 | acc=0.445 | eps=0.900 | t=138.5s | cell ETA 1h09m (+eval)
2026-09-27 15:11:58 | B3    ports   seed44 | ep  2/31 | reward=34.0 | acc=0.566 | eps=0.810 | t=152.4s | cell ETA 1h10m (+eval)
2026-09-27 15:14:38 | B3    ports   seed44 | ep  3/31 | reward=20.0 | acc=0.539 | eps=0.729 | t=160.1s | cell ETA 1h10m (+eval)
2026-09-27 15:17:23 | B3    ports   seed44 | ep  4/31 | reward=90.0 | acc=0.676 | eps=0.656 | t=164.1s | cell ETA 1h09m (+eval)
2026-09-27 15:20:09 | B3    ports   seed44 | ep  5/31 | reward=90.0 | acc=0.676 | eps=0.590 | t=166.0s | cell ETA 1h07m (+eval)
2026-09-27 15:22:47 | B3    ports   seed44 | ep  6/31 | reward=102.0 | acc=0.699 | eps=0.531 | t=158.0s | cell ETA 1h05m (+eval)
2026-09-27 15:25:11 | B3    ports   seed44 | ep  7/31 | reward=104.0 | acc=0.703 | eps=0.478 | t=143.8s | cell ETA 1h01m (+eval)
2026-09-27 15:27:37 | B3    ports   seed44 | ep  8/31 | reward=120.0 | acc=0.734 | eps=0.430 | t=146.1s | cell ETA 58m53s (+eval)
2026-09-27 15:30:10 | B3    ports   seed44 | ep  9/31 | reward=130.0 | acc=0.754 | eps=0.387 | t=153.4s | cell ETA 56m19s (+eval)
2026-09-27 15:33:20 | B3    ports   seed44 | ep 10/31 | reward=164.0 | acc=0.820 | eps=0.349 | t=189.6s | cell ETA 55m01s (+eval)
2026-09-27 15:36:03 | B3    ports   seed44 | ep 11/31 | reward=164.0 | acc=0.820 | eps=0.314 | t=162.9s | cell ETA 52m34s (+eval)
2026-09-27 15:38:52 | B3    ports   seed44 | ep 12/31 | reward=162.0 | acc=0.816 | eps=0.282 | t=169.1s | cell ETA 50m14s (+eval)
2026-09-27 15:41:38 | B3    ports   seed44 | ep 13/31 | reward=180.0 | acc=0.852 | eps=0.254 | t=165.6s | cell ETA 47m45s (+eval)
2026-09-27 15:44:03 | B3    ports   seed44 | ep 14/31 | reward=196.0 | acc=0.883 | eps=0.229 | t=145.2s | cell ETA 44m49s (+eval)
2026-09-27 15:46:29 | B3    ports   seed44 | ep 15/31 | reward=174.0 | acc=0.840 | eps=0.206 | t=146.2s | cell ETA 41m58s (+eval)
2026-09-27 15:48:59 | B3    ports   seed44 | ep 16/31 | reward=194.0 | acc=0.879 | eps=0.185 | t=149.7s | cell ETA 39m13s (+eval)
2026-09-27 15:51:48 | B3    ports   seed44 | ep 17/31 | reward=196.0 | acc=0.883 | eps=0.167 | t=169.3s | cell ETA 36m47s (+eval)
2026-09-27 15:54:43 | B3    ports   seed44 | ep 18/31 | reward=202.0 | acc=0.895 | eps=0.150 | t=174.9s | cell ETA 34m21s (+eval)
2026-09-27 15:57:31 | B3    ports   seed44 | ep 19/31 | reward=180.0 | acc=0.852 | eps=0.135 | t=167.9s | cell ETA 31m49s (+eval)
2026-09-27 16:00:14 | B3    ports   seed44 | ep 20/31 | reward=196.0 | acc=0.883 | eps=0.122 | t=163.0s | cell ETA 29m12s (+eval)
2026-09-27 16:02:44 | B3    ports   seed44 | ep 21/31 | reward=228.0 | acc=0.945 | eps=0.109 | t=149.7s | cell ETA 26m28s (+eval)
2026-09-27 16:05:04 | B3    ports   seed44 | ep 22/31 | reward=206.0 | acc=0.902 | eps=0.098 | t=140.3s | cell ETA 23m41s (+eval)
2026-09-27 16:07:29 | B3    ports   seed44 | ep 23/31 | reward=210.0 | acc=0.910 | eps=0.089 | t=144.8s | cell ETA 20m59s (+eval)
2026-09-27 16:10:17 | B3    ports   seed44 | ep 24/31 | reward=196.0 | acc=0.883 | eps=0.080 | t=168.0s | cell ETA 18m25s (+eval)
2026-09-27 16:13:01 | B3    ports   seed44 | ep 25/31 | reward=224.0 | acc=0.938 | eps=0.072 | t=163.9s | cell ETA 15m48s (+eval)
2026-09-27 16:15:42 | B3    ports   seed44 | ep 26/31 | reward=210.0 | acc=0.910 | eps=0.065 | t=161.3s | cell ETA 13m11s (+eval)
2026-09-27 16:18:19 | B3    ports   seed44 | ep 27/31 | reward=218.0 | acc=0.926 | eps=0.058 | t=156.7s | cell ETA 10m32s (+eval)
2026-09-27 16:20:47 | B3    ports   seed44 | ep 28/31 | reward=216.0 | acc=0.922 | eps=0.052 | t=148.3s | cell ETA 7m53s (+eval)
2026-09-27 16:23:07 | B3    ports   seed44 | ep 29/31 | reward=208.0 | acc=0.906 | eps=0.050 | t=139.7s | cell ETA 5m14s (+eval)
2026-09-27 16:25:33 | B3    ports   seed44 | ep 30/31 | reward=214.0 | acc=0.918 | eps=0.050 | t=145.9s | cell ETA 2m36s (+eval)
2026-09-27 16:28:16 | B3    ports   seed44 | ep 31/31 | reward=210.0 | acc=0.910 | eps=0.050 | t=162.8s | cell ETA 0s (+eval)
2026-09-27 16:28:41 | B3    ports   seed44 | DONE in 1h21m | KT_F1=81.56 KT_AUC=82.95 | ZD weighted=93.83 macro=53.34
2026-09-27 16:28:57 | B4    ports   seed44 | START training
2026-09-27 16:31:32 | B4    ports   seed44 | ep  1/31 | Reward:   -28.0 | Acc: 0.445 | Eps: 1.0000->0.9000 | t: 152.7s | cell ETA 1h16m (+eval)
2026-09-27 16:34:08 | B4    ports   seed44 | ep  2/31 | Reward:    34.0 | Acc: 0.566 | Eps: 0.9000->0.8100 | t: 156.1s | cell ETA 1h14m (+eval)
2026-09-27 16:36:43 | B4    ports   seed44 | ep  3/31 | Reward:    22.0 | Acc: 0.543 | Eps: 0.8100->0.7290 | t: 155.3s | cell ETA 1h12m (+eval)
2026-09-27 16:39:09 | B4    ports   seed44 | ep  4/31 | Reward:    90.0 | Acc: 0.676 | Eps: 0.7290->0.6561 | t: 145.5s | cell ETA 1h08m (+eval)
2026-09-27 16:41:31 | B4    ports   seed44 | ep  5/31 | Reward:    90.0 | Acc: 0.676 | Eps: 0.6561->0.5905 | t: 141.9s | cell ETA 1h05m (+eval)
2026-09-27 16:43:53 | B4    ports   seed44 | ep  6/31 | Reward:   106.0 | Acc: 0.707 | Eps: 0.5905->0.5314 | t: 141.9s | cell ETA 1h02m (+eval)
2026-09-27 16:46:33 | B4    ports   seed44 | ep  7/31 | Reward:   104.0 | Acc: 0.703 | Eps: 0.5314->0.4783 | t: 160.2s | cell ETA 1h00m (+eval)
2026-09-27 16:49:15 | B4    ports   seed44 | ep  8/31 | Reward:   120.0 | Acc: 0.734 | Eps: 0.4783->0.4305 | t: 161.8s | cell ETA 58m14s (+eval)
2026-09-27 16:51:56 | B4    ports   seed44 | ep  9/31 | Reward:   130.0 | Acc: 0.754 | Eps: 0.4305->0.3874 | t: 161.8s | cell ETA 56m06s (+eval)
2026-09-27 16:54:46 | B4    ports   seed44 | ep 10/31 | Reward:   166.0 | Acc: 0.824 | Eps: 0.3874->0.3487 | t: 169.2s | cell ETA 54m07s (+eval)
2026-09-27 16:57:18 | B4    ports   seed44 | ep 11/31 | Reward:   164.0 | Acc: 0.820 | Eps: 0.3487->0.3138 | t: 152.0s | cell ETA 51m28s (+eval)
2026-09-27 16:59:46 | B4    ports   seed44 | ep 12/31 | Reward:   160.0 | Acc: 0.812 | Eps: 0.3138->0.2824 | t: 148.1s | cell ETA 48m43s (+eval)
2026-09-27 17:02:18 | B4    ports   seed44 | ep 13/31 | Reward:   174.0 | Acc: 0.840 | Eps: 0.2824->0.2542 | t: 152.3s | cell ETA 46m07s (+eval)
2026-09-27 17:05:04 | B4    ports   seed44 | ep 14/31 | Reward:   194.0 | Acc: 0.879 | Eps: 0.2542->0.2288 | t: 165.9s | cell ETA 43m48s (+eval)
2026-09-27 17:07:55 | B4    ports   seed44 | ep 15/31 | Reward:   174.0 | Acc: 0.840 | Eps: 0.2288->0.2059 | t: 170.3s | cell ETA 41m30s (+eval)
2026-09-27 17:10:45 | B4    ports   seed44 | ep 16/31 | Reward:   200.0 | Acc: 0.891 | Eps: 0.2059->0.1853 | t: 170.8s | cell ETA 39m09s (+eval)
2026-09-27 17:13:32 | B4    ports   seed44 | ep 17/31 | Reward:   194.0 | Acc: 0.879 | Eps: 0.1853->0.1668 | t: 166.4s | cell ETA 36m40s (+eval)
2026-09-27 17:15:54 | B4    ports   seed44 | ep 18/31 | Reward:   198.0 | Acc: 0.887 | Eps: 0.1668->0.1501 | t: 142.7s | cell ETA 33m52s (+eval)
2026-09-27 17:18:15 | B4    ports   seed44 | ep 19/31 | Reward:   186.0 | Acc: 0.863 | Eps: 0.1501->0.1351 | t: 141.0s | cell ETA 31m06s (+eval)
2026-09-27 17:20:40 | B4    ports   seed44 | ep 20/31 | Reward:   198.0 | Acc: 0.887 | Eps: 0.1351->0.1216 | t: 144.6s | cell ETA 28m25s (+eval)
2026-09-27 17:23:27 | B4    ports   seed44 | ep 21/31 | Reward:   228.0 | Acc: 0.945 | Eps: 0.1216->0.1094 | t: 167.1s | cell ETA 25m56s (+eval)
2026-09-27 17:26:15 | B4    ports   seed44 | ep 22/31 | Reward:   206.0 | Acc: 0.902 | Eps: 0.1094->0.0985 | t: 168.0s | cell ETA 23m25s (+eval)
2026-09-27 17:29:05 | B4    ports   seed44 | ep 23/31 | Reward:   214.0 | Acc: 0.918 | Eps: 0.0985->0.0886 | t: 169.6s | cell ETA 20m53s (+eval)
2026-09-27 17:31:48 | B4    ports   seed44 | ep 24/31 | Reward:   194.0 | Acc: 0.879 | Eps: 0.0886->0.0798 | t: 163.1s | cell ETA 18m19s (+eval)
2026-09-27 17:34:20 | B4    ports   seed44 | ep 25/31 | Reward:   226.0 | Acc: 0.941 | Eps: 0.0798->0.0718 | t: 152.3s | cell ETA 15m40s (+eval)
2026-09-27 17:36:46 | B4    ports   seed44 | ep 26/31 | Reward:   212.0 | Acc: 0.914 | Eps: 0.0718->0.0646 | t: 145.7s | cell ETA 13m01s (+eval)
2026-09-27 17:39:14 | B4    ports   seed44 | ep 27/31 | Reward:   216.0 | Acc: 0.922 | Eps: 0.0646->0.0581 | t: 148.1s | cell ETA 10m24s (+eval)
2026-09-27 17:41:50 | B4    ports   seed44 | ep 28/31 | Reward:   216.0 | Acc: 0.922 | Eps: 0.0581->0.0523 | t: 155.9s | cell ETA 7m48s (+eval)
2026-09-27 17:44:27 | B4    ports   seed44 | ep 29/31 | Reward:   208.0 | Acc: 0.906 | Eps: 0.0523->0.0500 | t: 156.9s | cell ETA 5m12s (+eval)
2026-09-27 17:47:02 | B4    ports   seed44 | ep 30/31 | Reward:   216.0 | Acc: 0.922 | Eps: 0.0500->0.0500 | t: 155.1s | cell ETA 2m36s (+eval)
2026-09-27 17:49:26 | B4    ports   seed44 | ep 31/31 | Reward:   210.0 | Acc: 0.910 | Eps: 0.0500->0.0500 | t: 143.9s | cell ETA 0s (+eval)
2026-09-27 17:49:50 | B4    ports   seed44 | DONE in 1h20m | KT_F1=82.79 KT_AUC=87.12 | ZD weighted=94.32 macro=54.95
2026-09-27 17:50:01 | B5    ports   seed44 | START training
2026-09-27 17:52:13 | B5    ports   seed44 | ep  1/31 | Reward:  -581.0 | Acc: 0.445 | Eps: 1.0000->0.9000 | t: 129.4s | cell ETA 1h04m (+eval)
2026-09-27 17:54:26 | B5    ports   seed44 | ep  2/31 | Reward:  -294.0 | Acc: 0.566 | Eps: 0.9000->0.8100 | t: 133.2s | cell ETA 1h03m (+eval)
2026-09-27 17:57:10 | B5    ports   seed44 | ep  3/31 | Reward:  -293.0 | Acc: 0.535 | Eps: 0.8100->0.7290 | t: 163.8s | cell ETA 1h06m (+eval)
2026-09-27 17:59:54 | B5    ports   seed44 | ep  4/31 | Reward:    83.0 | Acc: 0.676 | Eps: 0.7290->0.6561 | t: 163.6s | cell ETA 1h06m (+eval)
2026-09-27 18:02:37 | B5    ports   seed44 | ep  5/31 | Reward:    63.0 | Acc: 0.676 | Eps: 0.6561->0.5905 | t: 163.1s | cell ETA 1h05m (+eval)
2026-09-27 18:05:07 | B5    ports   seed44 | ep  6/31 | Reward:    91.0 | Acc: 0.703 | Eps: 0.5905->0.5314 | t: 149.7s | cell ETA 1h02m (+eval)
2026-09-27 18:07:19 | B5    ports   seed44 | ep  7/31 | Reward:    62.0 | Acc: 0.703 | Eps: 0.5314->0.4783 | t: 132.1s | cell ETA 59m08s (+eval)
2026-09-27 18:09:32 | B5    ports   seed44 | ep  8/31 | Reward:   141.0 | Acc: 0.730 | Eps: 0.4783->0.4305 | t: 133.6s | cell ETA 55m59s (+eval)
2026-09-27 18:11:55 | B5    ports   seed44 | ep  9/31 | Reward:   216.0 | Acc: 0.754 | Eps: 0.4305->0.3874 | t: 142.3s | cell ETA 53m24s (+eval)
2026-09-27 18:14:43 | B5    ports   seed44 | ep 10/31 | Reward:   420.0 | Acc: 0.824 | Eps: 0.3874->0.3487 | t: 168.2s | cell ETA 51m45s (+eval)
2026-09-27 18:17:35 | B5    ports   seed44 | ep 11/31 | Reward:   377.0 | Acc: 0.820 | Eps: 0.3487->0.3138 | t: 172.0s | cell ETA 50m01s (+eval)
2026-09-27 18:20:17 | B5    ports   seed44 | ep 12/31 | Reward:   363.0 | Acc: 0.812 | Eps: 0.3138->0.2824 | t: 161.8s | cell ETA 47m50s (+eval)
2026-09-27 18:22:51 | B5    ports   seed44 | ep 13/31 | Reward:   438.0 | Acc: 0.836 | Eps: 0.2824->0.2542 | t: 154.3s | cell ETA 45m23s (+eval)
2026-09-27 18:25:16 | B5    ports   seed44 | ep 14/31 | Reward:   587.0 | Acc: 0.879 | Eps: 0.2542->0.2288 | t: 144.5s | cell ETA 42m44s (+eval)
2026-09-27 18:27:35 | B5    ports   seed44 | ep 15/31 | Reward:   512.0 | Acc: 0.848 | Eps: 0.2288->0.2059 | t: 139.1s | cell ETA 40m00s (+eval)
2026-09-27 18:30:07 | B5    ports   seed44 | ep 16/31 | Reward:   647.0 | Acc: 0.891 | Eps: 0.2059->0.1853 | t: 152.0s | cell ETA 37m32s (+eval)
2026-09-27 18:32:58 | B5    ports   seed44 | ep 17/31 | Reward:   555.0 | Acc: 0.879 | Eps: 0.1853->0.1668 | t: 171.5s | cell ETA 35m19s (+eval)
2026-09-27 18:35:45 | B5    ports   seed44 | ep 18/31 | Reward:   587.0 | Acc: 0.883 | Eps: 0.1668->0.1501 | t: 166.5s | cell ETA 32m59s (+eval)
2026-09-27 18:38:31 | B5    ports   seed44 | ep 19/31 | Reward:   547.0 | Acc: 0.852 | Eps: 0.1501->0.1351 | t: 166.1s | cell ETA 30m35s (+eval)
2026-09-27 18:41:02 | B5    ports   seed44 | ep 20/31 | Reward:   571.0 | Acc: 0.883 | Eps: 0.1351->0.1216 | t: 150.7s | cell ETA 28m01s (+eval)
2026-09-27 18:43:30 | B5    ports   seed44 | ep 21/31 | Reward:   831.0 | Acc: 0.949 | Eps: 0.1216->0.1094 | t: 148.6s | cell ETA 25m26s (+eval)
2026-09-27 18:45:59 | B5    ports   seed44 | ep 22/31 | Reward:   601.0 | Acc: 0.906 | Eps: 0.1094->0.0985 | t: 149.0s | cell ETA 22m52s (+eval)
2026-09-27 18:48:36 | B5    ports   seed44 | ep 23/31 | Reward:   693.0 | Acc: 0.906 | Eps: 0.0985->0.0886 | t: 156.3s | cell ETA 20m21s (+eval)
2026-09-27 18:51:23 | B5    ports   seed44 | ep 24/31 | Reward:   536.0 | Acc: 0.879 | Eps: 0.0886->0.0798 | t: 167.7s | cell ETA 17m53s (+eval)
2026-09-27 18:54:08 | B5    ports   seed44 | ep 25/31 | Reward:   691.0 | Acc: 0.934 | Eps: 0.0798->0.0718 | t: 165.0s | cell ETA 15m22s (+eval)
2026-09-27 18:56:47 | B5    ports   seed44 | ep 26/31 | Reward:   738.0 | Acc: 0.918 | Eps: 0.0718->0.0646 | t: 158.9s | cell ETA 12m49s (+eval)
2026-09-27 18:59:18 | B5    ports   seed44 | ep 27/31 | Reward:   685.0 | Acc: 0.926 | Eps: 0.0646->0.0581 | t: 150.7s | cell ETA 10m15s (+eval)
2026-09-27 19:01:47 | B5    ports   seed44 | ep 28/31 | Reward:   681.0 | Acc: 0.914 | Eps: 0.0581->0.0523 | t: 149.4s | cell ETA 7m41s (+eval)
2026-09-27 19:04:17 | B5    ports   seed44 | ep 29/31 | Reward:   578.0 | Acc: 0.898 | Eps: 0.0523->0.0500 | t: 149.3s | cell ETA 5m07s (+eval)
2026-09-27 19:06:59 | B5    ports   seed44 | ep 30/31 | Reward:   698.0 | Acc: 0.918 | Eps: 0.0500->0.0500 | t: 162.5s | cell ETA 2m33s (+eval)
2026-09-27 19:09:42 | B5    ports   seed44 | ep 31/31 | Reward:   644.0 | Acc: 0.883 | Eps: 0.0500->0.0500 | t: 162.6s | cell ETA 0s (+eval)
2026-09-27 19:10:07 | B5    ports   seed44 | DONE in 1h20m | KT_F1=77.87 KT_AUC=83.19 | ZD weighted=94.01 macro=54.36
2026-09-27 19:10:23 | B6    ports   seed44 | START training
2026-09-27 19:13:03 | B6    ports   seed44 | ep  1/31 | Reward:   -28.0 | Acc: 0.445 | Eps: 1.0000->0.9000 | t: 156.0s | cell ETA 1h18m (+eval)
2026-09-27 19:15:29 | B6    ports   seed44 | ep  2/31 | Reward:    34.0 | Acc: 0.566 | Eps: 0.9000->0.8100 | t: 145.2s | cell ETA 1h12m (+eval)
2026-09-27 19:17:47 | B6    ports   seed44 | ep  3/31 | Reward:    26.0 | Acc: 0.551 | Eps: 0.8100->0.7290 | t: 138.9s | cell ETA 1h08m (+eval)
2026-09-27 19:20:05 | B6    ports   seed44 | ep  4/31 | Reward:    88.0 | Acc: 0.672 | Eps: 0.7290->0.6561 | t: 137.7s | cell ETA 1h05m (+eval)
2026-09-27 19:22:41 | B6    ports   seed44 | ep  5/31 | Reward:    90.0 | Acc: 0.676 | Eps: 0.6561->0.5905 | t: 156.0s | cell ETA 1h03m (+eval)
2026-09-27 19:25:29 | B6    ports   seed44 | ep  6/31 | Reward:   106.0 | Acc: 0.707 | Eps: 0.5905->0.5314 | t: 168.0s | cell ETA 1h02m (+eval)
2026-09-27 19:28:13 | B6    ports   seed44 | ep  7/31 | Reward:   108.0 | Acc: 0.711 | Eps: 0.5314->0.4783 | t: 163.6s | cell ETA 1h00m (+eval)
2026-09-27 19:30:54 | B6    ports   seed44 | ep  8/31 | Reward:   118.0 | Acc: 0.730 | Eps: 0.4783->0.4305 | t: 161.4s | cell ETA 58m47s (+eval)
2026-09-27 19:33:17 | B6    ports   seed44 | ep  9/31 | Reward:   130.0 | Acc: 0.754 | Eps: 0.4305->0.3874 | t: 143.2s | cell ETA 55m48s (+eval)
2026-09-27 19:35:43 | B6    ports   seed44 | ep 10/31 | Reward:   170.0 | Acc: 0.832 | Eps: 0.3874->0.3487 | t: 145.2s | cell ETA 53m01s (+eval)
2026-09-27 19:38:09 | B6    ports   seed44 | ep 11/31 | Reward:   166.0 | Acc: 0.824 | Eps: 0.3487->0.3138 | t: 145.9s | cell ETA 50m20s (+eval)
2026-09-27 19:40:57 | B6    ports   seed44 | ep 12/31 | Reward:   164.0 | Acc: 0.820 | Eps: 0.3138->0.2824 | t: 168.6s | cell ETA 48m17s (+eval)
2026-09-27 19:43:51 | B6    ports   seed44 | ep 13/31 | Reward:   170.0 | Acc: 0.832 | Eps: 0.2824->0.2542 | t: 173.2s | cell ETA 46m13s (+eval)
2026-09-27 19:46:40 | B6    ports   seed44 | ep 14/31 | Reward:   200.0 | Acc: 0.891 | Eps: 0.2542->0.2288 | t: 169.2s | cell ETA 43m57s (+eval)
2026-09-27 19:49:22 | B6    ports   seed44 | ep 15/31 | Reward:   180.0 | Acc: 0.852 | Eps: 0.2288->0.2059 | t: 162.1s | cell ETA 41m29s (+eval)
2026-09-27 19:51:53 | B6    ports   seed44 | ep 16/31 | Reward:   204.0 | Acc: 0.898 | Eps: 0.2059->0.1853 | t: 151.1s | cell ETA 38m49s (+eval)
2026-09-27 19:54:20 | B6    ports   seed44 | ep 17/31 | Reward:   200.0 | Acc: 0.891 | Eps: 0.1853->0.1668 | t: 146.6s | cell ETA 36m07s (+eval)
2026-09-27 19:56:41 | B6    ports   seed44 | ep 18/31 | Reward:   204.0 | Acc: 0.898 | Eps: 0.1668->0.1501 | t: 141.7s | cell ETA 33m23s (+eval)
2026-09-27 19:59:21 | B6    ports   seed44 | ep 19/31 | Reward:   182.0 | Acc: 0.855 | Eps: 0.1501->0.1351 | t: 159.7s | cell ETA 30m52s (+eval)
2026-09-27 20:02:13 | B6    ports   seed44 | ep 20/31 | Reward:   198.0 | Acc: 0.887 | Eps: 0.1351->0.1216 | t: 171.6s | cell ETA 28m27s (+eval)
2026-09-27 20:05:03 | B6    ports   seed44 | ep 21/31 | Reward:   226.0 | Acc: 0.941 | Eps: 0.1216->0.1094 | t: 169.8s | cell ETA 25m59s (+eval)
2026-09-27 20:07:50 | B6    ports   seed44 | ep 22/31 | Reward:   206.0 | Acc: 0.902 | Eps: 0.1094->0.0985 | t: 167.6s | cell ETA 23m28s (+eval)
2026-09-27 20:10:20 | B6    ports   seed44 | ep 23/31 | Reward:   214.0 | Acc: 0.918 | Eps: 0.0985->0.0886 | t: 149.5s | cell ETA 20m49s (+eval)
2026-09-27 20:12:48 | B6    ports   seed44 | ep 24/31 | Reward:   208.0 | Acc: 0.906 | Eps: 0.0886->0.0798 | t: 148.6s | cell ETA 18m10s (+eval)
2026-09-27 20:15:20 | B6    ports   seed44 | ep 25/31 | Reward:   230.0 | Acc: 0.949 | Eps: 0.0798->0.0718 | t: 151.7s | cell ETA 15m34s (+eval)
2026-09-27 20:18:14 | B6    ports   seed44 | ep 26/31 | Reward:   216.0 | Acc: 0.922 | Eps: 0.0718->0.0646 | t: 173.7s | cell ETA 13m01s (+eval)
2026-09-27 20:21:08 | B6    ports   seed44 | ep 27/31 | Reward:   230.0 | Acc: 0.949 | Eps: 0.0646->0.0581 | t: 174.3s | cell ETA 10m28s (+eval)
2026-09-27 20:23:59 | B6    ports   seed44 | ep 28/31 | Reward:   218.0 | Acc: 0.926 | Eps: 0.0581->0.0523 | t: 171.0s | cell ETA 7m52s (+eval)
2026-09-27 20:26:36 | B6    ports   seed44 | ep 29/31 | Reward:   212.0 | Acc: 0.914 | Eps: 0.0523->0.0500 | t: 157.0s | cell ETA 5m15s (+eval)
2026-09-27 20:29:04 | B6    ports   seed44 | ep 30/31 | Reward:   218.0 | Acc: 0.926 | Eps: 0.0500->0.0500 | t: 148.1s | cell ETA 2m37s (+eval)
2026-09-27 20:31:32 | B6    ports   seed44 | ep 31/31 | Reward:   216.0 | Acc: 0.922 | Eps: 0.0500->0.0500 | t: 147.1s | cell ETA 0s (+eval)
2026-09-27 20:31:56 | B6    ports   seed44 | DONE in 1h21m | KT_F1=86.30 KT_AUC=95.73 | ZD weighted=94.10 macro=58.77
2026-09-27 20:32:13 | B7    ports   seed44 | START training
2026-09-27 20:34:55 | B7    ports   seed44 | ep  1/31 | Reward:    42.0 | Acc: 0.582 | Eps: 1.0000->0.9000 | t: 156.8s | cell ETA 1h18m (+eval)
2026-09-27 20:37:40 | B7    ports   seed44 | ep  2/31 | Reward:    36.0 | Acc: 0.570 | Eps: 0.9000->0.8100 | t: 164.9s | cell ETA 1h17m (+eval)
2026-09-27 20:40:29 | B7    ports   seed44 | ep  3/31 | Reward:    32.0 | Acc: 0.562 | Eps: 0.8100->0.7290 | t: 168.9s | cell ETA 1h16m (+eval)
2026-09-27 20:43:08 | B7    ports   seed44 | ep  4/31 | Reward:    40.0 | Acc: 0.578 | Eps: 0.7290->0.6561 | t: 159.5s | cell ETA 1h13m (+eval)
2026-09-27 20:45:25 | B7    ports   seed44 | ep  5/31 | Reward:    76.0 | Acc: 0.648 | Eps: 0.6561->0.5905 | t: 136.8s | cell ETA 1h08m (+eval)
2026-09-27 20:47:40 | B7    ports   seed44 | ep  6/31 | Reward:    70.0 | Acc: 0.637 | Eps: 0.5905->0.5314 | t: 134.9s | cell ETA 1h04m (+eval)
2026-09-27 20:50:05 | B7    ports   seed44 | ep  7/31 | Reward:    68.0 | Acc: 0.633 | Eps: 0.5314->0.4783 | t: 144.4s | cell ETA 1h00m (+eval)
2026-09-27 20:52:49 | B7    ports   seed44 | ep  8/31 | Reward:   126.0 | Acc: 0.746 | Eps: 0.4783->0.4305 | t: 164.7s | cell ETA 58m58s (+eval)
2026-09-27 20:55:35 | B7    ports   seed44 | ep  9/31 | Reward:   122.0 | Acc: 0.738 | Eps: 0.4305->0.3874 | t: 165.6s | cell ETA 56m53s (+eval)
2026-09-27 20:58:23 | B7    ports   seed44 | ep 10/31 | Reward:   122.0 | Acc: 0.738 | Eps: 0.3874->0.3487 | t: 168.5s | cell ETA 54m46s (+eval)
2026-09-27 21:00:57 | B7    ports   seed44 | ep 11/31 | Reward:   136.0 | Acc: 0.766 | Eps: 0.3487->0.3138 | t: 153.4s | cell ETA 52m04s (+eval)
2026-09-27 21:03:18 | B7    ports   seed44 | ep 12/31 | Reward:   146.0 | Acc: 0.785 | Eps: 0.3138->0.2824 | t: 140.9s | cell ETA 49m03s (+eval)
2026-09-27 21:05:41 | B7    ports   seed44 | ep 13/31 | Reward:   140.0 | Acc: 0.773 | Eps: 0.2824->0.2542 | t: 142.8s | cell ETA 46m12s (+eval)
2026-09-27 21:08:08 | B7    ports   seed44 | ep 14/31 | Reward:   154.0 | Acc: 0.801 | Eps: 0.2542->0.2288 | t: 147.0s | cell ETA 43m29s (+eval)
2026-09-27 21:10:52 | B7    ports   seed44 | ep 15/31 | Reward:   164.0 | Acc: 0.820 | Eps: 0.2288->0.2059 | t: 164.2s | cell ETA 41m07s (+eval)
2026-09-27 21:13:37 | B7    ports   seed44 | ep 16/31 | Reward:   160.0 | Acc: 0.812 | Eps: 0.2059->0.1853 | t: 164.6s | cell ETA 38m43s (+eval)
2026-09-27 21:16:24 | B7    ports   seed44 | ep 17/31 | Reward:   166.0 | Acc: 0.824 | Eps: 0.1853->0.1668 | t: 167.8s | cell ETA 36m18s (+eval)
2026-09-27 21:19:08 | B7    ports   seed44 | ep 18/31 | Reward:   166.0 | Acc: 0.824 | Eps: 0.1668->0.1501 | t: 163.3s | cell ETA 33m48s (+eval)
2026-09-27 21:21:30 | B7    ports   seed44 | ep 19/31 | Reward:   152.0 | Acc: 0.797 | Eps: 0.1501->0.1351 | t: 142.8s | cell ETA 31m04s (+eval)
2026-09-27 21:23:54 | B7    ports   seed44 | ep 20/31 | Reward:   172.0 | Acc: 0.836 | Eps: 0.1351->0.1216 | t: 143.3s | cell ETA 28m22s (+eval)
2026-09-27 21:26:16 | B7    ports   seed44 | ep 21/31 | Reward:   180.0 | Acc: 0.852 | Eps: 0.1216->0.1094 | t: 142.5s | cell ETA 25m41s (+eval)
2026-09-27 21:28:54 | B7    ports   seed44 | ep 22/31 | Reward:   194.0 | Acc: 0.879 | Eps: 0.1094->0.0985 | t: 158.1s | cell ETA 23m09s (+eval)
2026-09-27 21:31:42 | B7    ports   seed44 | ep 23/31 | Reward:   178.0 | Acc: 0.848 | Eps: 0.0985->0.0886 | t: 167.3s | cell ETA 20m39s (+eval)
2026-09-27 21:34:30 | B7    ports   seed44 | ep 24/31 | Reward:   174.0 | Acc: 0.840 | Eps: 0.0886->0.0798 | t: 168.4s | cell ETA 18m08s (+eval)
2026-09-27 21:37:15 | B7    ports   seed44 | ep 25/31 | Reward:   178.0 | Acc: 0.848 | Eps: 0.0798->0.0718 | t: 165.1s | cell ETA 15m35s (+eval)
2026-09-27 21:39:44 | B7    ports   seed44 | ep 26/31 | Reward:   188.0 | Acc: 0.867 | Eps: 0.0718->0.0646 | t: 148.3s | cell ETA 12m57s (+eval)
2026-09-27 21:42:05 | B7    ports   seed44 | ep 27/31 | Reward:   182.0 | Acc: 0.855 | Eps: 0.0646->0.0581 | t: 141.8s | cell ETA 10m20s (+eval)
2026-09-27 21:44:29 | B7    ports   seed44 | ep 28/31 | Reward:   190.0 | Acc: 0.871 | Eps: 0.0581->0.0523 | t: 143.4s | cell ETA 7m43s (+eval)
2026-09-27 21:47:11 | B7    ports   seed44 | ep 29/31 | Reward:   192.0 | Acc: 0.875 | Eps: 0.0523->0.0500 | t: 161.9s | cell ETA 5m09s (+eval)
2026-09-27 21:49:58 | B7    ports   seed44 | ep 30/31 | Reward:   182.0 | Acc: 0.855 | Eps: 0.0500->0.0500 | t: 167.4s | cell ETA 2m35s (+eval)
2026-09-27 21:52:49 | B7    ports   seed44 | ep 31/31 | Reward:   192.0 | Acc: 0.875 | Eps: 0.0500->0.0500 | t: 170.4s | cell ETA 0s (+eval)
2026-09-27 21:53:14 | B7    ports   seed44 | DONE in 1h21m | KT_F1=79.61 KT_AUC=95.41 | ZD weighted=98.32 macro=66.66
2026-09-27 21:53:46 | B8    ports   seed44 | START training
2026-09-27 21:56:19 | B8    ports   seed44 | ep  1/31 | Reward:    38.0 | Acc: 0.574 | Eps: 1.0000->0.9000 | t: 147.9s | cell ETA 1h13m (+eval)
2026-09-27 21:58:38 | B8    ports   seed44 | ep  2/31 | Reward:    14.0 | Acc: 0.527 | Eps: 0.9000->0.8100 | t: 138.6s | cell ETA 1h09m (+eval)
2026-09-27 22:00:58 | B8    ports   seed44 | ep  3/31 | Reward:    42.0 | Acc: 0.582 | Eps: 0.8100->0.7290 | t: 140.0s | cell ETA 1h06m (+eval)
2026-09-27 22:03:18 | B8    ports   seed44 | ep  4/31 | Reward:    46.0 | Acc: 0.590 | Eps: 0.7290->0.6561 | t: 140.7s | cell ETA 1h03m (+eval)
2026-09-27 22:06:01 | B8    ports   seed44 | ep  5/31 | Reward:    58.0 | Acc: 0.613 | Eps: 0.6561->0.5905 | t: 162.5s | cell ETA 1h03m (+eval)
2026-09-27 22:08:41 | B8    ports   seed44 | ep  6/31 | Reward:    70.0 | Acc: 0.637 | Eps: 0.5905->0.5314 | t: 160.0s | cell ETA 1h01m (+eval)
2026-09-27 22:11:24 | B8    ports   seed44 | ep  7/31 | Reward:    76.0 | Acc: 0.648 | Eps: 0.5314->0.4783 | t: 162.9s | cell ETA 1h00m (+eval)
2026-09-27 22:13:59 | B8    ports   seed44 | ep  8/31 | Reward:   100.0 | Acc: 0.695 | Eps: 0.4783->0.4305 | t: 155.2s | cell ETA 57m52s (+eval)
2026-09-27 22:16:23 | B8    ports   seed44 | ep  9/31 | Reward:   136.0 | Acc: 0.766 | Eps: 0.4305->0.3874 | t: 143.5s | cell ETA 55m03s (+eval)
2026-09-27 22:18:43 | B8    ports   seed44 | ep 10/31 | Reward:   104.0 | Acc: 0.703 | Eps: 0.3874->0.3487 | t: 140.4s | cell ETA 52m12s (+eval)
2026-09-27 22:21:08 | B8    ports   seed44 | ep 11/31 | Reward:   118.0 | Acc: 0.730 | Eps: 0.3487->0.3138 | t: 144.8s | cell ETA 49m35s (+eval)
2026-09-27 22:23:54 | B8    ports   seed44 | ep 12/31 | Reward:   128.0 | Acc: 0.750 | Eps: 0.3138->0.2824 | t: 166.3s | cell ETA 47m34s (+eval)
2026-09-27 22:26:45 | B8    ports   seed44 | ep 13/31 | Reward:   146.0 | Acc: 0.785 | Eps: 0.2824->0.2542 | t: 170.5s | cell ETA 45m32s (+eval)
2026-09-27 22:29:33 | B8    ports   seed44 | ep 14/31 | Reward:   164.0 | Acc: 0.820 | Eps: 0.2542->0.2288 | t: 168.1s | cell ETA 43m20s (+eval)
2026-09-27 22:32:09 | B8    ports   seed44 | ep 15/31 | Reward:   154.0 | Acc: 0.801 | Eps: 0.2288->0.2059 | t: 155.6s | cell ETA 40m50s (+eval)
2026-09-27 22:34:36 | B8    ports   seed44 | ep 16/31 | Reward:   148.0 | Acc: 0.789 | Eps: 0.2059->0.1853 | t: 147.3s | cell ETA 38m11s (+eval)
2026-09-27 22:37:03 | B8    ports   seed44 | ep 17/31 | Reward:   192.0 | Acc: 0.875 | Eps: 0.1853->0.1668 | t: 146.9s | cell ETA 35m33s (+eval)
2026-09-27 22:39:49 | B8    ports   seed44 | ep 18/31 | Reward:   192.0 | Acc: 0.875 | Eps: 0.1668->0.1501 | t: 165.8s | cell ETA 33m11s (+eval)
2026-09-27 22:42:35 | B8    ports   seed44 | ep 19/31 | Reward:   130.0 | Acc: 0.754 | Eps: 0.1501->0.1351 | t: 166.6s | cell ETA 30m46s (+eval)
2026-09-27 22:45:27 | B8    ports   seed44 | ep 20/31 | Reward:   178.0 | Acc: 0.848 | Eps: 0.1351->0.1216 | t: 172.3s | cell ETA 28m22s (+eval)
2026-09-27 22:48:12 | B8    ports   seed44 | ep 21/31 | Reward:   196.0 | Acc: 0.883 | Eps: 0.1216->0.1094 | t: 164.6s | cell ETA 25m52s (+eval)
2026-09-27 22:50:41 | B8    ports   seed44 | ep 22/31 | Reward:   172.0 | Acc: 0.836 | Eps: 0.1094->0.0985 | t: 148.8s | cell ETA 23m14s (+eval)
2026-09-27 22:53:08 | B8    ports   seed44 | ep 23/31 | Reward:   172.0 | Acc: 0.836 | Eps: 0.0985->0.0886 | t: 146.8s | cell ETA 20m36s (+eval)
2026-09-27 22:55:32 | B8    ports   seed44 | ep 24/31 | Reward:   178.0 | Acc: 0.848 | Eps: 0.0886->0.0798 | t: 144.7s | cell ETA 17m59s (+eval)
2026-09-27 22:58:08 | B8    ports   seed44 | ep 25/31 | Reward:   194.0 | Acc: 0.879 | Eps: 0.0798->0.0718 | t: 155.5s | cell ETA 15m25s (+eval)
2026-09-27 23:00:55 | B8    ports   seed44 | ep 26/31 | Reward:   186.0 | Acc: 0.863 | Eps: 0.0718->0.0646 | t: 167.3s | cell ETA 12m53s (+eval)
2026-09-27 23:03:47 | B8    ports   seed44 | ep 27/31 | Reward:   194.0 | Acc: 0.879 | Eps: 0.0646->0.0581 | t: 171.8s | cell ETA 10m21s (+eval)
2026-09-27 23:06:34 | B8    ports   seed44 | ep 28/31 | Reward:   196.0 | Acc: 0.883 | Eps: 0.0581->0.0523 | t: 167.2s | cell ETA 7m47s (+eval)
2026-09-27 23:09:04 | B8    ports   seed44 | ep 29/31 | Reward:   198.0 | Acc: 0.887 | Eps: 0.0523->0.0500 | t: 149.7s | cell ETA 5m11s (+eval)
2026-09-27 23:11:31 | B8    ports   seed44 | ep 30/31 | Reward:   198.0 | Acc: 0.887 | Eps: 0.0500->0.0500 | t: 147.3s | cell ETA 2m35s (+eval)
2026-09-27 23:13:59 | B8    ports   seed44 | ep 31/31 | Reward:   208.0 | Acc: 0.906 | Eps: 0.0500->0.0500 | t: 147.4s | cell ETA 0s (+eval)
2026-09-27 23:14:25 | B8    ports   seed44 | DONE in 1h20m | KT_F1=81.11 KT_AUC=95.24 | ZD weighted=98.29 macro=66.28
2026-09-27 23:14:38 | B9    ports   seed44 | START training
2026-09-27 23:17:11 | B9    ports   seed44 | ep  1/31 | Reward:    38.0 | Acc: 0.574 | Eps: 1.0000->0.9000 | t: 148.7s | cell ETA 1h14m (+eval)
2026-09-27 23:19:44 | B9    ports   seed44 | ep  2/31 | Reward:    10.0 | Acc: 0.520 | Eps: 0.9000->0.8100 | t: 153.6s | cell ETA 1h13m (+eval)
2026-09-27 23:22:23 | B9    ports   seed44 | ep  3/31 | Reward:    42.0 | Acc: 0.582 | Eps: 0.8100->0.7290 | t: 158.7s | cell ETA 1h11m (+eval)
2026-09-27 23:25:05 | B9    ports   seed44 | ep  4/31 | Reward:    48.0 | Acc: 0.594 | Eps: 0.7290->0.6561 | t: 161.5s | cell ETA 1h10m (+eval)
2026-09-27 23:27:26 | B9    ports   seed44 | ep  5/31 | Reward:    62.0 | Acc: 0.621 | Eps: 0.6561->0.5905 | t: 141.7s | cell ETA 1h06m (+eval)
2026-09-27 23:29:43 | B9    ports   seed44 | ep  6/31 | Reward:    70.0 | Acc: 0.637 | Eps: 0.5905->0.5314 | t: 136.9s | cell ETA 1h02m (+eval)
2026-09-27 23:31:59 | B9    ports   seed44 | ep  7/31 | Reward:    78.0 | Acc: 0.652 | Eps: 0.5314->0.4783 | t: 135.9s | cell ETA 59m15s (+eval)
2026-09-27 23:34:33 | B9    ports   seed44 | ep  8/31 | Reward:   114.0 | Acc: 0.723 | Eps: 0.4783->0.4305 | t: 153.6s | cell ETA 57m02s (+eval)
2026-09-27 23:37:23 | B9    ports   seed44 | ep  9/31 | Reward:   130.0 | Acc: 0.754 | Eps: 0.4305->0.3874 | t: 169.7s | cell ETA 55m25s (+eval)
2026-09-27 23:40:14 | B9    ports   seed44 | ep 10/31 | Reward:   106.0 | Acc: 0.707 | Eps: 0.3874->0.3487 | t: 171.4s | cell ETA 53m36s (+eval)
2026-09-27 23:42:56 | B9    ports   seed44 | ep 11/31 | Reward:   124.0 | Acc: 0.742 | Eps: 0.3487->0.3138 | t: 161.9s | cell ETA 51m19s (+eval)
2026-09-27 23:45:19 | B9    ports   seed44 | ep 12/31 | Reward:   110.0 | Acc: 0.715 | Eps: 0.3138->0.2824 | t: 143.1s | cell ETA 48m28s (+eval)
2026-09-27 23:47:38 | B9    ports   seed44 | ep 13/31 | Reward:   134.0 | Acc: 0.762 | Eps: 0.2824->0.2542 | t: 138.8s | cell ETA 45m35s (+eval)
2026-09-27 23:50:00 | B9    ports   seed44 | ep 14/31 | Reward:   168.0 | Acc: 0.828 | Eps: 0.2542->0.2288 | t: 142.1s | cell ETA 42m51s (+eval)
2026-09-27 23:52:59 | B9    ports   seed44 | ep 15/31 | Reward:   170.0 | Acc: 0.832 | Eps: 0.2288->0.2059 | t: 179.3s | cell ETA 40m50s (+eval)
2026-09-27 23:55:54 | B9    ports   seed44 | ep 16/31 | Reward:   160.0 | Acc: 0.812 | Eps: 0.2059->0.1853 | t: 174.1s | cell ETA 38m36s (+eval)
2026-09-27 23:58:45 | B9    ports   seed44 | ep 17/31 | Reward:   194.0 | Acc: 0.879 | Eps: 0.1853->0.1668 | t: 171.6s | cell ETA 36m16s (+eval)
2026-09-28 00:01:26 | B9    ports   seed44 | ep 18/31 | Reward:   192.0 | Acc: 0.875 | Eps: 0.1668->0.1501 | t: 160.5s | cell ETA 33m44s (+eval)
2026-09-28 00:03:45 | B9    ports   seed44 | ep 19/31 | Reward:   144.0 | Acc: 0.781 | Eps: 0.1501->0.1351 | t: 139.3s | cell ETA 30m58s (+eval)
2026-09-28 00:06:02 | B9    ports   seed44 | ep 20/31 | Reward:   172.0 | Acc: 0.836 | Eps: 0.1351->0.1216 | t: 137.2s | cell ETA 28m13s (+eval)
2026-09-28 00:08:20 | B9    ports   seed44 | ep 21/31 | Reward:   200.0 | Acc: 0.891 | Eps: 0.1216->0.1094 | t: 137.3s | cell ETA 25m31s (+eval)
2026-09-28 00:11:17 | B9    ports   seed44 | ep 22/31 | Reward:   178.0 | Acc: 0.848 | Eps: 0.1094->0.0985 | t: 177.0s | cell ETA 23m08s (+eval)
2026-09-28 00:14:10 | B9    ports   seed44 | ep 23/31 | Reward:   176.0 | Acc: 0.844 | Eps: 0.0985->0.0886 | t: 173.5s | cell ETA 20m40s (+eval)
2026-09-28 00:16:56 | B9    ports   seed44 | ep 24/31 | Reward:   184.0 | Acc: 0.859 | Eps: 0.0886->0.0798 | t: 166.3s | cell ETA 18m08s (+eval)
2026-09-28 00:19:41 | B9    ports   seed44 | ep 25/31 | Reward:   198.0 | Acc: 0.887 | Eps: 0.0798->0.0718 | t: 164.7s | cell ETA 15m35s (+eval)
2026-09-28 00:22:04 | B9    ports   seed44 | ep 26/31 | Reward:   184.0 | Acc: 0.859 | Eps: 0.0718->0.0646 | t: 143.0s | cell ETA 12m57s (+eval)
2026-09-28 00:24:25 | B9    ports   seed44 | ep 27/31 | Reward:   184.0 | Acc: 0.859 | Eps: 0.0646->0.0581 | t: 140.9s | cell ETA 10m19s (+eval)
2026-09-28 00:26:43 | B9    ports   seed44 | ep 28/31 | Reward:   194.0 | Acc: 0.879 | Eps: 0.0581->0.0523 | t: 137.8s | cell ETA 7m42s (+eval)
2026-09-28 00:28:58 | B9    ports   seed44 | ep 29/31 | Reward:   186.0 | Acc: 0.863 | Eps: 0.0523->0.0500 | t: 135.0s | cell ETA 5m07s (+eval)
2026-09-28 00:31:18 | B9    ports   seed44 | ep 30/31 | Reward:   188.0 | Acc: 0.867 | Eps: 0.0500->0.0500 | t: 140.5s | cell ETA 2m33s (+eval)
2026-09-28 00:33:42 | B9    ports   seed44 | ep 31/31 | Reward:   202.0 | Acc: 0.895 | Eps: 0.0500->0.0500 | t: 143.2s | cell ETA 0s (+eval)
2026-09-28 00:34:07 | B9    ports   seed44 | DONE in 1h19m | KT_F1=84.30 KT_AUC=93.83 | ZD weighted=98.28 macro=65.07
2026-09-28 00:34:20 | B10   ports   seed44 | START training
2026-09-28 00:36:33 | B10   ports   seed44 | ep  1/31 | Reward:    38.0 | Acc: 0.574 | Eps: 1.0000->0.9000 | t: 128.3s | cell ETA 1h04m (+eval)
2026-09-28 00:38:27 | B10   ports   seed44 | ep  2/31 | Reward:    10.0 | Acc: 0.520 | Eps: 0.9000->0.8100 | t: 114.7s | cell ETA 58m43s (+eval)
2026-09-28 00:40:12 | B10   ports   seed44 | ep  3/31 | Reward:    42.0 | Acc: 0.582 | Eps: 0.8100->0.7290 | t: 104.2s | cell ETA 54m00s (+eval)
2026-09-28 00:41:58 | B10   ports   seed44 | ep  4/31 | Reward:    48.0 | Acc: 0.594 | Eps: 0.7290->0.6561 | t: 106.3s | cell ETA 51m01s (+eval)
2026-09-28 00:43:46 | B10   ports   seed44 | ep  5/31 | Reward:    62.0 | Acc: 0.621 | Eps: 0.6561->0.5905 | t: 108.3s | cell ETA 48m41s (+eval)
2026-09-28 00:46:00 | B10   ports   seed44 | ep  6/31 | Reward:    70.0 | Acc: 0.637 | Eps: 0.5905->0.5314 | t: 133.8s | cell ETA 48m18s (+eval)
2026-09-28 00:48:26 | B10   ports   seed44 | ep  7/31 | Reward:    78.0 | Acc: 0.652 | Eps: 0.5314->0.4783 | t: 145.7s | cell ETA 48m04s (+eval)
2026-09-28 00:50:52 | B10   ports   seed44 | ep  8/31 | Reward:   114.0 | Acc: 0.723 | Eps: 0.4783->0.4305 | t: 146.2s | cell ETA 47m19s (+eval)
2026-09-28 00:53:19 | B10   ports   seed44 | ep  9/31 | Reward:   130.0 | Acc: 0.754 | Eps: 0.4305->0.3874 | t: 147.5s | cell ETA 46m14s (+eval)
2026-09-28 00:55:26 | B10   ports   seed44 | ep 10/31 | Reward:   106.0 | Acc: 0.707 | Eps: 0.3874->0.3487 | t: 126.8s | cell ETA 44m09s (+eval)
2026-09-28 00:57:21 | B10   ports   seed44 | ep 11/31 | Reward:   124.0 | Acc: 0.742 | Eps: 0.3487->0.3138 | t: 115.1s | cell ETA 41m43s (+eval)
2026-09-28 00:59:16 | B10   ports   seed44 | ep 12/31 | Reward:   110.0 | Acc: 0.715 | Eps: 0.3138->0.2824 | t: 114.7s | cell ETA 39m21s (+eval)
2026-09-28 01:01:18 | B10   ports   seed44 | ep 13/31 | Reward:   134.0 | Acc: 0.762 | Eps: 0.2824->0.2542 | t: 121.3s | cell ETA 37m13s (+eval)
2026-09-28 01:03:45 | B10   ports   seed44 | ep 14/31 | Reward:   168.0 | Acc: 0.828 | Eps: 0.2542->0.2288 | t: 147.9s | cell ETA 35m38s (+eval)
2026-09-28 01:06:15 | B10   ports   seed44 | ep 15/31 | Reward:   170.0 | Acc: 0.832 | Eps: 0.2288->0.2059 | t: 149.2s | cell ETA 33m57s (+eval)
2026-09-28 01:08:44 | B10   ports   seed44 | ep 16/31 | Reward:   160.0 | Acc: 0.812 | Eps: 0.2059->0.1853 | t: 148.8s | cell ETA 32m10s (+eval)
2026-09-28 01:11:03 | B10   ports   seed44 | ep 17/31 | Reward:   194.0 | Acc: 0.879 | Eps: 0.1853->0.1668 | t: 139.3s | cell ETA 30m10s (+eval)
2026-09-28 01:13:01 | B10   ports   seed44 | ep 18/31 | Reward:   192.0 | Acc: 0.875 | Eps: 0.1668->0.1501 | t: 118.0s | cell ETA 27m52s (+eval)
2026-09-28 01:14:55 | B10   ports   seed44 | ep 19/31 | Reward:   144.0 | Acc: 0.781 | Eps: 0.1501->0.1351 | t: 114.6s | cell ETA 25m35s (+eval)
2026-09-28 01:16:51 | B10   ports   seed44 | ep 20/31 | Reward:   172.0 | Acc: 0.836 | Eps: 0.1351->0.1216 | t: 115.4s | cell ETA 23m20s (+eval)
2026-09-28 01:19:18 | B10   ports   seed44 | ep 21/31 | Reward:   200.0 | Acc: 0.891 | Eps: 0.1216->0.1094 | t: 147.4s | cell ETA 21m22s (+eval)
2026-09-28 01:21:47 | B10   ports   seed44 | ep 22/31 | Reward:   178.0 | Acc: 0.848 | Eps: 0.1094->0.0985 | t: 148.6s | cell ETA 19m22s (+eval)
2026-09-28 01:24:13 | B10   ports   seed44 | ep 23/31 | Reward:   176.0 | Acc: 0.844 | Eps: 0.0985->0.0886 | t: 145.6s | cell ETA 17m19s (+eval)
2026-09-28 01:26:34 | B10   ports   seed44 | ep 24/31 | Reward:   184.0 | Acc: 0.859 | Eps: 0.0886->0.0798 | t: 141.6s | cell ETA 15m12s (+eval)
2026-09-28 01:28:35 | B10   ports   seed44 | ep 25/31 | Reward:   198.0 | Acc: 0.887 | Eps: 0.0798->0.0718 | t: 120.5s | cell ETA 12m59s (+eval)
2026-09-28 01:30:29 | B10   ports   seed44 | ep 26/31 | Reward:   184.0 | Acc: 0.859 | Eps: 0.0718->0.0646 | t: 114.1s | cell ETA 10m46s (+eval)
2026-09-28 01:32:22 | B10   ports   seed44 | ep 27/31 | Reward:   184.0 | Acc: 0.859 | Eps: 0.0646->0.0581 | t: 112.9s | cell ETA 8m35s (+eval)
2026-09-28 01:34:26 | B10   ports   seed44 | ep 28/31 | Reward:   194.0 | Acc: 0.879 | Eps: 0.0581->0.0523 | t: 123.9s | cell ETA 6m25s (+eval)
2026-09-28 01:36:44 | B10   ports   seed44 | ep 29/31 | Reward:   186.0 | Acc: 0.863 | Eps: 0.0523->0.0500 | t: 138.5s | cell ETA 4m17s (+eval)
2026-09-28 01:39:02 | B10   ports   seed44 | ep 30/31 | Reward:   188.0 | Acc: 0.867 | Eps: 0.0500->0.0500 | t: 137.9s | cell ETA 2m09s (+eval)
2026-09-28 01:41:24 | B10   ports   seed44 | ep 31/31 | Reward:   202.0 | Acc: 0.895 | Eps: 0.0500->0.0500 | t: 141.7s | cell ETA 0s (+eval)
2026-09-28 01:41:47 | B10   ports   seed44 | DONE in 1h07m | KT_F1=84.30 KT_AUC=93.83 | ZD weighted=98.28 macro=65.07
2026-09-28 01:42:05 | B11   ports   seed44 | START training
2026-09-28 01:44:23 | B11   ports   seed44 | ep  1/31 | Reward:  -325.0 | Acc: 0.332 | Eps: 1.0000->0.9000 | t: 132.8s | Investigations: 79 | cell ETA 1h06m (+eval)
2026-09-28 01:46:15 | B11   ports   seed44 | ep  2/31 | Reward:  -234.0 | Acc: 0.387 | Eps: 0.9000->0.8100 | t: 112.2s | Investigations: 79 | cell ETA 59m12s (+eval)
2026-09-28 01:48:06 | B11   ports   seed44 | ep  3/31 | Reward:  -203.0 | Acc: 0.438 | Eps: 0.8100->0.7290 | t: 111.3s | Investigations: 69 | cell ETA 55m25s (+eval)
2026-09-28 01:49:59 | B11   ports   seed44 | ep  4/31 | Reward:   -26.0 | Acc: 0.512 | Eps: 0.7290->0.6561 | t: 112.6s | Investigations: 63 | cell ETA 52m45s (+eval)
2026-09-28 01:52:04 | B11   ports   seed44 | ep  5/31 | Reward:   -44.0 | Acc: 0.500 | Eps: 0.6561->0.5905 | t: 124.5s | Investigations: 52 | cell ETA 51m25s (+eval)
2026-09-28 01:54:28 | B11   ports   seed44 | ep  6/31 | Reward:   110.0 | Acc: 0.605 | Eps: 0.5905->0.5314 | t: 144.1s | Investigations: 43 | cell ETA 51m12s (+eval)
2026-09-28 01:56:53 | B11   ports   seed44 | ep  7/31 | Reward:    87.0 | Acc: 0.605 | Eps: 0.5314->0.4783 | t: 144.9s | Investigations: 35 | cell ETA 50m25s (+eval)
2026-09-28 01:59:18 | B11   ports   seed44 | ep  8/31 | Reward:    76.0 | Acc: 0.641 | Eps: 0.4783->0.4305 | t: 145.1s | Investigations: 42 | cell ETA 49m14s (+eval)
2026-09-28 02:01:36 | B11   ports   seed44 | ep  9/31 | Reward:   245.0 | Acc: 0.695 | Eps: 0.4305->0.3874 | t: 137.7s | Investigations: 34 | cell ETA 47m28s (+eval)
2026-09-28 02:03:32 | B11   ports   seed44 | ep 10/31 | Reward:   191.0 | Acc: 0.676 | Eps: 0.3874->0.3487 | t: 116.3s | Investigations: 30 | cell ETA 44m51s (+eval)
2026-09-28 02:05:26 | B11   ports   seed44 | ep 11/31 | Reward:   243.0 | Acc: 0.723 | Eps: 0.3487->0.3138 | t: 113.9s | Investigations: 28 | cell ETA 42m17s (+eval)
2026-09-28 02:07:21 | B11   ports   seed44 | ep 12/31 | Reward:   164.0 | Acc: 0.711 | Eps: 0.3138->0.2824 | t: 115.3s | Investigations: 22 | cell ETA 39m51s (+eval)
2026-09-28 02:09:47 | B11   ports   seed44 | ep 13/31 | Reward:   294.0 | Acc: 0.762 | Eps: 0.2824->0.2542 | t: 145.5s | Investigations: 22 | cell ETA 38m13s (+eval)
2026-09-28 02:12:15 | B11   ports   seed44 | ep 14/31 | Reward:   408.0 | Acc: 0.816 | Eps: 0.2542->0.2288 | t: 148.9s | Investigations: 18 | cell ETA 36m31s (+eval)
2026-09-28 02:14:45 | B11   ports   seed44 | ep 15/31 | Reward:   224.0 | Acc: 0.738 | Eps: 0.2288->0.2059 | t: 149.8s | Investigations: 17 | cell ETA 34m45s (+eval)
2026-09-28 02:17:13 | B11   ports   seed44 | ep 16/31 | Reward:   277.0 | Acc: 0.773 | Eps: 0.2059->0.1853 | t: 147.7s | Investigations: 16 | cell ETA 32m51s (+eval)
2026-09-28 02:19:15 | B11   ports   seed44 | ep 17/31 | Reward:   303.0 | Acc: 0.793 | Eps: 0.1853->0.1668 | t: 122.1s | Investigations: 14 | cell ETA 30m32s (+eval)
2026-09-28 02:21:11 | B11   ports   seed44 | ep 18/31 | Reward:   348.0 | Acc: 0.812 | Eps: 0.1668->0.1501 | t: 116.2s | Investigations: 9 | cell ETA 28m10s (+eval)
2026-09-28 02:23:06 | B11   ports   seed44 | ep 19/31 | Reward:   325.0 | Acc: 0.773 | Eps: 0.1501->0.1351 | t: 114.4s | Investigations: 20 | cell ETA 25m50s (+eval)
2026-09-28 02:25:17 | B11   ports   seed44 | ep 20/31 | Reward:   344.0 | Acc: 0.828 | Eps: 0.1351->0.1216 | t: 130.8s | Investigations: 10 | cell ETA 23m42s (+eval)
2026-09-28 02:27:47 | B11   ports   seed44 | ep 21/31 | Reward:   388.0 | Acc: 0.855 | Eps: 0.1216->0.1094 | t: 149.9s | Investigations: 8 | cell ETA 21m42s (+eval)
2026-09-28 02:30:17 | B11   ports   seed44 | ep 22/31 | Reward:   310.0 | Acc: 0.812 | Eps: 0.1094->0.0985 | t: 150.3s | Investigations: 11 | cell ETA 19m40s (+eval)
2026-09-28 02:32:45 | B11   ports   seed44 | ep 23/31 | Reward:   384.0 | Acc: 0.836 | Eps: 0.0985->0.0886 | t: 148.1s | Investigations: 14 | cell ETA 17m35s (+eval)
2026-09-28 02:34:56 | B11   ports   seed44 | ep 24/31 | Reward:   415.0 | Acc: 0.871 | Eps: 0.0886->0.0798 | t: 131.2s | Investigations: 9 | cell ETA 15m23s (+eval)
2026-09-28 02:36:52 | B11   ports   seed44 | ep 25/31 | Reward:   417.0 | Acc: 0.875 | Eps: 0.0798->0.0718 | t: 116.2s | Investigations: 5 | cell ETA 13m07s (+eval)
2026-09-28 02:38:47 | B11   ports   seed44 | ep 26/31 | Reward:   364.0 | Acc: 0.852 | Eps: 0.0718->0.0646 | t: 114.4s | Investigations: 9 | cell ETA 10m53s (+eval)
2026-09-28 02:40:54 | B11   ports   seed44 | ep 27/31 | Reward:   416.0 | Acc: 0.875 | Eps: 0.0646->0.0581 | t: 126.8s | Investigations: 7 | cell ETA 8m41s (+eval)
2026-09-28 02:43:25 | B11   ports   seed44 | ep 28/31 | Reward:   430.0 | Acc: 0.875 | Eps: 0.0581->0.0523 | t: 151.7s | Investigations: 3 | cell ETA 6m33s (+eval)
2026-09-28 02:45:54 | B11   ports   seed44 | ep 29/31 | Reward:   398.0 | Acc: 0.887 | Eps: 0.0523->0.0500 | t: 148.4s | Investigations: 2 | cell ETA 4m23s (+eval)
2026-09-28 02:48:21 | B11   ports   seed44 | ep 30/31 | Reward:   411.0 | Acc: 0.859 | Eps: 0.0500->0.0500 | t: 147.6s | Investigations: 7 | cell ETA 2m12s (+eval)
2026-09-28 02:50:40 | B11   ports   seed44 | ep 31/31 | Reward:   307.0 | Acc: 0.855 | Eps: 0.0500->0.0500 | t: 138.2s | Investigations: 4 | cell ETA 0s (+eval)
2026-09-28 02:51:02 | B11   ports   seed44 | DONE in 1h08m | KT_F1=83.32 KT_AUC=91.25 | ZD weighted=94.00 macro=53.73
2026-09-28 02:51:06 | rf    ports   seed44 | START supervised
2026-09-28 03:05:39 | rf    ports   seed44 | [rf] Known-Test Recall=97.07%  ROC-AUC=99.69%  |  Weighted-ZD=65.05%  Macro-ZD=48.62%  (871s)
2026-09-28 03:05:39 | rf    ports   seed44 | DONE in 14m32s -> C:\Users\Dr. Zarepour\Desktop\RL_IDS\Codes\experiments\MULTISEED\runs\supervised\rf\ports\seed44
2026-09-28 03:05:44 | xgb   ports   seed44 | START supervised
2026-09-28 03:10:59 | xgb   ports   seed44 | [xgb] Known-Test Recall=97.1%  ROC-AUC=99.67%  |  Weighted-ZD=65.05%  Macro-ZD=48.58%  (314s)
2026-09-28 03:10:59 | xgb   ports   seed44 | DONE in 5m15s -> C:\Users\Dr. Zarepour\Desktop\RL_IDS\Codes\experiments\MULTISEED\runs\supervised\xgb\ports\seed44
2026-09-28 03:11:03 | mlp   ports   seed44 | START supervised
2026-09-28 03:15:00 | mlp   ports   seed44 | [mlp] Known-Test Recall=92.76%  ROC-AUC=99.11%  |  Weighted-ZD=94.99%  Macro-ZD=47.2%  (236s)
2026-09-28 03:15:00 | mlp   ports   seed44 | DONE in 3m57s -> C:\Users\Dr. Zarepour\Desktop\RL_IDS\Codes\experiments\MULTISEED\runs\supervised\mlp\ports\seed44
2026-09-28 03:15:05 | lstm  ports   seed44 | START supervised
2026-09-28 05:00:31 | lstm  ports   seed44 | [lstm] Known-Test Recall=92.77%  ROC-AUC=99.14%  |  Weighted-ZD=95.55%  Macro-ZD=47.98%  (6325s)
2026-09-28 05:00:31 | lstm  ports   seed44 | DONE in 1h45m -> C:\Users\Dr. Zarepour\Desktop\RL_IDS\Codes\experiments\MULTISEED\runs\supervised\lstm\ports\seed44
2026-09-28 05:00:44 | B0    ports   seed45 | START training
2026-09-28 05:02:39 | B0    ports   seed45 | ep  1/31 | Reward:    64.0 | Acc: 0.625 | Eps: 0.3806 | t: 113.1s | cell ETA 56m33s (+eval)
2026-09-28 05:04:40 | B0    ports   seed45 | ep  2/31 | Reward:   162.0 | Acc: 0.816 | Eps: 0.1364 | t: 121.1s | cell ETA 56m35s (+eval)
2026-09-28 05:06:46 | B0    ports   seed45 | ep  3/31 | Reward:   194.0 | Acc: 0.879 | Eps: 0.0500 | t: 126.2s | cell ETA 56m03s (+eval)
2026-09-28 05:08:38 | B0    ports   seed45 | ep  4/31 | Reward:   212.0 | Acc: 0.914 | Eps: 0.0500 | t: 112.5s | cell ETA 53m12s (+eval)
2026-09-28 05:10:24 | B0    ports   seed45 | ep  5/31 | Reward:   196.0 | Acc: 0.883 | Eps: 0.0500 | t: 105.6s | cell ETA 50m08s (+eval)
2026-09-28 05:12:02 | B0    ports   seed45 | ep  6/31 | Reward:   212.0 | Acc: 0.914 | Eps: 0.0500 | t: 98.1s | cell ETA 46m59s (+eval)
2026-09-28 05:13:45 | B0    ports   seed45 | ep  7/31 | Reward:   208.0 | Acc: 0.906 | Eps: 0.0500 | t: 103.3s | cell ETA 44m33s (+eval)
2026-09-28 05:15:53 | B0    ports   seed45 | ep  8/31 | Reward:   222.0 | Acc: 0.934 | Eps: 0.0500 | t: 127.9s | cell ETA 43m29s (+eval)
2026-09-28 05:18:05 | B0    ports   seed45 | ep  9/31 | Reward:   214.0 | Acc: 0.918 | Eps: 0.0500 | t: 131.8s | cell ETA 42m21s (+eval)
2026-09-28 05:20:18 | B0    ports   seed45 | ep 10/31 | Reward:   210.0 | Acc: 0.910 | Eps: 0.0500 | t: 132.9s | cell ETA 41m02s (+eval)
2026-09-28 05:22:30 | B0    ports   seed45 | ep 11/31 | Reward:   232.0 | Acc: 0.953 | Eps: 0.0500 | t: 132.0s | cell ETA 39m31s (+eval)
2026-09-28 05:24:22 | B0    ports   seed45 | ep 12/31 | Reward:   224.0 | Acc: 0.938 | Eps: 0.0500 | t: 111.8s | cell ETA 37m22s (+eval)
2026-09-28 05:26:10 | B0    ports   seed45 | ep 13/31 | Reward:   222.0 | Acc: 0.934 | Eps: 0.0500 | t: 107.9s | cell ETA 35m10s (+eval)
2026-09-28 05:27:57 | B0    ports   seed45 | ep 14/31 | Reward:   220.0 | Acc: 0.930 | Eps: 0.0500 | t: 107.6s | cell ETA 33m01s (+eval)
2026-09-28 05:29:51 | B0    ports   seed45 | ep 15/31 | Reward:   228.0 | Acc: 0.945 | Eps: 0.0500 | t: 114.0s | cell ETA 31m02s (+eval)
2026-09-28 05:32:07 | B0    ports   seed45 | ep 16/31 | Reward:   230.0 | Acc: 0.949 | Eps: 0.0500 | t: 135.2s | cell ETA 29m23s (+eval)
2026-09-28 05:34:22 | B0    ports   seed45 | ep 17/31 | Reward:   226.0 | Acc: 0.941 | Eps: 0.0500 | t: 135.1s | cell ETA 27m40s (+eval)
2026-09-28 05:36:35 | B0    ports   seed45 | ep 18/31 | Reward:   212.0 | Acc: 0.914 | Eps: 0.0500 | t: 133.4s | cell ETA 25m52s (+eval)
2026-09-28 05:38:48 | B0    ports   seed45 | ep 19/31 | Reward:   204.0 | Acc: 0.898 | Eps: 0.0500 | t: 133.2s | cell ETA 24m01s (+eval)
2026-09-28 05:40:42 | B0    ports   seed45 | ep 20/31 | Reward:   232.0 | Acc: 0.953 | Eps: 0.0500 | t: 113.3s | cell ETA 21m57s (+eval)
2026-09-28 05:42:30 | B0    ports   seed45 | ep 21/31 | Reward:   216.0 | Acc: 0.922 | Eps: 0.0500 | t: 107.7s | cell ETA 19m52s (+eval)
2026-09-28 05:44:19 | B0    ports   seed45 | ep 22/31 | Reward:   228.0 | Acc: 0.945 | Eps: 0.0500 | t: 109.1s | cell ETA 17m48s (+eval)
2026-09-28 05:46:12 | B0    ports   seed45 | ep 23/31 | Reward:   224.0 | Acc: 0.938 | Eps: 0.0500 | t: 113.2s | cell ETA 15m48s (+eval)
2026-09-28 05:48:25 | B0    ports   seed45 | ep 24/31 | Reward:   224.0 | Acc: 0.938 | Eps: 0.0500 | t: 133.5s | cell ETA 13m54s (+eval)
2026-09-28 05:50:39 | B0    ports   seed45 | ep 25/31 | Reward:   226.0 | Acc: 0.941 | Eps: 0.0500 | t: 133.2s | cell ETA 11m58s (+eval)
2026-09-28 05:52:53 | B0    ports   seed45 | ep 26/31 | Reward:   216.0 | Acc: 0.922 | Eps: 0.0500 | t: 134.1s | cell ETA 10m01s (+eval)
2026-09-28 05:55:10 | B0    ports   seed45 | ep 27/31 | Reward:   218.0 | Acc: 0.926 | Eps: 0.0500 | t: 136.9s | cell ETA 8m03s (+eval)
2026-09-28 05:57:16 | B0    ports   seed45 | ep 28/31 | Reward:   220.0 | Acc: 0.930 | Eps: 0.0500 | t: 126.3s | cell ETA 6m03s (+eval)
2026-09-28 05:59:03 | B0    ports   seed45 | ep 29/31 | Reward:   218.0 | Acc: 0.926 | Eps: 0.0500 | t: 107.2s | cell ETA 4m01s (+eval)
2026-09-28 06:00:50 | B0    ports   seed45 | ep 30/31 | Reward:   198.0 | Acc: 0.887 | Eps: 0.0500 | t: 106.9s | cell ETA 2m00s (+eval)
2026-09-28 06:02:38 | B0    ports   seed45 | ep 31/31 | Reward:   222.0 | Acc: 0.934 | Eps: 0.0500 | t: 107.9s | cell ETA 0s (+eval)
2026-09-28 06:02:59 | B0    ports   seed45 | DONE in 1h02m | KT_F1=82.82 KT_AUC=94.00 | ZD weighted=87.98 macro=52.31
2026-09-28 06:03:07 | B1    ports   seed45 | START training
2026-09-28 06:05:18 | B1    ports   seed45 | ep  1/31 | reward=64.0 | acc=0.625 | eps=0.381 | t=128.4s | cell ETA 1h04m (+eval)
2026-09-28 06:07:33 | B1    ports   seed45 | ep  2/31 | reward=162.0 | acc=0.816 | eps=0.136 | t=135.3s | cell ETA 1h03m (+eval)
2026-09-28 06:09:53 | B1    ports   seed45 | ep  3/31 | reward=190.0 | acc=0.871 | eps=0.050 | t=139.9s | cell ETA 1h02m (+eval)
2026-09-28 06:12:14 | B1    ports   seed45 | ep  4/31 | reward=216.0 | acc=0.922 | eps=0.050 | t=141.0s | cell ETA 1h01m (+eval)
2026-09-28 06:14:26 | B1    ports   seed45 | ep  5/31 | reward=190.0 | acc=0.871 | eps=0.050 | t=131.7s | cell ETA 58m36s (+eval)
2026-09-28 06:16:20 | B1    ports   seed45 | ep  6/31 | reward=214.0 | acc=0.918 | eps=0.050 | t=114.0s | cell ETA 54m52s (+eval)
2026-09-28 06:18:13 | B1    ports   seed45 | ep  7/31 | reward=204.0 | acc=0.898 | eps=0.050 | t=113.3s | cell ETA 51m38s (+eval)
2026-09-28 06:20:10 | B1    ports   seed45 | ep  8/31 | reward=224.0 | acc=0.938 | eps=0.050 | t=116.7s | cell ETA 48m53s (+eval)
2026-09-28 06:22:31 | B1    ports   seed45 | ep  9/31 | reward=216.0 | acc=0.922 | eps=0.050 | t=141.6s | cell ETA 47m20s (+eval)
2026-09-28 06:24:53 | B1    ports   seed45 | ep 10/31 | reward=222.0 | acc=0.934 | eps=0.050 | t=141.8s | cell ETA 45m37s (+eval)
2026-09-28 06:27:18 | B1    ports   seed45 | ep 11/31 | reward=228.0 | acc=0.945 | eps=0.050 | t=144.1s | cell ETA 43m52s (+eval)
2026-09-28 06:29:37 | B1    ports   seed45 | ep 12/31 | reward=226.0 | acc=0.941 | eps=0.050 | t=139.1s | cell ETA 41m52s (+eval)
2026-09-28 06:31:26 | B1    ports   seed45 | ep 13/31 | reward=224.0 | acc=0.938 | eps=0.050 | t=109.5s | cell ETA 39m08s (+eval)
2026-09-28 06:33:16 | B1    ports   seed45 | ep 14/31 | reward=210.0 | acc=0.910 | eps=0.050 | t=110.2s | cell ETA 36m33s (+eval)
2026-09-28 06:35:09 | B1    ports   seed45 | ep 15/31 | reward=224.0 | acc=0.938 | eps=0.050 | t=112.6s | cell ETA 34m07s (+eval)
2026-09-28 06:37:27 | B1    ports   seed45 | ep 16/31 | reward=220.0 | acc=0.930 | eps=0.050 | t=138.0s | cell ETA 32m08s (+eval)
2026-09-28 06:39:51 | B1    ports   seed45 | ep 17/31 | reward=222.0 | acc=0.934 | eps=0.050 | t=143.9s | cell ETA 30m12s (+eval)
2026-09-28 06:42:14 | B1    ports   seed45 | ep 18/31 | reward=208.0 | acc=0.906 | eps=0.050 | t=143.3s | cell ETA 28m13s (+eval)
2026-09-28 06:44:33 | B1    ports   seed45 | ep 19/31 | reward=204.0 | acc=0.898 | eps=0.050 | t=139.2s | cell ETA 26m08s (+eval)
2026-09-28 06:46:35 | B1    ports   seed45 | ep 20/31 | reward=228.0 | acc=0.945 | eps=0.050 | t=122.0s | cell ETA 23m53s (+eval)
2026-09-28 06:48:31 | B1    ports   seed45 | ep 21/31 | reward=214.0 | acc=0.918 | eps=0.050 | t=115.4s | cell ETA 21m35s (+eval)
2026-09-28 06:50:26 | B1    ports   seed45 | ep 22/31 | reward=232.0 | acc=0.953 | eps=0.050 | t=115.1s | cell ETA 19m20s (+eval)
2026-09-28 06:52:33 | B1    ports   seed45 | ep 23/31 | reward=214.0 | acc=0.918 | eps=0.050 | t=127.4s | cell ETA 17m10s (+eval)
2026-09-28 06:54:59 | B1    ports   seed45 | ep 24/31 | reward=226.0 | acc=0.941 | eps=0.050 | t=145.8s | cell ETA 15m06s (+eval)
2026-09-28 06:57:26 | B1    ports   seed45 | ep 25/31 | reward=226.0 | acc=0.941 | eps=0.050 | t=146.3s | cell ETA 13m01s (+eval)
2026-09-28 06:59:51 | B1    ports   seed45 | ep 26/31 | reward=208.0 | acc=0.906 | eps=0.050 | t=145.7s | cell ETA 10m54s (+eval)
2026-09-28 07:02:04 | B1    ports   seed45 | ep 27/31 | reward=220.0 | acc=0.930 | eps=0.050 | t=132.6s | cell ETA 8m43s (+eval)
2026-09-28 07:03:58 | B1    ports   seed45 | ep 28/31 | reward=214.0 | acc=0.918 | eps=0.050 | t=114.0s | cell ETA 6m30s (+eval)
2026-09-28 07:05:53 | B1    ports   seed45 | ep 29/31 | reward=214.0 | acc=0.918 | eps=0.050 | t=114.5s | cell ETA 4m19s (+eval)
2026-09-28 07:07:48 | B1    ports   seed45 | ep 30/31 | reward=196.0 | acc=0.883 | eps=0.050 | t=115.3s | cell ETA 2m09s (+eval)
2026-09-28 07:10:07 | B1    ports   seed45 | ep 31/31 | reward=216.0 | acc=0.922 | eps=0.050 | t=138.7s | cell ETA 0s (+eval)
2026-09-28 07:10:30 | B1    ports   seed45 | DONE in 1h07m | KT_F1=78.57 KT_AUC=79.10 | ZD weighted=93.79 macro=46.65
2026-09-28 07:10:43 | B2    ports   seed45 | START training
2026-09-28 07:13:01 | B2    ports   seed45 | ep  1/31 | reward=16.0 | acc=0.531 | eps=0.900 | t=135.6s | cell ETA 1h07m (+eval)
2026-09-28 07:15:19 | B2    ports   seed45 | ep  2/31 | reward=42.0 | acc=0.582 | eps=0.810 | t=137.8s | cell ETA 1h06m (+eval)
2026-09-28 07:17:39 | B2    ports   seed45 | ep  3/31 | reward=60.0 | acc=0.617 | eps=0.729 | t=140.4s | cell ETA 1h04m (+eval)
2026-09-28 07:19:46 | B2    ports   seed45 | ep  4/31 | reward=60.0 | acc=0.617 | eps=0.656 | t=127.0s | cell ETA 1h00m (+eval)
2026-09-28 07:21:36 | B2    ports   seed45 | ep  5/31 | reward=68.0 | acc=0.633 | eps=0.590 | t=110.4s | cell ETA 56m26s (+eval)
2026-09-28 07:23:28 | B2    ports   seed45 | ep  6/31 | reward=70.0 | acc=0.637 | eps=0.531 | t=111.3s | cell ETA 52m57s (+eval)
2026-09-28 07:25:19 | B2    ports   seed45 | ep  7/31 | reward=74.0 | acc=0.645 | eps=0.478 | t=111.0s | cell ETA 49m54s (+eval)
2026-09-28 07:27:32 | B2    ports   seed45 | ep  8/31 | reward=126.0 | acc=0.746 | eps=0.430 | t=133.2s | cell ETA 48m14s (+eval)
2026-09-28 07:29:55 | B2    ports   seed45 | ep  9/31 | reward=114.0 | acc=0.723 | eps=0.387 | t=142.9s | cell ETA 46m50s (+eval)
2026-09-28 07:32:18 | B2    ports   seed45 | ep 10/31 | reward=138.0 | acc=0.770 | eps=0.349 | t=143.0s | cell ETA 45m14s (+eval)
2026-09-28 07:34:40 | B2    ports   seed45 | ep 11/31 | reward=156.0 | acc=0.805 | eps=0.314 | t=141.9s | cell ETA 43m28s (+eval)
2026-09-28 07:36:47 | B2    ports   seed45 | ep 12/31 | reward=164.0 | acc=0.820 | eps=0.282 | t=127.2s | cell ETA 41m12s (+eval)
2026-09-28 07:38:41 | B2    ports   seed45 | ep 13/31 | reward=162.0 | acc=0.816 | eps=0.254 | t=113.8s | cell ETA 38m39s (+eval)
2026-09-28 07:40:33 | B2    ports   seed45 | ep 14/31 | reward=168.0 | acc=0.828 | eps=0.229 | t=112.5s | cell ETA 36m11s (+eval)
2026-09-28 07:42:28 | B2    ports   seed45 | ep 15/31 | reward=166.0 | acc=0.824 | eps=0.206 | t=114.4s | cell ETA 33m49s (+eval)
2026-09-28 07:44:47 | B2    ports   seed45 | ep 16/31 | reward=174.0 | acc=0.840 | eps=0.185 | t=138.8s | cell ETA 31m53s (+eval)
2026-09-28 07:47:06 | B2    ports   seed45 | ep 17/31 | reward=182.0 | acc=0.855 | eps=0.167 | t=139.9s | cell ETA 29m56s (+eval)
2026-09-28 07:49:25 | B2    ports   seed45 | ep 18/31 | reward=180.0 | acc=0.852 | eps=0.150 | t=138.4s | cell ETA 27m55s (+eval)
2026-09-28 07:51:44 | B2    ports   seed45 | ep 19/31 | reward=182.0 | acc=0.855 | eps=0.135 | t=138.7s | cell ETA 25m52s (+eval)
2026-09-28 07:53:42 | B2    ports   seed45 | ep 20/31 | reward=206.0 | acc=0.902 | eps=0.122 | t=118.5s | cell ETA 23m37s (+eval)
2026-09-28 07:55:38 | B2    ports   seed45 | ep 21/31 | reward=200.0 | acc=0.891 | eps=0.109 | t=115.4s | cell ETA 21m21s (+eval)
2026-09-28 07:57:27 | B2    ports   seed45 | ep 22/31 | reward=208.0 | acc=0.906 | eps=0.098 | t=109.9s | cell ETA 19m06s (+eval)
2026-09-28 07:59:39 | B2    ports   seed45 | ep 23/31 | reward=194.0 | acc=0.879 | eps=0.089 | t=131.4s | cell ETA 17m00s (+eval)
2026-09-28 08:02:02 | B2    ports   seed45 | ep 24/31 | reward=224.0 | acc=0.938 | eps=0.080 | t=143.6s | cell ETA 14m57s (+eval)
2026-09-28 08:04:24 | B2    ports   seed45 | ep 25/31 | reward=200.0 | acc=0.891 | eps=0.072 | t=141.3s | cell ETA 12m52s (+eval)
2026-09-28 08:06:48 | B2    ports   seed45 | ep 26/31 | reward=210.0 | acc=0.910 | eps=0.065 | t=143.9s | cell ETA 10m46s (+eval)
2026-09-28 08:08:48 | B2    ports   seed45 | ep 27/31 | reward=208.0 | acc=0.906 | eps=0.058 | t=120.1s | cell ETA 8m35s (+eval)
2026-09-28 08:10:43 | B2    ports   seed45 | ep 28/31 | reward=222.0 | acc=0.934 | eps=0.052 | t=115.1s | cell ETA 6m25s (+eval)
2026-09-28 08:12:26 | B2    ports   seed45 | ep 29/31 | reward=222.0 | acc=0.934 | eps=0.050 | t=103.5s | cell ETA 4m15s (+eval)
2026-09-28 08:14:25 | B2    ports   seed45 | ep 30/31 | reward=200.0 | acc=0.891 | eps=0.050 | t=118.8s | cell ETA 2m07s (+eval)
2026-09-28 08:16:42 | B2    ports   seed45 | ep 31/31 | reward=202.0 | acc=0.895 | eps=0.050 | t=136.9s | cell ETA 0s (+eval)
2026-09-28 08:17:05 | B2    ports   seed45 | DONE in 1h06m | KT_F1=76.58 KT_AUC=81.45 | ZD weighted=93.79 macro=47.32
2026-09-28 08:17:16 | B3    ports   seed45 | START training
2026-09-28 08:19:36 | B3    ports   seed45 | ep  1/31 | reward=16.0 | acc=0.531 | eps=0.900 | t=138.1s | cell ETA 1h09m (+eval)
2026-09-28 08:21:47 | B3    ports   seed45 | ep  2/31 | reward=42.0 | acc=0.582 | eps=0.810 | t=130.6s | cell ETA 1h04m (+eval)
2026-09-28 08:24:05 | B3    ports   seed45 | ep  3/31 | reward=60.0 | acc=0.617 | eps=0.729 | t=137.6s | cell ETA 1h03m (+eval)
2026-09-28 08:26:29 | B3    ports   seed45 | ep  4/31 | reward=60.0 | acc=0.617 | eps=0.656 | t=144.2s | cell ETA 1h01m (+eval)
2026-09-28 08:28:45 | B3    ports   seed45 | ep  5/31 | reward=68.0 | acc=0.633 | eps=0.590 | t=135.8s | cell ETA 59m28s (+eval)
2026-09-28 08:30:58 | B3    ports   seed45 | ep  6/31 | reward=70.0 | acc=0.637 | eps=0.531 | t=132.8s | cell ETA 56m52s (+eval)
2026-09-28 08:33:43 | B3    ports   seed45 | ep  7/31 | reward=74.0 | acc=0.645 | eps=0.478 | t=165.2s | cell ETA 56m14s (+eval)
2026-09-28 08:36:30 | B3    ports   seed45 | ep  8/31 | reward=126.0 | acc=0.746 | eps=0.430 | t=167.2s | cell ETA 55m10s (+eval)
2026-09-28 08:39:14 | B3    ports   seed45 | ep  9/31 | reward=116.0 | acc=0.727 | eps=0.387 | t=164.5s | cell ETA 53m36s (+eval)
2026-09-28 08:41:57 | B3    ports   seed45 | ep 10/31 | reward=138.0 | acc=0.770 | eps=0.349 | t=162.7s | cell ETA 51m45s (+eval)
2026-09-28 08:44:27 | B3    ports   seed45 | ep 11/31 | reward=152.0 | acc=0.797 | eps=0.314 | t=150.1s | cell ETA 49m21s (+eval)
2026-09-28 08:46:53 | B3    ports   seed45 | ep 12/31 | reward=162.0 | acc=0.816 | eps=0.282 | t=145.3s | cell ETA 46m48s (+eval)
2026-09-28 08:49:18 | B3    ports   seed45 | ep 13/31 | reward=160.0 | acc=0.812 | eps=0.254 | t=145.7s | cell ETA 44m18s (+eval)
2026-09-28 08:51:55 | B3    ports   seed45 | ep 14/31 | reward=168.0 | acc=0.828 | eps=0.229 | t=156.3s | cell ETA 42m00s (+eval)
2026-09-28 08:54:46 | B3    ports   seed45 | ep 15/31 | reward=168.0 | acc=0.828 | eps=0.206 | t=171.8s | cell ETA 39m57s (+eval)
2026-09-28 08:57:39 | B3    ports   seed45 | ep 16/31 | reward=174.0 | acc=0.840 | eps=0.185 | t=172.1s | cell ETA 37m48s (+eval)
2026-09-28 09:00:30 | B3    ports   seed45 | ep 17/31 | reward=194.0 | acc=0.879 | eps=0.167 | t=171.8s | cell ETA 35m34s (+eval)
2026-09-28 09:03:08 | B3    ports   seed45 | ep 18/31 | reward=180.0 | acc=0.852 | eps=0.150 | t=157.2s | cell ETA 33m05s (+eval)
2026-09-28 09:05:33 | B3    ports   seed45 | ep 19/31 | reward=176.0 | acc=0.844 | eps=0.135 | t=144.9s | cell ETA 30m27s (+eval)
2026-09-28 09:07:59 | B3    ports   seed45 | ep 20/31 | reward=202.0 | acc=0.895 | eps=0.122 | t=146.0s | cell ETA 27m51s (+eval)
2026-09-28 09:10:34 | B3    ports   seed45 | ep 21/31 | reward=198.0 | acc=0.887 | eps=0.109 | t=155.7s | cell ETA 25m21s (+eval)
2026-09-28 09:13:28 | B3    ports   seed45 | ep 22/31 | reward=208.0 | acc=0.906 | eps=0.098 | t=173.3s | cell ETA 22m58s (+eval)
2026-09-28 09:16:21 | B3    ports   seed45 | ep 23/31 | reward=196.0 | acc=0.883 | eps=0.089 | t=173.2s | cell ETA 20m32s (+eval)
2026-09-28 09:19:17 | B3    ports   seed45 | ep 24/31 | reward=222.0 | acc=0.934 | eps=0.080 | t=175.6s | cell ETA 18m04s (+eval)
2026-09-28 09:21:57 | B3    ports   seed45 | ep 25/31 | reward=204.0 | acc=0.898 | eps=0.072 | t=159.9s | cell ETA 15m30s (+eval)
2026-09-28 09:24:21 | B3    ports   seed45 | ep 26/31 | reward=208.0 | acc=0.906 | eps=0.065 | t=144.5s | cell ETA 12m53s (+eval)
2026-09-28 09:26:39 | B3    ports   seed45 | ep 27/31 | reward=210.0 | acc=0.910 | eps=0.058 | t=137.7s | cell ETA 10m16s (+eval)
2026-09-28 09:29:12 | B3    ports   seed45 | ep 28/31 | reward=222.0 | acc=0.934 | eps=0.052 | t=152.8s | cell ETA 7m42s (+eval)
2026-09-28 09:31:56 | B3    ports   seed45 | ep 29/31 | reward=222.0 | acc=0.934 | eps=0.050 | t=164.3s | cell ETA 5m08s (+eval)
2026-09-28 09:34:35 | B3    ports   seed45 | ep 30/31 | reward=202.0 | acc=0.895 | eps=0.050 | t=158.7s | cell ETA 2m34s (+eval)
2026-09-28 09:37:21 | B3    ports   seed45 | ep 31/31 | reward=206.0 | acc=0.902 | eps=0.050 | t=166.6s | cell ETA 0s (+eval)
2026-09-28 09:37:47 | B3    ports   seed45 | DONE in 1h20m | KT_F1=79.45 KT_AUC=80.60 | ZD weighted=88.13 macro=42.97
2026-09-28 09:37:58 | B4    ports   seed45 | START training
2026-09-28 09:39:51 | B4    ports   seed45 | ep  1/31 | Reward:    16.0 | Acc: 0.531 | Eps: 1.0000->0.9000 | t: 110.3s | cell ETA 55m09s (+eval)
2026-09-28 09:41:41 | B4    ports   seed45 | ep  2/31 | Reward:    42.0 | Acc: 0.582 | Eps: 0.9000->0.8100 | t: 110.8s | cell ETA 53m25s (+eval)
2026-09-28 09:43:34 | B4    ports   seed45 | ep  3/31 | Reward:    60.0 | Acc: 0.617 | Eps: 0.8100->0.7290 | t: 112.5s | cell ETA 51m53s (+eval)
2026-09-28 09:45:50 | B4    ports   seed45 | ep  4/31 | Reward:    60.0 | Acc: 0.617 | Eps: 0.7290->0.6561 | t: 135.7s | cell ETA 52m47s (+eval)
2026-09-28 09:47:59 | B4    ports   seed45 | ep  5/31 | Reward:    70.0 | Acc: 0.637 | Eps: 0.6561->0.5905 | t: 129.4s | cell ETA 51m53s (+eval)
2026-09-28 09:50:17 | B4    ports   seed45 | ep  6/31 | Reward:    68.0 | Acc: 0.633 | Eps: 0.5905->0.5314 | t: 137.8s | cell ETA 51m08s (+eval)
2026-09-28 09:52:37 | B4    ports   seed45 | ep  7/31 | Reward:    74.0 | Acc: 0.645 | Eps: 0.5314->0.4783 | t: 140.1s | cell ETA 50m05s (+eval)
2026-09-28 09:54:42 | B4    ports   seed45 | ep  8/31 | Reward:   126.0 | Acc: 0.746 | Eps: 0.4783->0.4305 | t: 124.5s | cell ETA 47m58s (+eval)
2026-09-28 09:56:36 | B4    ports   seed45 | ep  9/31 | Reward:   116.0 | Acc: 0.727 | Eps: 0.4305->0.3874 | t: 114.1s | cell ETA 45m26s (+eval)
2026-09-28 09:58:33 | B4    ports   seed45 | ep 10/31 | Reward:   138.0 | Acc: 0.770 | Eps: 0.3874->0.3487 | t: 117.0s | cell ETA 43m07s (+eval)
2026-09-28 10:00:41 | B4    ports   seed45 | ep 11/31 | Reward:   158.0 | Acc: 0.809 | Eps: 0.3487->0.3138 | t: 127.9s | cell ETA 41m12s (+eval)
2026-09-28 10:03:00 | B4    ports   seed45 | ep 12/31 | Reward:   160.0 | Acc: 0.812 | Eps: 0.3138->0.2824 | t: 139.9s | cell ETA 39m35s (+eval)
2026-09-28 10:05:22 | B4    ports   seed45 | ep 13/31 | Reward:   160.0 | Acc: 0.812 | Eps: 0.2824->0.2542 | t: 141.1s | cell ETA 37m52s (+eval)
2026-09-28 10:07:46 | B4    ports   seed45 | ep 14/31 | Reward:   168.0 | Acc: 0.828 | Eps: 0.2542->0.2288 | t: 144.6s | cell ETA 36m08s (+eval)
2026-09-28 10:10:10 | B4    ports   seed45 | ep 15/31 | Reward:   166.0 | Acc: 0.824 | Eps: 0.2288->0.2059 | t: 143.3s | cell ETA 34m17s (+eval)
2026-09-28 10:12:16 | B4    ports   seed45 | ep 16/31 | Reward:   172.0 | Acc: 0.836 | Eps: 0.2059->0.1853 | t: 125.9s | cell ETA 32m06s (+eval)
2026-09-28 10:14:13 | B4    ports   seed45 | ep 17/31 | Reward:   194.0 | Acc: 0.879 | Eps: 0.1853->0.1668 | t: 117.2s | cell ETA 29m48s (+eval)
2026-09-28 10:16:08 | B4    ports   seed45 | ep 18/31 | Reward:   180.0 | Acc: 0.852 | Eps: 0.1668->0.1501 | t: 115.4s | cell ETA 27m32s (+eval)
2026-09-28 10:18:32 | B4    ports   seed45 | ep 19/31 | Reward:   182.0 | Acc: 0.855 | Eps: 0.1501->0.1351 | t: 144.2s | cell ETA 25m35s (+eval)
2026-09-28 10:21:02 | B4    ports   seed45 | ep 20/31 | Reward:   208.0 | Acc: 0.906 | Eps: 0.1351->0.1216 | t: 150.1s | cell ETA 23m39s (+eval)
2026-09-28 10:23:32 | B4    ports   seed45 | ep 21/31 | Reward:   200.0 | Acc: 0.891 | Eps: 0.1216->0.1094 | t: 149.3s | cell ETA 21m40s (+eval)
2026-09-28 10:26:01 | B4    ports   seed45 | ep 22/31 | Reward:   208.0 | Acc: 0.906 | Eps: 0.1094->0.0985 | t: 149.5s | cell ETA 19m38s (+eval)
2026-09-28 10:28:12 | B4    ports   seed45 | ep 23/31 | Reward:   194.0 | Acc: 0.879 | Eps: 0.0985->0.0886 | t: 130.2s | cell ETA 17m27s (+eval)
2026-09-28 10:30:13 | B4    ports   seed45 | ep 24/31 | Reward:   224.0 | Acc: 0.938 | Eps: 0.0886->0.0798 | t: 121.7s | cell ETA 15m13s (+eval)
2026-09-28 10:32:15 | B4    ports   seed45 | ep 25/31 | Reward:   204.0 | Acc: 0.898 | Eps: 0.0798->0.0718 | t: 121.4s | cell ETA 13m00s (+eval)
2026-09-28 10:34:30 | B4    ports   seed45 | ep 26/31 | Reward:   206.0 | Acc: 0.902 | Eps: 0.0718->0.0646 | t: 135.3s | cell ETA 10m51s (+eval)
2026-09-28 10:37:00 | B4    ports   seed45 | ep 27/31 | Reward:   208.0 | Acc: 0.906 | Eps: 0.0646->0.0581 | t: 149.5s | cell ETA 8m44s (+eval)
2026-09-28 10:39:28 | B4    ports   seed45 | ep 28/31 | Reward:   224.0 | Acc: 0.938 | Eps: 0.0581->0.0523 | t: 148.8s | cell ETA 6m35s (+eval)
2026-09-28 10:41:56 | B4    ports   seed45 | ep 29/31 | Reward:   218.0 | Acc: 0.926 | Eps: 0.0523->0.0500 | t: 148.1s | cell ETA 4m24s (+eval)
2026-09-28 10:44:11 | B4    ports   seed45 | ep 30/31 | Reward:   198.0 | Acc: 0.887 | Eps: 0.0500->0.0500 | t: 134.9s | cell ETA 2m12s (+eval)
2026-09-28 10:46:14 | B4    ports   seed45 | ep 31/31 | Reward:   206.0 | Acc: 0.902 | Eps: 0.0500->0.0500 | t: 122.1s | cell ETA 0s (+eval)
2026-09-28 10:46:37 | B4    ports   seed45 | DONE in 1h08m | KT_F1=79.57 KT_AUC=77.02 | ZD weighted=93.78 macro=46.16
2026-09-28 10:46:47 | B5    ports   seed45 | START training
2026-09-28 10:48:43 | B5    ports   seed45 | ep  1/31 | Reward:  -339.0 | Acc: 0.531 | Eps: 1.0000->0.9000 | t: 114.4s | cell ETA 57m12s (+eval)
2026-09-28 10:50:49 | B5    ports   seed45 | ep  2/31 | Reward:  -133.0 | Acc: 0.582 | Eps: 0.9000->0.8100 | t: 125.7s | cell ETA 58m01s (+eval)
2026-09-28 10:53:06 | B5    ports   seed45 | ep  3/31 | Reward:  -127.0 | Acc: 0.613 | Eps: 0.8100->0.7290 | t: 137.8s | cell ETA 58m47s (+eval)
2026-09-28 10:55:27 | B5    ports   seed45 | ep  4/31 | Reward:  -102.0 | Acc: 0.617 | Eps: 0.7290->0.6561 | t: 140.7s | cell ETA 58m20s (+eval)
2026-09-28 10:57:50 | B5    ports   seed45 | ep  5/31 | Reward:  -159.0 | Acc: 0.609 | Eps: 0.6561->0.5905 | t: 142.9s | cell ETA 57m19s (+eval)
2026-09-28 11:00:05 | B5    ports   seed45 | ep  6/31 | Reward:   -73.0 | Acc: 0.629 | Eps: 0.5905->0.5314 | t: 135.3s | cell ETA 55m20s (+eval)
2026-09-28 11:02:04 | B5    ports   seed45 | ep  7/31 | Reward:   -24.0 | Acc: 0.641 | Eps: 0.5314->0.4783 | t: 118.7s | cell ETA 52m18s (+eval)
2026-09-28 11:04:03 | B5    ports   seed45 | ep  8/31 | Reward:   216.0 | Acc: 0.746 | Eps: 0.4783->0.4305 | t: 119.2s | cell ETA 49m34s (+eval)
2026-09-28 11:06:03 | B5    ports   seed45 | ep  9/31 | Reward:   185.0 | Acc: 0.727 | Eps: 0.4305->0.3874 | t: 119.8s | cell ETA 47m02s (+eval)
2026-09-28 11:08:27 | B5    ports   seed45 | ep 10/31 | Reward:   292.0 | Acc: 0.770 | Eps: 0.3874->0.3487 | t: 143.8s | cell ETA 45m26s (+eval)
2026-09-28 11:10:54 | B5    ports   seed45 | ep 11/31 | Reward:   388.0 | Acc: 0.801 | Eps: 0.3487->0.3138 | t: 147.3s | cell ETA 43m48s (+eval)
2026-09-28 11:13:20 | B5    ports   seed45 | ep 12/31 | Reward:   408.0 | Acc: 0.812 | Eps: 0.3138->0.2824 | t: 145.4s | cell ETA 41m59s (+eval)
2026-09-28 11:15:45 | B5    ports   seed45 | ep 13/31 | Reward:   447.0 | Acc: 0.809 | Eps: 0.2824->0.2542 | t: 144.8s | cell ETA 40m03s (+eval)
2026-09-28 11:17:55 | B5    ports   seed45 | ep 14/31 | Reward:   482.0 | Acc: 0.832 | Eps: 0.2542->0.2288 | t: 130.0s | cell ETA 37m45s (+eval)
2026-09-28 11:19:55 | B5    ports   seed45 | ep 15/31 | Reward:   457.0 | Acc: 0.812 | Eps: 0.2288->0.2059 | t: 120.5s | cell ETA 35m18s (+eval)
2026-09-28 11:21:57 | B5    ports   seed45 | ep 16/31 | Reward:   420.0 | Acc: 0.828 | Eps: 0.2059->0.1853 | t: 121.5s | cell ETA 32m56s (+eval)
2026-09-28 11:24:12 | B5    ports   seed45 | ep 17/31 | Reward:   587.0 | Acc: 0.867 | Eps: 0.1853->0.1668 | t: 135.0s | cell ETA 30m47s (+eval)
2026-09-28 11:26:36 | B5    ports   seed45 | ep 18/31 | Reward:   502.0 | Acc: 0.848 | Eps: 0.1668->0.1501 | t: 144.7s | cell ETA 28m44s (+eval)
2026-09-28 11:29:02 | B5    ports   seed45 | ep 19/31 | Reward:   456.0 | Acc: 0.824 | Eps: 0.1501->0.1351 | t: 145.6s | cell ETA 26m39s (+eval)
2026-09-28 11:31:27 | B5    ports   seed45 | ep 20/31 | Reward:   691.0 | Acc: 0.902 | Eps: 0.1351->0.1216 | t: 145.3s | cell ETA 24m33s (+eval)
2026-09-28 11:33:50 | B5    ports   seed45 | ep 21/31 | Reward:   561.0 | Acc: 0.883 | Eps: 0.1216->0.1094 | t: 142.8s | cell ETA 22m23s (+eval)
2026-09-28 11:35:54 | B5    ports   seed45 | ep 22/31 | Reward:   653.0 | Acc: 0.898 | Eps: 0.1094->0.0985 | t: 123.7s | cell ETA 20m04s (+eval)
2026-09-28 11:37:56 | B5    ports   seed45 | ep 23/31 | Reward:   531.0 | Acc: 0.875 | Eps: 0.0985->0.0886 | t: 122.3s | cell ETA 17m46s (+eval)
2026-09-28 11:39:58 | B5    ports   seed45 | ep 24/31 | Reward:   661.0 | Acc: 0.926 | Eps: 0.0886->0.0798 | t: 121.8s | cell ETA 15m30s (+eval)
2026-09-28 11:42:23 | B5    ports   seed45 | ep 25/31 | Reward:   673.0 | Acc: 0.891 | Eps: 0.0798->0.0718 | t: 144.7s | cell ETA 13m20s (+eval)
2026-09-28 11:44:49 | B5    ports   seed45 | ep 26/31 | Reward:   580.0 | Acc: 0.898 | Eps: 0.0718->0.0646 | t: 146.2s | cell ETA 11m09s (+eval)
2026-09-28 11:47:14 | B5    ports   seed45 | ep 27/31 | Reward:   636.0 | Acc: 0.902 | Eps: 0.0646->0.0581 | t: 145.4s | cell ETA 8m57s (+eval)
2026-09-28 11:49:42 | B5    ports   seed45 | ep 28/31 | Reward:   678.0 | Acc: 0.938 | Eps: 0.0581->0.0523 | t: 148.0s | cell ETA 6m44s (+eval)
2026-09-28 11:51:45 | B5    ports   seed45 | ep 29/31 | Reward:   738.0 | Acc: 0.934 | Eps: 0.0523->0.0500 | t: 122.5s | cell ETA 4m28s (+eval)
2026-09-28 11:53:43 | B5    ports   seed45 | ep 30/31 | Reward:   609.0 | Acc: 0.887 | Eps: 0.0500->0.0500 | t: 118.0s | cell ETA 2m13s (+eval)
2026-09-28 11:55:44 | B5    ports   seed45 | ep 31/31 | Reward:   640.0 | Acc: 0.898 | Eps: 0.0500->0.0500 | t: 120.9s | cell ETA 0s (+eval)
2026-09-28 11:56:06 | B5    ports   seed45 | DONE in 1h09m | KT_F1=77.56 KT_AUC=77.67 | ZD weighted=93.79 macro=47.28
2026-09-28 11:56:19 | B6    ports   seed45 | START training
2026-09-28 11:58:29 | B6    ports   seed45 | ep  1/31 | Reward:    16.0 | Acc: 0.531 | Eps: 1.0000->0.9000 | t: 126.5s | cell ETA 1h03m (+eval)
2026-09-28 12:00:48 | B6    ports   seed45 | ep  2/31 | Reward:    42.0 | Acc: 0.582 | Eps: 0.9000->0.8100 | t: 139.2s | cell ETA 1h04m (+eval)
2026-09-28 12:03:04 | B6    ports   seed45 | ep  3/31 | Reward:    58.0 | Acc: 0.613 | Eps: 0.8100->0.7290 | t: 136.4s | cell ETA 1h02m (+eval)
2026-09-28 12:05:26 | B6    ports   seed45 | ep  4/31 | Reward:    60.0 | Acc: 0.617 | Eps: 0.7290->0.6561 | t: 141.6s | cell ETA 1h01m (+eval)
2026-09-28 12:07:34 | B6    ports   seed45 | ep  5/31 | Reward:    72.0 | Acc: 0.641 | Eps: 0.6561->0.5905 | t: 128.1s | cell ETA 58m13s (+eval)
2026-09-28 12:09:32 | B6    ports   seed45 | ep  6/31 | Reward:    76.0 | Acc: 0.648 | Eps: 0.5905->0.5314 | t: 117.8s | cell ETA 54m50s (+eval)
2026-09-28 12:11:30 | B6    ports   seed45 | ep  7/31 | Reward:    84.0 | Acc: 0.664 | Eps: 0.5314->0.4783 | t: 117.7s | cell ETA 51m50s (+eval)
2026-09-28 12:13:30 | B6    ports   seed45 | ep  8/31 | Reward:   122.0 | Acc: 0.738 | Eps: 0.4783->0.4305 | t: 120.5s | cell ETA 49m14s (+eval)
2026-09-28 12:15:57 | B6    ports   seed45 | ep  9/31 | Reward:   116.0 | Acc: 0.727 | Eps: 0.4305->0.3874 | t: 146.5s | cell ETA 47m50s (+eval)
2026-09-28 12:18:25 | B6    ports   seed45 | ep 10/31 | Reward:   142.0 | Acc: 0.777 | Eps: 0.3874->0.3487 | t: 148.1s | cell ETA 46m17s (+eval)
2026-09-28 12:20:54 | B6    ports   seed45 | ep 11/31 | Reward:   160.0 | Acc: 0.812 | Eps: 0.3487->0.3138 | t: 148.8s | cell ETA 44m34s (+eval)
2026-09-28 12:23:19 | B6    ports   seed45 | ep 12/31 | Reward:   160.0 | Acc: 0.812 | Eps: 0.3138->0.2824 | t: 145.7s | cell ETA 42m40s (+eval)
2026-09-28 12:25:25 | B6    ports   seed45 | ep 13/31 | Reward:   166.0 | Acc: 0.824 | Eps: 0.2824->0.2542 | t: 126.0s | cell ETA 40m13s (+eval)
2026-09-28 12:27:27 | B6    ports   seed45 | ep 14/31 | Reward:   184.0 | Acc: 0.859 | Eps: 0.2542->0.2288 | t: 121.9s | cell ETA 37m44s (+eval)
2026-09-28 12:29:28 | B6    ports   seed45 | ep 15/31 | Reward:   178.0 | Acc: 0.848 | Eps: 0.2288->0.2059 | t: 120.9s | cell ETA 35m18s (+eval)
2026-09-28 12:31:48 | B6    ports   seed45 | ep 16/31 | Reward:   178.0 | Acc: 0.848 | Eps: 0.2059->0.1853 | t: 140.0s | cell ETA 33m12s (+eval)
2026-09-28 12:34:21 | B6    ports   seed45 | ep 17/31 | Reward:   198.0 | Acc: 0.887 | Eps: 0.1853->0.1668 | t: 152.5s | cell ETA 31m16s (+eval)
2026-09-28 12:36:52 | B6    ports   seed45 | ep 18/31 | Reward:   194.0 | Acc: 0.879 | Eps: 0.1668->0.1501 | t: 150.8s | cell ETA 29m14s (+eval)
2026-09-28 12:39:22 | B6    ports   seed45 | ep 19/31 | Reward:   186.0 | Acc: 0.863 | Eps: 0.1501->0.1351 | t: 150.2s | cell ETA 27m08s (+eval)
2026-09-28 12:41:36 | B6    ports   seed45 | ep 20/31 | Reward:   216.0 | Acc: 0.922 | Eps: 0.1351->0.1216 | t: 133.9s | cell ETA 24m52s (+eval)
2026-09-28 12:43:38 | B6    ports   seed45 | ep 21/31 | Reward:   208.0 | Acc: 0.906 | Eps: 0.1216->0.1094 | t: 122.2s | cell ETA 22m30s (+eval)
2026-09-28 12:45:37 | B6    ports   seed45 | ep 22/31 | Reward:   206.0 | Acc: 0.902 | Eps: 0.1094->0.0985 | t: 118.6s | cell ETA 20m08s (+eval)
2026-09-28 12:47:49 | B6    ports   seed45 | ep 23/31 | Reward:   206.0 | Acc: 0.902 | Eps: 0.0985->0.0886 | t: 132.4s | cell ETA 17m53s (+eval)
2026-09-28 12:50:21 | B6    ports   seed45 | ep 24/31 | Reward:   230.0 | Acc: 0.949 | Eps: 0.0886->0.0798 | t: 151.5s | cell ETA 15m44s (+eval)
2026-09-28 12:52:47 | B6    ports   seed45 | ep 25/31 | Reward:   202.0 | Acc: 0.895 | Eps: 0.0798->0.0718 | t: 146.0s | cell ETA 13m32s (+eval)
2026-09-28 12:55:18 | B6    ports   seed45 | ep 26/31 | Reward:   222.0 | Acc: 0.934 | Eps: 0.0718->0.0646 | t: 151.1s | cell ETA 11m19s (+eval)
2026-09-28 12:57:43 | B6    ports   seed45 | ep 27/31 | Reward:   214.0 | Acc: 0.918 | Eps: 0.0646->0.0581 | t: 145.1s | cell ETA 9m05s (+eval)
2026-09-28 12:59:43 | B6    ports   seed45 | ep 28/31 | Reward:   232.0 | Acc: 0.953 | Eps: 0.0581->0.0523 | t: 120.3s | cell ETA 6m47s (+eval)
2026-09-28 13:01:33 | B6    ports   seed45 | ep 29/31 | Reward:   230.0 | Acc: 0.949 | Eps: 0.0523->0.0500 | t: 109.3s | cell ETA 4m29s (+eval)
2026-09-28 13:03:28 | B6    ports   seed45 | ep 30/31 | Reward:   214.0 | Acc: 0.918 | Eps: 0.0500->0.0500 | t: 115.1s | cell ETA 2m14s (+eval)
2026-09-28 13:05:54 | B6    ports   seed45 | ep 31/31 | Reward:   222.0 | Acc: 0.934 | Eps: 0.0500->0.0500 | t: 146.0s | cell ETA 0s (+eval)
2026-09-28 13:06:18 | B6    ports   seed45 | DONE in 1h09m | KT_F1=87.59 KT_AUC=95.78 | ZD weighted=93.69 macro=56.59
2026-09-28 13:06:33 | B7    ports   seed45 | START training
2026-09-28 13:08:49 | B7    ports   seed45 | ep  1/31 | Reward:   -10.0 | Acc: 0.480 | Eps: 1.0000->0.9000 | t: 132.2s | cell ETA 1h06m (+eval)
2026-09-28 13:11:12 | B7    ports   seed45 | ep  2/31 | Reward:     6.0 | Acc: 0.512 | Eps: 0.9000->0.8100 | t: 142.2s | cell ETA 1h06m (+eval)
2026-09-28 13:13:30 | B7    ports   seed45 | ep  3/31 | Reward:    48.0 | Acc: 0.594 | Eps: 0.8100->0.7290 | t: 138.5s | cell ETA 1h04m (+eval)
2026-09-28 13:15:32 | B7    ports   seed45 | ep  4/31 | Reward:    50.0 | Acc: 0.598 | Eps: 0.7290->0.6561 | t: 121.5s | cell ETA 1h00m (+eval)
2026-09-28 13:17:23 | B7    ports   seed45 | ep  5/31 | Reward:    62.0 | Acc: 0.621 | Eps: 0.6561->0.5905 | t: 111.6s | cell ETA 55m59s (+eval)
2026-09-28 13:19:17 | B7    ports   seed45 | ep  6/31 | Reward:    98.0 | Acc: 0.691 | Eps: 0.5905->0.5314 | t: 113.5s | cell ETA 52m44s (+eval)
2026-09-28 13:21:32 | B7    ports   seed45 | ep  7/31 | Reward:    82.0 | Acc: 0.660 | Eps: 0.5314->0.4783 | t: 135.1s | cell ETA 51m07s (+eval)
2026-09-28 13:23:58 | B7    ports   seed45 | ep  8/31 | Reward:   116.0 | Acc: 0.727 | Eps: 0.4783->0.4305 | t: 146.1s | cell ETA 49m52s (+eval)
2026-09-28 13:26:22 | B7    ports   seed45 | ep  9/31 | Reward:   116.0 | Acc: 0.727 | Eps: 0.4305->0.3874 | t: 144.0s | cell ETA 48m15s (+eval)
2026-09-28 13:28:49 | B7    ports   seed45 | ep 10/31 | Reward:   134.0 | Acc: 0.762 | Eps: 0.3874->0.3487 | t: 146.9s | cell ETA 46m36s (+eval)
2026-09-28 13:31:03 | B7    ports   seed45 | ep 11/31 | Reward:   144.0 | Acc: 0.781 | Eps: 0.3487->0.3138 | t: 133.9s | cell ETA 44m24s (+eval)
2026-09-28 13:33:04 | B7    ports   seed45 | ep 12/31 | Reward:   138.0 | Acc: 0.770 | Eps: 0.3138->0.2824 | t: 120.7s | cell ETA 41m51s (+eval)
2026-09-28 13:35:05 | B7    ports   seed45 | ep 13/31 | Reward:   134.0 | Acc: 0.762 | Eps: 0.2824->0.2542 | t: 121.6s | cell ETA 39m24s (+eval)
2026-09-28 13:37:20 | B7    ports   seed45 | ep 14/31 | Reward:   152.0 | Acc: 0.797 | Eps: 0.2542->0.2288 | t: 134.6s | cell ETA 37m17s (+eval)
2026-09-28 13:39:45 | B7    ports   seed45 | ep 15/31 | Reward:   144.0 | Acc: 0.781 | Eps: 0.2288->0.2059 | t: 144.8s | cell ETA 35m19s (+eval)
2026-09-28 13:42:10 | B7    ports   seed45 | ep 16/31 | Reward:   160.0 | Acc: 0.812 | Eps: 0.2059->0.1853 | t: 145.7s | cell ETA 33m19s (+eval)
2026-09-28 13:44:36 | B7    ports   seed45 | ep 17/31 | Reward:   168.0 | Acc: 0.828 | Eps: 0.1853->0.1668 | t: 145.6s | cell ETA 31m16s (+eval)
2026-09-28 13:46:55 | B7    ports   seed45 | ep 18/31 | Reward:   148.0 | Acc: 0.789 | Eps: 0.1668->0.1501 | t: 138.8s | cell ETA 29m05s (+eval)
2026-09-28 13:48:58 | B7    ports   seed45 | ep 19/31 | Reward:   180.0 | Acc: 0.852 | Eps: 0.1501->0.1351 | t: 122.7s | cell ETA 26m44s (+eval)
2026-09-28 13:51:00 | B7    ports   seed45 | ep 20/31 | Reward:   182.0 | Acc: 0.855 | Eps: 0.1351->0.1216 | t: 121.9s | cell ETA 24m24s (+eval)
2026-09-28 13:53:11 | B7    ports   seed45 | ep 21/31 | Reward:   178.0 | Acc: 0.848 | Eps: 0.1216->0.1094 | t: 131.4s | cell ETA 22m10s (+eval)
2026-09-28 13:55:38 | B7    ports   seed45 | ep 22/31 | Reward:   180.0 | Acc: 0.852 | Eps: 0.1094->0.0985 | t: 147.2s | cell ETA 20m02s (+eval)
2026-09-28 13:58:04 | B7    ports   seed45 | ep 23/31 | Reward:   172.0 | Acc: 0.836 | Eps: 0.0985->0.0886 | t: 146.2s | cell ETA 17m53s (+eval)
2026-09-28 14:00:32 | B7    ports   seed45 | ep 24/31 | Reward:   186.0 | Acc: 0.863 | Eps: 0.0886->0.0798 | t: 147.3s | cell ETA 15m43s (+eval)
2026-09-28 14:02:52 | B7    ports   seed45 | ep 25/31 | Reward:   192.0 | Acc: 0.875 | Eps: 0.0798->0.0718 | t: 140.6s | cell ETA 13m29s (+eval)
2026-09-28 14:04:55 | B7    ports   seed45 | ep 26/31 | Reward:   194.0 | Acc: 0.879 | Eps: 0.0718->0.0646 | t: 122.3s | cell ETA 11m12s (+eval)
2026-09-28 14:06:57 | B7    ports   seed45 | ep 27/31 | Reward:   180.0 | Acc: 0.852 | Eps: 0.0646->0.0581 | t: 121.9s | cell ETA 8m56s (+eval)
2026-09-28 14:08:59 | B7    ports   seed45 | ep 28/31 | Reward:   198.0 | Acc: 0.887 | Eps: 0.0581->0.0523 | t: 122.5s | cell ETA 6m40s (+eval)
2026-09-28 14:11:24 | B7    ports   seed45 | ep 29/31 | Reward:   184.0 | Acc: 0.859 | Eps: 0.0523->0.0500 | t: 145.3s | cell ETA 4m28s (+eval)
2026-09-28 14:13:47 | B7    ports   seed45 | ep 30/31 | Reward:   196.0 | Acc: 0.883 | Eps: 0.0500->0.0500 | t: 142.6s | cell ETA 2m14s (+eval)
2026-09-28 14:16:11 | B7    ports   seed45 | ep 31/31 | Reward:   176.0 | Acc: 0.844 | Eps: 0.0500->0.0500 | t: 144.2s | cell ETA 0s (+eval)
2026-09-28 14:16:34 | B7    ports   seed45 | DONE in 1h10m | KT_F1=78.87 KT_AUC=92.80 | ZD weighted=98.56 macro=74.58
2026-09-28 14:16:46 | B8    ports   seed45 | START training
2026-09-28 14:19:03 | B8    ports   seed45 | ep  1/31 | Reward:    -2.0 | Acc: 0.496 | Eps: 1.0000->0.9000 | t: 131.9s | cell ETA 1h05m (+eval)
2026-09-28 14:21:01 | B8    ports   seed45 | ep  2/31 | Reward:    14.0 | Acc: 0.527 | Eps: 0.9000->0.8100 | t: 118.0s | cell ETA 1h00m (+eval)
2026-09-28 14:22:55 | B8    ports   seed45 | ep  3/31 | Reward:    34.0 | Acc: 0.566 | Eps: 0.8100->0.7290 | t: 114.2s | cell ETA 56m38s (+eval)
2026-09-28 14:24:47 | B8    ports   seed45 | ep  4/31 | Reward:    24.0 | Acc: 0.547 | Eps: 0.7290->0.6561 | t: 112.5s | cell ETA 53m37s (+eval)
2026-09-28 14:26:42 | B8    ports   seed45 | ep  5/31 | Reward:    64.0 | Acc: 0.625 | Eps: 0.6561->0.5905 | t: 114.8s | cell ETA 51m15s (+eval)
2026-09-28 14:29:08 | B8    ports   seed45 | ep  6/31 | Reward:    86.0 | Acc: 0.668 | Eps: 0.5905->0.5314 | t: 145.9s | cell ETA 51m12s (+eval)
2026-09-28 14:31:32 | B8    ports   seed45 | ep  7/31 | Reward:    86.0 | Acc: 0.668 | Eps: 0.5314->0.4783 | t: 143.8s | cell ETA 50m20s (+eval)
2026-09-28 14:33:51 | B8    ports   seed45 | ep  8/31 | Reward:   112.0 | Acc: 0.719 | Eps: 0.4783->0.4305 | t: 139.2s | cell ETA 48m53s (+eval)
2026-09-28 14:36:08 | B8    ports   seed45 | ep  9/31 | Reward:   104.0 | Acc: 0.703 | Eps: 0.4305->0.3874 | t: 136.5s | cell ETA 47m07s (+eval)
2026-09-28 14:38:10 | B8    ports   seed45 | ep 10/31 | Reward:   108.0 | Acc: 0.711 | Eps: 0.3874->0.3487 | t: 122.5s | cell ETA 44m46s (+eval)
2026-09-28 14:40:08 | B8    ports   seed45 | ep 11/31 | Reward:   128.0 | Acc: 0.750 | Eps: 0.3487->0.3138 | t: 117.9s | cell ETA 42m20s (+eval)
2026-09-28 14:42:05 | B8    ports   seed45 | ep 12/31 | Reward:   130.0 | Acc: 0.754 | Eps: 0.3138->0.2824 | t: 116.9s | cell ETA 39m57s (+eval)
2026-09-28 14:44:20 | B8    ports   seed45 | ep 13/31 | Reward:   144.0 | Acc: 0.781 | Eps: 0.2824->0.2542 | t: 134.8s | cell ETA 38m03s (+eval)
2026-09-28 14:46:39 | B8    ports   seed45 | ep 14/31 | Reward:   154.0 | Acc: 0.801 | Eps: 0.2542->0.2288 | t: 139.7s | cell ETA 36m11s (+eval)
2026-09-28 14:48:58 | B8    ports   seed45 | ep 15/31 | Reward:   148.0 | Acc: 0.789 | Eps: 0.2288->0.2059 | t: 138.6s | cell ETA 34m15s (+eval)
2026-09-28 14:51:17 | B8    ports   seed45 | ep 16/31 | Reward:   176.0 | Acc: 0.844 | Eps: 0.2059->0.1853 | t: 139.0s | cell ETA 32m17s (+eval)
2026-09-28 14:53:25 | B8    ports   seed45 | ep 17/31 | Reward:   174.0 | Acc: 0.840 | Eps: 0.1853->0.1668 | t: 128.1s | cell ETA 30m07s (+eval)
2026-09-28 14:55:24 | B8    ports   seed45 | ep 18/31 | Reward:   164.0 | Acc: 0.820 | Eps: 0.1668->0.1501 | t: 118.5s | cell ETA 27m50s (+eval)
2026-09-28 14:57:25 | B8    ports   seed45 | ep 19/31 | Reward:   188.0 | Acc: 0.867 | Eps: 0.1501->0.1351 | t: 120.7s | cell ETA 25m36s (+eval)
2026-09-28 14:59:37 | B8    ports   seed45 | ep 20/31 | Reward:   178.0 | Acc: 0.848 | Eps: 0.1351->0.1216 | t: 132.7s | cell ETA 23m31s (+eval)
2026-09-28 15:02:08 | B8    ports   seed45 | ep 21/31 | Reward:   178.0 | Acc: 0.848 | Eps: 0.1216->0.1094 | t: 150.2s | cell ETA 21m33s (+eval)
2026-09-28 15:04:39 | B8    ports   seed45 | ep 22/31 | Reward:   174.0 | Acc: 0.840 | Eps: 0.1094->0.0985 | t: 151.4s | cell ETA 19m33s (+eval)
2026-09-28 15:07:09 | B8    ports   seed45 | ep 23/31 | Reward:   170.0 | Acc: 0.832 | Eps: 0.0985->0.0886 | t: 149.9s | cell ETA 17m29s (+eval)
2026-09-28 15:09:24 | B8    ports   seed45 | ep 24/31 | Reward:   182.0 | Acc: 0.855 | Eps: 0.0886->0.0798 | t: 135.6s | cell ETA 15m19s (+eval)
2026-09-28 15:11:26 | B8    ports   seed45 | ep 25/31 | Reward:   182.0 | Acc: 0.855 | Eps: 0.0798->0.0718 | t: 121.6s | cell ETA 13m05s (+eval)
2026-09-28 15:13:28 | B8    ports   seed45 | ep 26/31 | Reward:   184.0 | Acc: 0.859 | Eps: 0.0718->0.0646 | t: 121.7s | cell ETA 10m53s (+eval)
2026-09-28 15:15:30 | B8    ports   seed45 | ep 27/31 | Reward:   188.0 | Acc: 0.867 | Eps: 0.0646->0.0581 | t: 121.9s | cell ETA 8m41s (+eval)
2026-09-28 15:17:33 | B8    ports   seed45 | ep 28/31 | Reward:   204.0 | Acc: 0.898 | Eps: 0.0581->0.0523 | t: 123.4s | cell ETA 6m30s (+eval)
2026-09-28 15:19:36 | B8    ports   seed45 | ep 29/31 | Reward:   184.0 | Acc: 0.859 | Eps: 0.0523->0.0500 | t: 123.3s | cell ETA 4m19s (+eval)
2026-09-28 15:21:39 | B8    ports   seed45 | ep 30/31 | Reward:   206.0 | Acc: 0.902 | Eps: 0.0500->0.0500 | t: 122.8s | cell ETA 2m09s (+eval)
2026-09-28 15:23:41 | B8    ports   seed45 | ep 31/31 | Reward:   184.0 | Acc: 0.859 | Eps: 0.0500->0.0500 | t: 121.4s | cell ETA 0s (+eval)
2026-09-28 15:24:03 | B8    ports   seed45 | DONE in 1h07m | KT_F1=77.61 KT_AUC=93.72 | ZD weighted=37.08 macro=61.94
2026-09-28 15:24:12 | B9    ports   seed45 | START training
2026-09-28 15:26:07 | B9    ports   seed45 | ep  1/31 | Reward:    -2.0 | Acc: 0.496 | Eps: 1.0000->0.9000 | t: 110.9s | cell ETA 55m27s (+eval)
2026-09-28 15:28:08 | B9    ports   seed45 | ep  2/31 | Reward:    12.0 | Acc: 0.523 | Eps: 0.9000->0.8100 | t: 121.2s | cell ETA 56m05s (+eval)
2026-09-28 15:30:29 | B9    ports   seed45 | ep  3/31 | Reward:    48.0 | Acc: 0.594 | Eps: 0.8100->0.7290 | t: 140.2s | cell ETA 57m54s (+eval)
2026-09-28 15:32:34 | B9    ports   seed45 | ep  4/31 | Reward:    24.0 | Acc: 0.547 | Eps: 0.7290->0.6561 | t: 125.3s | cell ETA 55m58s (+eval)
2026-09-28 15:34:32 | B9    ports   seed45 | ep  5/31 | Reward:    68.0 | Acc: 0.633 | Eps: 0.6561->0.5905 | t: 117.9s | cell ETA 53m20s (+eval)
2026-09-28 15:36:30 | B9    ports   seed45 | ep  6/31 | Reward:    82.0 | Acc: 0.660 | Eps: 0.5905->0.5314 | t: 118.0s | cell ETA 50m56s (+eval)
2026-09-28 15:38:19 | B9    ports   seed45 | ep  7/31 | Reward:    96.0 | Acc: 0.688 | Eps: 0.5314->0.4783 | t: 109.5s | cell ETA 48m10s (+eval)
2026-09-28 15:39:50 | B9    ports   seed45 | ep  8/31 | Reward:   112.0 | Acc: 0.719 | Eps: 0.4783->0.4305 | t: 90.4s | cell ETA 44m43s (+eval)
2026-09-28 15:41:19 | B9    ports   seed45 | ep  9/31 | Reward:   106.0 | Acc: 0.707 | Eps: 0.4305->0.3874 | t: 89.1s | cell ETA 41m39s (+eval)
2026-09-28 15:43:03 | B9    ports   seed45 | ep 10/31 | Reward:   106.0 | Acc: 0.707 | Eps: 0.3874->0.3487 | t: 104.0s | cell ETA 39m25s (+eval)
2026-09-28 15:45:05 | B9    ports   seed45 | ep 11/31 | Reward:   128.0 | Acc: 0.750 | Eps: 0.3487->0.3138 | t: 122.2s | cell ETA 37m50s (+eval)
2026-09-28 15:47:07 | B9    ports   seed45 | ep 12/31 | Reward:   128.0 | Acc: 0.750 | Eps: 0.3138->0.2824 | t: 121.7s | cell ETA 36m09s (+eval)
2026-09-28 15:49:11 | B9    ports   seed45 | ep 13/31 | Reward:   136.0 | Acc: 0.766 | Eps: 0.2824->0.2542 | t: 123.8s | cell ETA 34m28s (+eval)
2026-09-28 15:51:10 | B9    ports   seed45 | ep 14/31 | Reward:   156.0 | Acc: 0.805 | Eps: 0.2542->0.2288 | t: 119.6s | cell ETA 32m39s (+eval)
2026-09-28 15:52:58 | B9    ports   seed45 | ep 15/31 | Reward:   142.0 | Acc: 0.777 | Eps: 0.2288->0.2059 | t: 108.1s | cell ETA 30m36s (+eval)
2026-09-28 15:54:29 | B9    ports   seed45 | ep 16/31 | Reward:   168.0 | Acc: 0.828 | Eps: 0.2059->0.1853 | t: 90.5s | cell ETA 28m19s (+eval)
2026-09-28 15:56:01 | B9    ports   seed45 | ep 17/31 | Reward:   170.0 | Acc: 0.832 | Eps: 0.1853->0.1668 | t: 91.9s | cell ETA 26m08s (+eval)
2026-09-28 15:57:35 | B9    ports   seed45 | ep 18/31 | Reward:   160.0 | Acc: 0.812 | Eps: 0.1668->0.1501 | t: 93.9s | cell ETA 24m03s (+eval)
2026-09-28 15:59:26 | B9    ports   seed45 | ep 19/31 | Reward:   168.0 | Acc: 0.828 | Eps: 0.1501->0.1351 | t: 111.7s | cell ETA 22m12s (+eval)
2026-09-28 16:01:23 | B9    ports   seed45 | ep 20/31 | Reward:   180.0 | Acc: 0.852 | Eps: 0.1351->0.1216 | t: 116.5s | cell ETA 20m24s (+eval)
2026-09-28 16:03:21 | B9    ports   seed45 | ep 21/31 | Reward:   194.0 | Acc: 0.879 | Eps: 0.1216->0.1094 | t: 118.0s | cell ETA 18m36s (+eval)
2026-09-28 16:05:16 | B9    ports   seed45 | ep 22/31 | Reward:   182.0 | Acc: 0.855 | Eps: 0.1094->0.0985 | t: 115.3s | cell ETA 16m46s (+eval)
2026-09-28 16:06:57 | B9    ports   seed45 | ep 23/31 | Reward:   190.0 | Acc: 0.871 | Eps: 0.0985->0.0886 | t: 100.3s | cell ETA 14m50s (+eval)
2026-09-28 16:08:32 | B9    ports   seed45 | ep 24/31 | Reward:   192.0 | Acc: 0.875 | Eps: 0.0886->0.0798 | t: 95.8s | cell ETA 12m54s (+eval)
2026-09-28 16:10:05 | B9    ports   seed45 | ep 25/31 | Reward:   186.0 | Acc: 0.863 | Eps: 0.0798->0.0718 | t: 92.7s | cell ETA 10m59s (+eval)
2026-09-28 16:11:49 | B9    ports   seed45 | ep 26/31 | Reward:   188.0 | Acc: 0.867 | Eps: 0.0718->0.0646 | t: 103.6s | cell ETA 9m08s (+eval)
2026-09-28 16:13:47 | B9    ports   seed45 | ep 27/31 | Reward:   192.0 | Acc: 0.875 | Eps: 0.0646->0.0581 | t: 118.2s | cell ETA 7m20s (+eval)
2026-09-28 16:15:50 | B9    ports   seed45 | ep 28/31 | Reward:   206.0 | Acc: 0.902 | Eps: 0.0581->0.0523 | t: 123.0s | cell ETA 5m31s (+eval)
2026-09-28 16:17:50 | B9    ports   seed45 | ep 29/31 | Reward:   194.0 | Acc: 0.879 | Eps: 0.0523->0.0500 | t: 120.1s | cell ETA 3m41s (+eval)
2026-09-28 16:19:47 | B9    ports   seed45 | ep 30/31 | Reward:   210.0 | Acc: 0.910 | Eps: 0.0500->0.0500 | t: 116.4s | cell ETA 1m50s (+eval)
2026-09-28 16:21:23 | B9    ports   seed45 | ep 31/31 | Reward:   178.0 | Acc: 0.848 | Eps: 0.0500->0.0500 | t: 96.3s | cell ETA 0s (+eval)
2026-09-28 16:21:42 | B9    ports   seed45 | DONE in 57m30s | KT_F1=80.58 KT_AUC=95.15 | ZD weighted=98.52 macro=72.77
2026-09-28 16:21:50 | B10   ports   seed45 | START training
2026-09-28 16:23:23 | B10   ports   seed45 | ep  1/31 | Reward:    -2.0 | Acc: 0.496 | Eps: 1.0000->0.9000 | t: 89.6s | cell ETA 44m48s (+eval)
2026-09-28 16:24:55 | B10   ports   seed45 | ep  2/31 | Reward:    12.0 | Acc: 0.523 | Eps: 0.9000->0.8100 | t: 92.1s | cell ETA 43m54s (+eval)
2026-09-28 16:26:36 | B10   ports   seed45 | ep  3/31 | Reward:    48.0 | Acc: 0.594 | Eps: 0.8100->0.7290 | t: 101.4s | cell ETA 44m02s (+eval)
2026-09-28 16:28:35 | B10   ports   seed45 | ep  4/31 | Reward:    24.0 | Acc: 0.547 | Eps: 0.7290->0.6561 | t: 119.1s | cell ETA 45m14s (+eval)
2026-09-28 16:30:36 | B10   ports   seed45 | ep  5/31 | Reward:    68.0 | Acc: 0.633 | Eps: 0.6561->0.5905 | t: 120.3s | cell ETA 45m17s (+eval)
2026-09-28 16:32:39 | B10   ports   seed45 | ep  6/31 | Reward:    82.0 | Acc: 0.660 | Eps: 0.5905->0.5314 | t: 123.6s | cell ETA 44m52s (+eval)
2026-09-28 16:34:39 | B10   ports   seed45 | ep  7/31 | Reward:    96.0 | Acc: 0.688 | Eps: 0.5314->0.4783 | t: 119.5s | cell ETA 43m44s (+eval)
2026-09-28 16:36:22 | B10   ports   seed45 | ep  8/31 | Reward:   112.0 | Acc: 0.719 | Eps: 0.4783->0.4305 | t: 103.2s | cell ETA 41m37s (+eval)
2026-09-28 16:37:58 | B10   ports   seed45 | ep  9/31 | Reward:   106.0 | Acc: 0.707 | Eps: 0.4305->0.3874 | t: 95.8s | cell ETA 39m17s (+eval)
2026-09-28 16:39:34 | B10   ports   seed45 | ep 10/31 | Reward:   106.0 | Acc: 0.707 | Eps: 0.3874->0.3487 | t: 96.1s | cell ETA 37m07s (+eval)
2026-09-28 16:41:23 | B10   ports   seed45 | ep 11/31 | Reward:   128.0 | Acc: 0.750 | Eps: 0.3487->0.3138 | t: 108.6s | cell ETA 35m26s (+eval)
2026-09-28 16:43:25 | B10   ports   seed45 | ep 12/31 | Reward:   128.0 | Acc: 0.750 | Eps: 0.3138->0.2824 | t: 122.2s | cell ETA 34m04s (+eval)
2026-09-28 16:45:29 | B10   ports   seed45 | ep 13/31 | Reward:   136.0 | Acc: 0.766 | Eps: 0.2824->0.2542 | t: 124.4s | cell ETA 32m40s (+eval)
2026-09-28 16:47:34 | B10   ports   seed45 | ep 14/31 | Reward:   156.0 | Acc: 0.805 | Eps: 0.2542->0.2288 | t: 124.5s | cell ETA 31m10s (+eval)
2026-09-28 16:49:34 | B10   ports   seed45 | ep 15/31 | Reward:   142.0 | Acc: 0.777 | Eps: 0.2288->0.2059 | t: 119.8s | cell ETA 29m30s (+eval)
2026-09-28 16:51:09 | B10   ports   seed45 | ep 16/31 | Reward:   168.0 | Acc: 0.828 | Eps: 0.2059->0.1853 | t: 95.6s | cell ETA 27m26s (+eval)
2026-09-28 16:52:47 | B10   ports   seed45 | ep 17/31 | Reward:   170.0 | Acc: 0.832 | Eps: 0.1853->0.1668 | t: 97.4s | cell ETA 25m26s (+eval)
2026-09-28 16:54:22 | B10   ports   seed45 | ep 18/31 | Reward:   160.0 | Acc: 0.812 | Eps: 0.1668->0.1501 | t: 95.6s | cell ETA 23m27s (+eval)
2026-09-28 16:56:19 | B10   ports   seed45 | ep 19/31 | Reward:   168.0 | Acc: 0.828 | Eps: 0.1501->0.1351 | t: 116.5s | cell ETA 21m44s (+eval)
2026-09-28 16:58:23 | B10   ports   seed45 | ep 20/31 | Reward:   180.0 | Acc: 0.852 | Eps: 0.1351->0.1216 | t: 124.4s | cell ETA 20m04s (+eval)
2026-09-28 17:00:22 | B10   ports   seed45 | ep 21/31 | Reward:   194.0 | Acc: 0.879 | Eps: 0.1216->0.1094 | t: 118.4s | cell ETA 18m19s (+eval)
2026-09-28 17:02:25 | B10   ports   seed45 | ep 22/31 | Reward:   182.0 | Acc: 0.855 | Eps: 0.1094->0.0985 | t: 123.5s | cell ETA 16m34s (+eval)
2026-09-28 17:04:23 | B10   ports   seed45 | ep 23/31 | Reward:   190.0 | Acc: 0.871 | Eps: 0.0985->0.0886 | t: 118.3s | cell ETA 14m46s (+eval)
2026-09-28 17:06:08 | B10   ports   seed45 | ep 24/31 | Reward:   192.0 | Acc: 0.875 | Eps: 0.0886->0.0798 | t: 104.0s | cell ETA 12m54s (+eval)
2026-09-28 17:07:46 | B10   ports   seed45 | ep 25/31 | Reward:   186.0 | Acc: 0.863 | Eps: 0.0798->0.0718 | t: 98.2s | cell ETA 11m00s (+eval)
2026-09-28 17:09:24 | B10   ports   seed45 | ep 26/31 | Reward:   188.0 | Acc: 0.867 | Eps: 0.0718->0.0646 | t: 98.2s | cell ETA 9m08s (+eval)
2026-09-28 17:11:22 | B10   ports   seed45 | ep 27/31 | Reward:   192.0 | Acc: 0.875 | Eps: 0.0646->0.0581 | t: 118.3s | cell ETA 7m19s (+eval)
2026-09-28 17:13:25 | B10   ports   seed45 | ep 28/31 | Reward:   206.0 | Acc: 0.902 | Eps: 0.0581->0.0523 | t: 122.5s | cell ETA 5m31s (+eval)
2026-09-28 17:15:28 | B10   ports   seed45 | ep 29/31 | Reward:   194.0 | Acc: 0.879 | Eps: 0.0523->0.0500 | t: 123.4s | cell ETA 3m41s (+eval)
2026-09-28 17:17:32 | B10   ports   seed45 | ep 30/31 | Reward:   210.0 | Acc: 0.910 | Eps: 0.0500->0.0500 | t: 124.2s | cell ETA 1m51s (+eval)
2026-09-28 17:19:30 | B10   ports   seed45 | ep 31/31 | Reward:   178.0 | Acc: 0.848 | Eps: 0.0500->0.0500 | t: 117.1s | cell ETA 0s (+eval)
2026-09-28 17:19:50 | B10   ports   seed45 | DONE in 58m00s | KT_F1=80.58 KT_AUC=95.15 | ZD weighted=98.52 macro=72.77
2026-09-28 17:20:01 | B11   ports   seed45 | START training
2026-09-28 17:21:36 | B11   ports   seed45 | ep  1/31 | Reward:  -373.0 | Acc: 0.301 | Eps: 1.0000->0.9000 | t: 91.0s | Investigations: 78 | cell ETA 45m30s (+eval)
2026-09-28 17:23:08 | B11   ports   seed45 | ep  2/31 | Reward:  -393.0 | Acc: 0.324 | Eps: 0.9000->0.8100 | t: 91.9s | Investigations: 85 | cell ETA 44m12s (+eval)
2026-09-28 17:24:44 | B11   ports   seed45 | ep  3/31 | Reward:  -166.0 | Acc: 0.445 | Eps: 0.8100->0.7290 | t: 96.9s | Investigations: 66 | cell ETA 43m31s (+eval)
2026-09-28 17:26:42 | B11   ports   seed45 | ep  4/31 | Reward:  -205.0 | Acc: 0.422 | Eps: 0.7290->0.6561 | t: 117.8s | Investigations: 67 | cell ETA 44m43s (+eval)
2026-09-28 17:28:40 | B11   ports   seed45 | ep  5/31 | Reward:   -12.0 | Acc: 0.520 | Eps: 0.6561->0.5905 | t: 117.8s | Investigations: 55 | cell ETA 44m40s (+eval)
2026-09-28 17:30:38 | B11   ports   seed45 | ep  6/31 | Reward:   -50.0 | Acc: 0.535 | Eps: 0.5905->0.5314 | t: 117.9s | Investigations: 57 | cell ETA 43m58s (+eval)
2026-09-28 17:32:36 | B11   ports   seed45 | ep  7/31 | Reward:    36.0 | Acc: 0.555 | Eps: 0.5314->0.4783 | t: 118.3s | Investigations: 52 | cell ETA 42m56s (+eval)
2026-09-28 17:34:25 | B11   ports   seed45 | ep  8/31 | Reward:   126.0 | Acc: 0.664 | Eps: 0.4783->0.4305 | t: 108.3s | Investigations: 39 | cell ETA 41m12s (+eval)
2026-09-28 17:36:01 | B11   ports   seed45 | ep  9/31 | Reward:   -38.0 | Acc: 0.598 | Eps: 0.4305->0.3874 | t: 96.2s | Investigations: 36 | cell ETA 38m57s (+eval)
2026-09-28 17:37:37 | B11   ports   seed45 | ep 10/31 | Reward:   123.0 | Acc: 0.645 | Eps: 0.3874->0.3487 | t: 96.5s | Investigations: 36 | cell ETA 36m50s (+eval)
2026-09-28 17:39:21 | B11   ports   seed45 | ep 11/31 | Reward:   234.0 | Acc: 0.719 | Eps: 0.3487->0.3138 | t: 103.9s | Investigations: 31 | cell ETA 35m02s (+eval)
2026-09-28 17:41:22 | B11   ports   seed45 | ep 12/31 | Reward:   275.0 | Acc: 0.738 | Eps: 0.3138->0.2824 | t: 120.9s | Investigations: 31 | cell ETA 33m42s (+eval)
2026-09-28 17:43:19 | B11   ports   seed45 | ep 13/31 | Reward:   272.0 | Acc: 0.727 | Eps: 0.2824->0.2542 | t: 116.5s | Investigations: 24 | cell ETA 32m10s (+eval)
2026-09-28 17:45:18 | B11   ports   seed45 | ep 14/31 | Reward:   240.0 | Acc: 0.754 | Eps: 0.2542->0.2288 | t: 119.3s | Investigations: 21 | cell ETA 30m37s (+eval)
2026-09-28 17:47:15 | B11   ports   seed45 | ep 15/31 | Reward:   232.0 | Acc: 0.723 | Eps: 0.2288->0.2059 | t: 116.5s | Investigations: 30 | cell ETA 28m58s (+eval)
2026-09-28 17:48:57 | B11   ports   seed45 | ep 16/31 | Reward:   243.0 | Acc: 0.750 | Eps: 0.2059->0.1853 | t: 102.1s | Investigations: 22 | cell ETA 27m03s (+eval)
2026-09-28 17:50:34 | B11   ports   seed45 | ep 17/31 | Reward:   334.0 | Acc: 0.801 | Eps: 0.1853->0.1668 | t: 97.3s | Investigations: 16 | cell ETA 25m06s (+eval)
2026-09-28 17:52:11 | B11   ports   seed45 | ep 18/31 | Reward:   317.0 | Acc: 0.793 | Eps: 0.1668->0.1501 | t: 97.3s | Investigations: 17 | cell ETA 23m11s (+eval)
2026-09-28 17:54:01 | B11   ports   seed45 | ep 19/31 | Reward:   383.0 | Acc: 0.820 | Eps: 0.1501->0.1351 | t: 109.8s | Investigations: 16 | cell ETA 21m26s (+eval)
2026-09-28 17:56:01 | B11   ports   seed45 | ep 20/31 | Reward:   334.0 | Acc: 0.832 | Eps: 0.1351->0.1216 | t: 119.9s | Investigations: 10 | cell ETA 19m45s (+eval)
2026-09-28 17:58:01 | B11   ports   seed45 | ep 21/31 | Reward:   349.0 | Acc: 0.832 | Eps: 0.1216->0.1094 | t: 120.3s | Investigations: 10 | cell ETA 18m04s (+eval)
2026-09-28 18:00:06 | B11   ports   seed45 | ep 22/31 | Reward:   389.0 | Acc: 0.844 | Eps: 0.1094->0.0985 | t: 125.0s | Investigations: 11 | cell ETA 16m22s (+eval)
2026-09-28 18:02:04 | B11   ports   seed45 | ep 23/31 | Reward:   386.0 | Acc: 0.852 | Eps: 0.0985->0.0886 | t: 117.4s | Investigations: 12 | cell ETA 14m36s (+eval)
2026-09-28 18:03:40 | B11   ports   seed45 | ep 24/31 | Reward:   496.0 | Acc: 0.898 | Eps: 0.0886->0.0798 | t: 95.7s | Investigations: 4 | cell ETA 12m42s (+eval)
2026-09-28 18:05:17 | B11   ports   seed45 | ep 25/31 | Reward:   336.0 | Acc: 0.836 | Eps: 0.0798->0.0718 | t: 97.4s | Investigations: 12 | cell ETA 10m50s (+eval)
2026-09-28 18:06:55 | B11   ports   seed45 | ep 26/31 | Reward:   377.0 | Acc: 0.879 | Eps: 0.0718->0.0646 | t: 97.9s | Investigations: 3 | cell ETA 9m00s (+eval)
2026-09-28 18:09:01 | B11   ports   seed45 | ep 27/31 | Reward:   399.0 | Acc: 0.844 | Eps: 0.0646->0.0581 | t: 125.9s | Investigations: 6 | cell ETA 7m14s (+eval)
2026-09-28 18:11:07 | B11   ports   seed45 | ep 28/31 | Reward:   405.0 | Acc: 0.879 | Eps: 0.0581->0.0523 | t: 126.0s | Investigations: 4 | cell ETA 5m28s (+eval)
2026-09-28 18:13:11 | B11   ports   seed45 | ep 29/31 | Reward:   493.0 | Acc: 0.891 | Eps: 0.0523->0.0500 | t: 124.2s | Investigations: 7 | cell ETA 3m39s (+eval)
2026-09-28 18:15:15 | B11   ports   seed45 | ep 30/31 | Reward:   316.0 | Acc: 0.867 | Eps: 0.0500->0.0500 | t: 124.0s | Investigations: 3 | cell ETA 1m50s (+eval)
2026-09-28 18:17:10 | B11   ports   seed45 | ep 31/31 | Reward:   503.0 | Acc: 0.895 | Eps: 0.0500->0.0500 | t: 115.4s | Investigations: 7 | cell ETA 0s (+eval)
2026-09-28 18:17:30 | B11   ports   seed45 | DONE in 57m29s | KT_F1=81.03 KT_AUC=90.91 | ZD weighted=94.41 macro=55.07
2026-09-28 18:17:34 | rf    ports   seed45 | START supervised
2026-09-28 18:31:30 | rf    ports   seed45 | [rf] Known-Test Recall=97.09%  ROC-AUC=99.69%  |  Weighted-ZD=65.05%  Macro-ZD=48.5%  (834s)
2026-09-28 18:31:30 | rf    ports   seed45 | DONE in 13m55s -> C:\Users\Dr. Zarepour\Desktop\RL_IDS\Codes\experiments\MULTISEED\runs\supervised\rf\ports\seed45
2026-09-28 18:31:34 | xgb   ports   seed45 | START supervised
2026-09-28 18:36:30 | xgb   ports   seed45 | [xgb] Known-Test Recall=97.1%  ROC-AUC=99.67%  |  Weighted-ZD=63.94%  Macro-ZD=45.12%  (295s)
2026-09-28 18:36:30 | xgb   ports   seed45 | DONE in 4m56s -> C:\Users\Dr. Zarepour\Desktop\RL_IDS\Codes\experiments\MULTISEED\runs\supervised\xgb\ports\seed45
2026-09-28 18:36:34 | mlp   ports   seed45 | START supervised
2026-09-28 18:40:01 | mlp   ports   seed45 | [mlp] Known-Test Recall=92.71%  ROC-AUC=99.16%  |  Weighted-ZD=95.68%  Macro-ZD=48.85%  (206s)
2026-09-28 18:40:01 | mlp   ports   seed45 | DONE in 3m27s -> C:\Users\Dr. Zarepour\Desktop\RL_IDS\Codes\experiments\MULTISEED\runs\supervised\mlp\ports\seed45
2026-09-28 18:40:04 | lstm  ports   seed45 | START supervised
2026-09-28 20:21:15 | lstm  ports   seed45 | [lstm] Known-Test Recall=92.97%  ROC-AUC=99.16%  |  Weighted-ZD=93.91%  Macro-ZD=45.55%  (6070s)
2026-09-28 20:21:15 | lstm  ports   seed45 | DONE in 1h41m -> C:\Users\Dr. Zarepour\Desktop\RL_IDS\Codes\experiments\MULTISEED\runs\supervised\lstm\ports\seed45
2026-09-28 20:21:22 | B0    ports   seed46 | START training
2026-09-28 20:22:38 | B0    ports   seed46 | ep  1/31 | Reward:    64.0 | Acc: 0.625 | Eps: 0.3806 | t: 74.1s | cell ETA 37m03s (+eval)
2026-09-28 20:23:58 | B0    ports   seed46 | ep  2/31 | Reward:   168.0 | Acc: 0.828 | Eps: 0.1364 | t: 80.3s | cell ETA 37m18s (+eval)
2026-09-28 20:25:43 | B0    ports   seed46 | ep  3/31 | Reward:   194.0 | Acc: 0.879 | Eps: 0.0500 | t: 104.8s | cell ETA 40m19s (+eval)
2026-09-28 20:27:38 | B0    ports   seed46 | ep  4/31 | Reward:   212.0 | Acc: 0.914 | Eps: 0.0500 | t: 115.4s | cell ETA 42m08s (+eval)
2026-09-28 20:29:32 | B0    ports   seed46 | ep  5/31 | Reward:   208.0 | Acc: 0.906 | Eps: 0.0500 | t: 113.8s | cell ETA 42m19s (+eval)
2026-09-28 20:31:27 | B0    ports   seed46 | ep  6/31 | Reward:   202.0 | Acc: 0.895 | Eps: 0.0500 | t: 114.7s | cell ETA 41m52s (+eval)
2026-09-28 20:33:21 | B0    ports   seed46 | ep  7/31 | Reward:   220.0 | Acc: 0.930 | Eps: 0.0500 | t: 113.9s | cell ETA 40m58s (+eval)
2026-09-28 20:34:57 | B0    ports   seed46 | ep  8/31 | Reward:   228.0 | Acc: 0.945 | Eps: 0.0500 | t: 95.9s | cell ETA 38m57s (+eval)
2026-09-28 20:36:57 | B0    ports   seed46 | ep  9/31 | Reward:   222.0 | Acc: 0.934 | Eps: 0.0500 | t: 119.9s | cell ETA 38m00s (+eval)
2026-09-28 20:38:41 | B0    ports   seed46 | ep 10/31 | Reward:   222.0 | Acc: 0.934 | Eps: 0.0500 | t: 104.1s | cell ETA 36m17s (+eval)
2026-09-28 20:40:16 | B0    ports   seed46 | ep 11/31 | Reward:   228.0 | Acc: 0.945 | Eps: 0.0500 | t: 95.3s | cell ETA 34m18s (+eval)
2026-09-28 20:42:43 | B0    ports   seed46 | ep 12/31 | Reward:   216.0 | Acc: 0.922 | Eps: 0.0500 | t: 147.3s | cell ETA 33m45s (+eval)
2026-09-28 20:45:28 | B0    ports   seed46 | ep 13/31 | Reward:   222.0 | Acc: 0.934 | Eps: 0.0500 | t: 164.3s | cell ETA 33m19s (+eval)
2026-09-28 20:48:12 | B0    ports   seed46 | ep 14/31 | Reward:   226.0 | Acc: 0.941 | Eps: 0.0500 | t: 164.7s | cell ETA 32m33s (+eval)
2026-09-28 20:50:51 | B0    ports   seed46 | ep 15/31 | Reward:   220.0 | Acc: 0.930 | Eps: 0.0500 | t: 159.1s | cell ETA 31m25s (+eval)
2026-09-28 20:53:21 | B0    ports   seed46 | ep 16/31 | Reward:   224.0 | Acc: 0.938 | Eps: 0.0500 | t: 149.2s | cell ETA 29m57s (+eval)
2026-09-28 20:55:38 | B0    ports   seed46 | ep 17/31 | Reward:   208.0 | Acc: 0.906 | Eps: 0.0500 | t: 137.8s | cell ETA 28m12s (+eval)
2026-09-28 20:57:58 | B0    ports   seed46 | ep 18/31 | Reward:   214.0 | Acc: 0.918 | Eps: 0.0500 | t: 139.7s | cell ETA 26m24s (+eval)
2026-09-28 21:00:15 | B0    ports   seed46 | ep 19/31 | Reward:   230.0 | Acc: 0.949 | Eps: 0.0500 | t: 137.1s | cell ETA 24m32s (+eval)
2026-09-28 21:02:48 | B0    ports   seed46 | ep 20/31 | Reward:   232.0 | Acc: 0.953 | Eps: 0.0500 | t: 152.7s | cell ETA 22m46s (+eval)
2026-09-28 21:05:25 | B0    ports   seed46 | ep 21/31 | Reward:   234.0 | Acc: 0.957 | Eps: 0.0500 | t: 157.3s | cell ETA 20m57s (+eval)
2026-09-28 21:08:00 | B0    ports   seed46 | ep 22/31 | Reward:   226.0 | Acc: 0.941 | Eps: 0.0500 | t: 154.9s | cell ETA 19m03s (+eval)
2026-09-28 21:10:32 | B0    ports   seed46 | ep 23/31 | Reward:   236.0 | Acc: 0.961 | Eps: 0.0500 | t: 151.5s | cell ETA 17m05s (+eval)
2026-09-28 21:13:03 | B0    ports   seed46 | ep 24/31 | Reward:   218.0 | Acc: 0.926 | Eps: 0.0500 | t: 150.9s | cell ETA 15m03s (+eval)
2026-09-28 21:15:27 | B0    ports   seed46 | ep 25/31 | Reward:   214.0 | Acc: 0.918 | Eps: 0.0500 | t: 143.8s | cell ETA 12m58s (+eval)
2026-09-28 21:17:45 | B0    ports   seed46 | ep 26/31 | Reward:   212.0 | Acc: 0.914 | Eps: 0.0500 | t: 138.6s | cell ETA 10m50s (+eval)
2026-09-28 21:20:05 | B0    ports   seed46 | ep 27/31 | Reward:   232.0 | Acc: 0.953 | Eps: 0.0500 | t: 139.4s | cell ETA 8m41s (+eval)
2026-09-28 21:22:23 | B0    ports   seed46 | ep 28/31 | Reward:   224.0 | Acc: 0.938 | Eps: 0.0500 | t: 137.9s | cell ETA 6m31s (+eval)
2026-09-28 21:24:57 | B0    ports   seed46 | ep 29/31 | Reward:   214.0 | Acc: 0.918 | Eps: 0.0500 | t: 154.0s | cell ETA 4m22s (+eval)
2026-09-28 21:27:36 | B0    ports   seed46 | ep 30/31 | Reward:   220.0 | Acc: 0.930 | Eps: 0.0500 | t: 159.4s | cell ETA 2m12s (+eval)
2026-09-28 21:30:12 | B0    ports   seed46 | ep 31/31 | Reward:   230.0 | Acc: 0.949 | Eps: 0.0500 | t: 156.1s | cell ETA 0s (+eval)
2026-09-28 21:30:36 | B0    ports   seed46 | DONE in 1h09m | KT_F1=84.43 KT_AUC=93.31 | ZD weighted=95.25 macro=57.58
2026-09-28 21:30:54 | B1    ports   seed46 | START training
2026-09-28 21:33:44 | B1    ports   seed46 | ep  1/31 | reward=72.0 | acc=0.641 | eps=0.381 | t=167.6s | cell ETA 1h23m (+eval)
2026-09-28 21:36:20 | B1    ports   seed46 | ep  2/31 | reward=168.0 | acc=0.828 | eps=0.136 | t=156.5s | cell ETA 1h18m (+eval)
2026-09-28 21:38:55 | B1    ports   seed46 | ep  3/31 | reward=202.0 | acc=0.895 | eps=0.050 | t=154.3s | cell ETA 1h14m (+eval)
2026-09-28 21:41:32 | B1    ports   seed46 | ep  4/31 | reward=224.0 | acc=0.938 | eps=0.050 | t=157.3s | cell ETA 1h11m (+eval)
2026-09-28 21:44:16 | B1    ports   seed46 | ep  5/31 | reward=226.0 | acc=0.941 | eps=0.050 | t=164.3s | cell ETA 1h09m (+eval)
2026-09-28 21:47:15 | B1    ports   seed46 | ep  6/31 | reward=206.0 | acc=0.902 | eps=0.050 | t=178.8s | cell ETA 1h07m (+eval)
2026-09-28 21:50:05 | B1    ports   seed46 | ep  7/31 | reward=206.0 | acc=0.902 | eps=0.050 | t=169.4s | cell ETA 1h05m (+eval)
2026-09-28 21:52:54 | B1    ports   seed46 | ep  8/31 | reward=220.0 | acc=0.930 | eps=0.050 | t=169.2s | cell ETA 1h03m (+eval)
2026-09-28 21:55:37 | B1    ports   seed46 | ep  9/31 | reward=220.0 | acc=0.930 | eps=0.050 | t=162.6s | cell ETA 1h00m (+eval)
2026-09-28 21:58:07 | B1    ports   seed46 | ep 10/31 | reward=220.0 | acc=0.930 | eps=0.050 | t=150.6s | cell ETA 57m04s (+eval)
2026-09-28 22:00:39 | B1    ports   seed46 | ep 11/31 | reward=228.0 | acc=0.945 | eps=0.050 | t=151.4s | cell ETA 54m00s (+eval)
2026-09-28 22:03:14 | B1    ports   seed46 | ep 12/31 | reward=222.0 | acc=0.934 | eps=0.050 | t=154.9s | cell ETA 51m06s (+eval)
2026-09-28 22:06:02 | B1    ports   seed46 | ep 13/31 | reward=224.0 | acc=0.938 | eps=0.050 | t=168.7s | cell ETA 48m35s (+eval)
2026-09-28 22:08:56 | B1    ports   seed46 | ep 14/31 | reward=224.0 | acc=0.938 | eps=0.050 | t=173.4s | cell ETA 46m07s (+eval)
2026-09-28 22:11:50 | B1    ports   seed46 | ep 15/31 | reward=220.0 | acc=0.930 | eps=0.050 | t=174.5s | cell ETA 43m37s (+eval)
2026-09-28 22:14:41 | B1    ports   seed46 | ep 16/31 | reward=226.0 | acc=0.941 | eps=0.050 | t=170.8s | cell ETA 41m00s (+eval)
2026-09-28 22:17:15 | B1    ports   seed46 | ep 17/31 | reward=208.0 | acc=0.906 | eps=0.050 | t=153.8s | cell ETA 38m07s (+eval)
2026-09-28 22:19:44 | B1    ports   seed46 | ep 18/31 | reward=210.0 | acc=0.910 | eps=0.050 | t=149.3s | cell ETA 35m14s (+eval)
2026-09-28 22:22:14 | B1    ports   seed46 | ep 19/31 | reward=230.0 | acc=0.949 | eps=0.050 | t=150.0s | cell ETA 32m23s (+eval)
2026-09-28 22:24:56 | B1    ports   seed46 | ep 20/31 | reward=228.0 | acc=0.945 | eps=0.050 | t=162.1s | cell ETA 29m41s (+eval)
2026-09-28 22:27:49 | B1    ports   seed46 | ep 21/31 | reward=234.0 | acc=0.957 | eps=0.050 | t=172.4s | cell ETA 27m04s (+eval)
2026-09-28 22:30:41 | B1    ports   seed46 | ep 22/31 | reward=226.0 | acc=0.941 | eps=0.050 | t=172.5s | cell ETA 24m26s (+eval)
2026-09-28 22:33:36 | B1    ports   seed46 | ep 23/31 | reward=238.0 | acc=0.965 | eps=0.050 | t=174.1s | cell ETA 21m47s (+eval)
2026-09-28 22:36:24 | B1    ports   seed46 | ep 24/31 | reward=216.0 | acc=0.922 | eps=0.050 | t=168.7s | cell ETA 19m05s (+eval)
2026-09-28 22:38:58 | B1    ports   seed46 | ep 25/31 | reward=212.0 | acc=0.914 | eps=0.050 | t=154.2s | cell ETA 16m19s (+eval)
2026-09-28 22:41:28 | B1    ports   seed46 | ep 26/31 | reward=210.0 | acc=0.910 | eps=0.050 | t=149.5s | cell ETA 13m33s (+eval)
2026-09-28 22:43:59 | B1    ports   seed46 | ep 27/31 | reward=228.0 | acc=0.945 | eps=0.050 | t=151.3s | cell ETA 10m49s (+eval)
2026-09-28 22:46:47 | B1    ports   seed46 | ep 28/31 | reward=226.0 | acc=0.941 | eps=0.050 | t=167.6s | cell ETA 8m07s (+eval)
2026-09-28 22:49:38 | B1    ports   seed46 | ep 29/31 | reward=214.0 | acc=0.918 | eps=0.050 | t=171.6s | cell ETA 5m25s (+eval)
2026-09-28 22:52:30 | B1    ports   seed46 | ep 30/31 | reward=216.0 | acc=0.922 | eps=0.050 | t=171.8s | cell ETA 2m43s (+eval)
2026-09-28 22:55:18 | B1    ports   seed46 | ep 31/31 | reward=222.0 | acc=0.934 | eps=0.050 | t=168.0s | cell ETA 0s (+eval)
2026-09-28 22:55:43 | B1    ports   seed46 | DONE in 1h24m | KT_F1=82.73 KT_AUC=86.71 | ZD weighted=96.70 macro=62.84
2026-09-28 22:55:59 | B2    ports   seed46 | START training
2026-09-28 22:58:33 | B2    ports   seed46 | ep  1/31 | reward=-2.0 | acc=0.496 | eps=0.900 | t=151.4s | cell ETA 1h15m (+eval)
2026-09-28 23:00:55 | B2    ports   seed46 | ep  2/31 | reward=44.0 | acc=0.586 | eps=0.810 | t=142.3s | cell ETA 1h10m (+eval)
2026-09-28 23:03:19 | B2    ports   seed46 | ep  3/31 | reward=24.0 | acc=0.547 | eps=0.729 | t=143.7s | cell ETA 1h08m (+eval)
2026-09-28 23:05:43 | B2    ports   seed46 | ep  4/31 | reward=38.0 | acc=0.574 | eps=0.656 | t=144.0s | cell ETA 1h05m (+eval)
2026-09-28 23:08:22 | B2    ports   seed46 | ep  5/31 | reward=108.0 | acc=0.711 | eps=0.590 | t=159.3s | cell ETA 1h04m (+eval)
2026-09-28 23:11:03 | B2    ports   seed46 | ep  6/31 | reward=98.0 | acc=0.691 | eps=0.531 | t=160.9s | cell ETA 1h02m (+eval)
2026-09-28 23:13:38 | B2    ports   seed46 | ep  7/31 | reward=108.0 | acc=0.711 | eps=0.478 | t=154.8s | cell ETA 1h00m (+eval)
2026-09-28 23:16:13 | B2    ports   seed46 | ep  8/31 | reward=126.0 | acc=0.746 | eps=0.430 | t=154.5s | cell ETA 58m01s (+eval)
2026-09-28 23:18:51 | B2    ports   seed46 | ep  9/31 | reward=124.0 | acc=0.742 | eps=0.387 | t=158.0s | cell ETA 55m46s (+eval)
2026-09-28 23:21:20 | B2    ports   seed46 | ep 10/31 | reward=136.0 | acc=0.766 | eps=0.349 | t=149.3s | cell ETA 53m08s (+eval)
2026-09-28 23:23:38 | B2    ports   seed46 | ep 11/31 | reward=170.0 | acc=0.832 | eps=0.314 | t=137.6s | cell ETA 50m10s (+eval)
2026-09-28 23:25:57 | B2    ports   seed46 | ep 12/31 | reward=160.0 | acc=0.812 | eps=0.282 | t=139.3s | cell ETA 47m22s (+eval)
2026-09-28 23:28:34 | B2    ports   seed46 | ep 13/31 | reward=164.0 | acc=0.820 | eps=0.254 | t=156.8s | cell ETA 45m02s (+eval)
2026-09-28 23:31:17 | B2    ports   seed46 | ep 14/31 | reward=186.0 | acc=0.863 | eps=0.229 | t=163.0s | cell ETA 42m48s (+eval)
2026-09-28 23:33:58 | B2    ports   seed46 | ep 15/31 | reward=188.0 | acc=0.867 | eps=0.206 | t=160.7s | cell ETA 40m27s (+eval)
2026-09-28 23:36:40 | B2    ports   seed46 | ep 16/31 | reward=180.0 | acc=0.852 | eps=0.185 | t=162.3s | cell ETA 38m05s (+eval)
2026-09-28 23:39:11 | B2    ports   seed46 | ep 17/31 | reward=184.0 | acc=0.859 | eps=0.167 | t=151.5s | cell ETA 35m32s (+eval)
2026-09-28 23:41:38 | B2    ports   seed46 | ep 18/31 | reward=172.0 | acc=0.836 | eps=0.150 | t=146.1s | cell ETA 32m55s (+eval)
2026-09-28 23:43:55 | B2    ports   seed46 | ep 19/31 | reward=208.0 | acc=0.906 | eps=0.135 | t=137.8s | cell ETA 30m14s (+eval)
2026-09-28 23:46:12 | B2    ports   seed46 | ep 20/31 | reward=208.0 | acc=0.906 | eps=0.122 | t=137.0s | cell ETA 27m35s (+eval)
2026-09-28 23:48:54 | B2    ports   seed46 | ep 21/31 | reward=222.0 | acc=0.934 | eps=0.109 | t=161.1s | cell ETA 25m10s (+eval)
2026-09-28 23:51:43 | B2    ports   seed46 | ep 22/31 | reward=216.0 | acc=0.922 | eps=0.098 | t=169.5s | cell ETA 22m46s (+eval)
2026-09-28 23:54:27 | B2    ports   seed46 | ep 23/31 | reward=224.0 | acc=0.938 | eps=0.089 | t=164.2s | cell ETA 20m19s (+eval)
2026-09-28 23:57:11 | B2    ports   seed46 | ep 24/31 | reward=208.0 | acc=0.906 | eps=0.080 | t=163.9s | cell ETA 17m50s (+eval)
2026-09-28 23:59:38 | B2    ports   seed46 | ep 25/31 | reward=214.0 | acc=0.918 | eps=0.072 | t=146.4s | cell ETA 15m15s (+eval)
2026-09-29 00:01:55 | B2    ports   seed46 | ep 26/31 | reward=208.0 | acc=0.906 | eps=0.065 | t=136.8s | cell ETA 12m40s (+eval)
2026-09-29 00:04:11 | B2    ports   seed46 | ep 27/31 | reward=216.0 | acc=0.922 | eps=0.058 | t=136.8s | cell ETA 10m05s (+eval)
2026-09-29 00:06:42 | B2    ports   seed46 | ep 28/31 | reward=222.0 | acc=0.934 | eps=0.052 | t=150.6s | cell ETA 7m34s (+eval)
2026-09-29 00:09:34 | B2    ports   seed46 | ep 29/31 | reward=196.0 | acc=0.883 | eps=0.050 | t=172.3s | cell ETA 5m04s (+eval)
2026-09-29 00:12:25 | B2    ports   seed46 | ep 30/31 | reward=224.0 | acc=0.938 | eps=0.050 | t=170.4s | cell ETA 2m32s (+eval)
2026-09-29 00:15:11 | B2    ports   seed46 | ep 31/31 | reward=228.0 | acc=0.945 | eps=0.050 | t=166.2s | cell ETA 0s (+eval)
2026-09-29 00:15:35 | B2    ports   seed46 | DONE in 1h19m | KT_F1=83.21 KT_AUC=93.35 | ZD weighted=94.99 macro=61.93
2026-09-29 00:15:56 | B3    ports   seed46 | START training
2026-09-29 00:18:26 | B3    ports   seed46 | ep  1/31 | reward=-2.0 | acc=0.496 | eps=0.900 | t=147.3s | cell ETA 1h13m (+eval)
2026-09-29 00:20:48 | B3    ports   seed46 | ep  2/31 | reward=44.0 | acc=0.586 | eps=0.810 | t=141.7s | cell ETA 1h09m (+eval)
2026-09-29 00:23:09 | B3    ports   seed46 | ep  3/31 | reward=24.0 | acc=0.547 | eps=0.729 | t=141.3s | cell ETA 1h06m (+eval)
2026-09-29 00:25:28 | B3    ports   seed46 | ep  4/31 | reward=38.0 | acc=0.574 | eps=0.656 | t=138.3s | cell ETA 1h03m (+eval)
2026-09-29 00:28:00 | B3    ports   seed46 | ep  5/31 | reward=110.0 | acc=0.715 | eps=0.590 | t=152.0s | cell ETA 1h02m (+eval)
2026-09-29 00:30:41 | B3    ports   seed46 | ep  6/31 | reward=96.0 | acc=0.688 | eps=0.531 | t=160.9s | cell ETA 1h01m (+eval)
2026-09-29 00:33:24 | B3    ports   seed46 | ep  7/31 | reward=104.0 | acc=0.703 | eps=0.478 | t=163.5s | cell ETA 59m42s (+eval)
2026-09-29 00:36:09 | B3    ports   seed46 | ep  8/31 | reward=126.0 | acc=0.746 | eps=0.430 | t=164.8s | cell ETA 57m58s (+eval)
2026-09-29 00:38:53 | B3    ports   seed46 | ep  9/31 | reward=120.0 | acc=0.734 | eps=0.387 | t=163.9s | cell ETA 55m57s (+eval)
2026-09-29 00:41:30 | B3    ports   seed46 | ep 10/31 | reward=142.0 | acc=0.777 | eps=0.349 | t=157.0s | cell ETA 53m34s (+eval)
2026-09-29 00:43:58 | B3    ports   seed46 | ep 11/31 | reward=172.0 | acc=0.836 | eps=0.314 | t=148.3s | cell ETA 50m52s (+eval)
2026-09-29 00:46:26 | B3    ports   seed46 | ep 12/31 | reward=158.0 | acc=0.809 | eps=0.282 | t=147.1s | cell ETA 48m11s (+eval)
2026-09-29 00:48:58 | B3    ports   seed46 | ep 13/31 | reward=166.0 | acc=0.824 | eps=0.254 | t=152.6s | cell ETA 45m39s (+eval)
2026-09-29 00:51:43 | B3    ports   seed46 | ep 14/31 | reward=182.0 | acc=0.855 | eps=0.229 | t=165.2s | cell ETA 43m23s (+eval)
2026-09-29 00:54:33 | B3    ports   seed46 | ep 15/31 | reward=186.0 | acc=0.863 | eps=0.206 | t=169.7s | cell ETA 41m07s (+eval)
2026-09-29 00:57:25 | B3    ports   seed46 | ep 16/31 | reward=180.0 | acc=0.852 | eps=0.185 | t=171.7s | cell ETA 38m49s (+eval)
2026-09-29 01:00:12 | B3    ports   seed46 | ep 17/31 | reward=180.0 | acc=0.852 | eps=0.167 | t=167.1s | cell ETA 36m24s (+eval)
2026-09-29 01:02:48 | B3    ports   seed46 | ep 18/31 | reward=172.0 | acc=0.836 | eps=0.150 | t=156.0s | cell ETA 33m48s (+eval)
2026-09-29 01:05:20 | B3    ports   seed46 | ep 19/31 | reward=208.0 | acc=0.906 | eps=0.135 | t=151.8s | cell ETA 31m09s (+eval)
2026-09-29 01:07:49 | B3    ports   seed46 | ep 20/31 | reward=206.0 | acc=0.902 | eps=0.122 | t=149.4s | cell ETA 28m30s (+eval)
2026-09-29 01:10:28 | B3    ports   seed46 | ep 21/31 | reward=220.0 | acc=0.930 | eps=0.109 | t=158.2s | cell ETA 25m56s (+eval)
2026-09-29 01:13:20 | B3    ports   seed46 | ep 22/31 | reward=216.0 | acc=0.922 | eps=0.098 | t=172.8s | cell ETA 23m27s (+eval)
2026-09-29 01:16:12 | B3    ports   seed46 | ep 23/31 | reward=222.0 | acc=0.934 | eps=0.089 | t=171.1s | cell ETA 20m56s (+eval)
2026-09-29 01:19:00 | B3    ports   seed46 | ep 24/31 | reward=210.0 | acc=0.910 | eps=0.080 | t=168.1s | cell ETA 18m22s (+eval)
2026-09-29 01:21:46 | B3    ports   seed46 | ep 25/31 | reward=214.0 | acc=0.918 | eps=0.072 | t=166.3s | cell ETA 15m47s (+eval)
2026-09-29 01:24:16 | B3    ports   seed46 | ep 26/31 | reward=210.0 | acc=0.910 | eps=0.065 | t=149.7s | cell ETA 13m07s (+eval)
2026-09-29 01:26:44 | B3    ports   seed46 | ep 27/31 | reward=222.0 | acc=0.934 | eps=0.058 | t=148.2s | cell ETA 10m28s (+eval)
2026-09-29 01:29:12 | B3    ports   seed46 | ep 28/31 | reward=218.0 | acc=0.926 | eps=0.052 | t=147.7s | cell ETA 7m50s (+eval)
2026-09-29 01:31:47 | B3    ports   seed46 | ep 29/31 | reward=200.0 | acc=0.891 | eps=0.050 | t=155.6s | cell ETA 5m13s (+eval)
2026-09-29 01:34:36 | B3    ports   seed46 | ep 30/31 | reward=226.0 | acc=0.941 | eps=0.050 | t=168.9s | cell ETA 2m37s (+eval)
2026-09-29 01:37:25 | B3    ports   seed46 | ep 31/31 | reward=228.0 | acc=0.945 | eps=0.050 | t=168.8s | cell ETA 0s (+eval)
2026-09-29 01:37:52 | B3    ports   seed46 | DONE in 1h21m | KT_F1=80.87 KT_AUC=82.13 | ZD weighted=28.91 macro=31.94
2026-09-29 01:38:06 | B4    ports   seed46 | START training
2026-09-29 01:40:53 | B4    ports   seed46 | ep  1/31 | Reward:    -2.0 | Acc: 0.496 | Eps: 1.0000->0.9000 | t: 164.1s | cell ETA 1h22m (+eval)
2026-09-29 01:43:27 | B4    ports   seed46 | ep  2/31 | Reward:    44.0 | Acc: 0.586 | Eps: 0.9000->0.8100 | t: 154.8s | cell ETA 1h17m (+eval)
2026-09-29 01:45:50 | B4    ports   seed46 | ep  3/31 | Reward:    28.0 | Acc: 0.555 | Eps: 0.8100->0.7290 | t: 142.6s | cell ETA 1h11m (+eval)
2026-09-29 01:48:12 | B4    ports   seed46 | ep  4/31 | Reward:    38.0 | Acc: 0.574 | Eps: 0.7290->0.6561 | t: 142.1s | cell ETA 1h07m (+eval)
2026-09-29 01:50:38 | B4    ports   seed46 | ep  5/31 | Reward:   108.0 | Acc: 0.711 | Eps: 0.6561->0.5905 | t: 145.9s | cell ETA 1h04m (+eval)
2026-09-29 01:53:24 | B4    ports   seed46 | ep  6/31 | Reward:    98.0 | Acc: 0.691 | Eps: 0.5905->0.5314 | t: 166.0s | cell ETA 1h03m (+eval)
2026-09-29 01:56:14 | B4    ports   seed46 | ep  7/31 | Reward:   106.0 | Acc: 0.707 | Eps: 0.5314->0.4783 | t: 170.2s | cell ETA 1h02m (+eval)
2026-09-29 01:59:06 | B4    ports   seed46 | ep  8/31 | Reward:   126.0 | Acc: 0.746 | Eps: 0.4783->0.4305 | t: 172.2s | cell ETA 1h00m (+eval)
2026-09-29 02:02:02 | B4    ports   seed46 | ep  9/31 | Reward:   122.0 | Acc: 0.738 | Eps: 0.4305->0.3874 | t: 175.7s | cell ETA 58m24s (+eval)
2026-09-29 02:04:44 | B4    ports   seed46 | ep 10/31 | Reward:   138.0 | Acc: 0.770 | Eps: 0.3874->0.3487 | t: 162.1s | cell ETA 55m50s (+eval)
2026-09-29 02:07:16 | B4    ports   seed46 | ep 11/31 | Reward:   168.0 | Acc: 0.828 | Eps: 0.3487->0.3138 | t: 151.2s | cell ETA 52m56s (+eval)
2026-09-29 02:09:47 | B4    ports   seed46 | ep 12/31 | Reward:   158.0 | Acc: 0.809 | Eps: 0.3138->0.2824 | t: 151.4s | cell ETA 50m05s (+eval)
2026-09-29 02:12:25 | B4    ports   seed46 | ep 13/31 | Reward:   164.0 | Acc: 0.820 | Eps: 0.2824->0.2542 | t: 158.0s | cell ETA 47m27s (+eval)
2026-09-29 02:15:17 | B4    ports   seed46 | ep 14/31 | Reward:   190.0 | Acc: 0.871 | Eps: 0.2542->0.2288 | t: 172.0s | cell ETA 45m05s (+eval)
2026-09-29 02:18:09 | B4    ports   seed46 | ep 15/31 | Reward:   188.0 | Acc: 0.867 | Eps: 0.2288->0.2059 | t: 171.8s | cell ETA 42m40s (+eval)
2026-09-29 02:20:59 | B4    ports   seed46 | ep 16/31 | Reward:   182.0 | Acc: 0.855 | Eps: 0.2059->0.1853 | t: 170.5s | cell ETA 40m09s (+eval)
2026-09-29 02:23:48 | B4    ports   seed46 | ep 17/31 | Reward:   180.0 | Acc: 0.852 | Eps: 0.1853->0.1668 | t: 168.6s | cell ETA 37m35s (+eval)
2026-09-29 02:26:23 | B4    ports   seed46 | ep 18/31 | Reward:   174.0 | Acc: 0.840 | Eps: 0.1668->0.1501 | t: 155.2s | cell ETA 34m50s (+eval)
2026-09-29 02:28:53 | B4    ports   seed46 | ep 19/31 | Reward:   210.0 | Acc: 0.910 | Eps: 0.1501->0.1351 | t: 149.5s | cell ETA 32m02s (+eval)
2026-09-29 02:31:23 | B4    ports   seed46 | ep 20/31 | Reward:   212.0 | Acc: 0.914 | Eps: 0.1351->0.1216 | t: 149.9s | cell ETA 29m16s (+eval)
2026-09-29 02:33:54 | B4    ports   seed46 | ep 21/31 | Reward:   218.0 | Acc: 0.926 | Eps: 0.1216->0.1094 | t: 151.6s | cell ETA 26m33s (+eval)
2026-09-29 02:36:51 | B4    ports   seed46 | ep 22/31 | Reward:   216.0 | Acc: 0.922 | Eps: 0.1094->0.0985 | t: 176.1s | cell ETA 24m00s (+eval)
2026-09-29 02:39:46 | B4    ports   seed46 | ep 23/31 | Reward:   226.0 | Acc: 0.941 | Eps: 0.0985->0.0886 | t: 175.4s | cell ETA 21m25s (+eval)
2026-09-29 02:42:43 | B4    ports   seed46 | ep 24/31 | Reward:   208.0 | Acc: 0.906 | Eps: 0.0886->0.0798 | t: 176.8s | cell ETA 18m49s (+eval)
2026-09-29 02:45:43 | B4    ports   seed46 | ep 25/31 | Reward:   216.0 | Acc: 0.922 | Eps: 0.0798->0.0718 | t: 180.2s | cell ETA 16m12s (+eval)
2026-09-29 02:48:21 | B4    ports   seed46 | ep 26/31 | Reward:   208.0 | Acc: 0.906 | Eps: 0.0718->0.0646 | t: 157.6s | cell ETA 13m29s (+eval)
2026-09-29 02:50:55 | B4    ports   seed46 | ep 27/31 | Reward:   222.0 | Acc: 0.934 | Eps: 0.0646->0.0581 | t: 154.5s | cell ETA 10m46s (+eval)
2026-09-29 02:53:29 | B4    ports   seed46 | ep 28/31 | Reward:   224.0 | Acc: 0.938 | Eps: 0.0581->0.0523 | t: 153.9s | cell ETA 8m04s (+eval)
2026-09-29 02:56:17 | B4    ports   seed46 | ep 29/31 | Reward:   204.0 | Acc: 0.898 | Eps: 0.0523->0.0500 | t: 168.2s | cell ETA 5m23s (+eval)
2026-09-29 02:59:15 | B4    ports   seed46 | ep 30/31 | Reward:   222.0 | Acc: 0.934 | Eps: 0.0500->0.0500 | t: 177.8s | cell ETA 2m42s (+eval)
2026-09-29 03:02:12 | B4    ports   seed46 | ep 31/31 | Reward:   232.0 | Acc: 0.953 | Eps: 0.0500->0.0500 | t: 176.9s | cell ETA 0s (+eval)
2026-09-29 03:02:37 | B4    ports   seed46 | DONE in 1h24m | KT_F1=85.03 KT_AUC=88.42 | ZD weighted=93.99 macro=53.11
2026-09-29 03:02:55 | B5    ports   seed46 | START training
2026-09-29 03:05:40 | B5    ports   seed46 | ep  1/31 | Reward:  -383.0 | Acc: 0.496 | Eps: 1.0000->0.9000 | t: 162.9s | cell ETA 1h21m (+eval)
2026-09-29 03:08:10 | B5    ports   seed46 | ep  2/31 | Reward:  -152.0 | Acc: 0.586 | Eps: 0.9000->0.8100 | t: 150.2s | cell ETA 1h15m (+eval)
2026-09-29 03:10:35 | B5    ports   seed46 | ep  3/31 | Reward:  -287.0 | Acc: 0.543 | Eps: 0.8100->0.7290 | t: 144.2s | cell ETA 1h11m (+eval)
2026-09-29 03:12:58 | B5    ports   seed46 | ep  4/31 | Reward:  -174.0 | Acc: 0.566 | Eps: 0.7290->0.6561 | t: 143.7s | cell ETA 1h07m (+eval)
2026-09-29 03:15:26 | B5    ports   seed46 | ep  5/31 | Reward:   152.0 | Acc: 0.703 | Eps: 0.6561->0.5905 | t: 147.9s | cell ETA 1h04m (+eval)
2026-09-29 03:18:21 | B5    ports   seed46 | ep  6/31 | Reward:    96.0 | Acc: 0.695 | Eps: 0.5905->0.5314 | t: 175.1s | cell ETA 1h04m (+eval)
2026-09-29 03:21:13 | B5    ports   seed46 | ep  7/31 | Reward:   161.0 | Acc: 0.703 | Eps: 0.5314->0.4783 | t: 171.7s | cell ETA 1h02m (+eval)
2026-09-29 03:23:59 | B5    ports   seed46 | ep  8/31 | Reward:   275.0 | Acc: 0.742 | Eps: 0.4783->0.4305 | t: 166.0s | cell ETA 1h00m (+eval)
2026-09-29 03:26:46 | B5    ports   seed46 | ep  9/31 | Reward:   252.0 | Acc: 0.738 | Eps: 0.4305->0.3874 | t: 166.7s | cell ETA 58m11s (+eval)
2026-09-29 03:29:18 | B5    ports   seed46 | ep 10/31 | Reward:   283.0 | Acc: 0.766 | Eps: 0.3874->0.3487 | t: 152.4s | cell ETA 55m19s (+eval)
2026-09-29 03:31:43 | B5    ports   seed46 | ep 11/31 | Reward:   438.0 | Acc: 0.820 | Eps: 0.3487->0.3138 | t: 144.7s | cell ETA 52m17s (+eval)
2026-09-29 03:34:08 | B5    ports   seed46 | ep 12/31 | Reward:   397.0 | Acc: 0.801 | Eps: 0.3138->0.2824 | t: 145.4s | cell ETA 49m22s (+eval)
2026-09-29 03:36:46 | B5    ports   seed46 | ep 13/31 | Reward:   452.0 | Acc: 0.824 | Eps: 0.2824->0.2542 | t: 157.7s | cell ETA 46m48s (+eval)
2026-09-29 03:39:43 | B5    ports   seed46 | ep 14/31 | Reward:   562.0 | Acc: 0.855 | Eps: 0.2542->0.2288 | t: 176.5s | cell ETA 44m37s (+eval)
2026-09-29 03:42:36 | B5    ports   seed46 | ep 15/31 | Reward:   530.0 | Acc: 0.867 | Eps: 0.2288->0.2059 | t: 173.2s | cell ETA 42m16s (+eval)
2026-09-29 03:45:21 | B5    ports   seed46 | ep 16/31 | Reward:   547.0 | Acc: 0.844 | Eps: 0.2059->0.1853 | t: 165.0s | cell ETA 39m44s (+eval)
2026-09-29 03:47:52 | B5    ports   seed46 | ep 17/31 | Reward:   552.0 | Acc: 0.855 | Eps: 0.1853->0.1668 | t: 151.3s | cell ETA 36m59s (+eval)
2026-09-29 03:50:15 | B5    ports   seed46 | ep 18/31 | Reward:   436.0 | Acc: 0.832 | Eps: 0.1668->0.1501 | t: 143.1s | cell ETA 34m09s (+eval)
2026-09-29 03:52:37 | B5    ports   seed46 | ep 19/31 | Reward:   716.0 | Acc: 0.906 | Eps: 0.1501->0.1351 | t: 141.4s | cell ETA 31m21s (+eval)
2026-09-29 03:55:08 | B5    ports   seed46 | ep 20/31 | Reward:   641.0 | Acc: 0.914 | Eps: 0.1351->0.1216 | t: 151.1s | cell ETA 28m41s (+eval)
2026-09-29 03:58:01 | B5    ports   seed46 | ep 21/31 | Reward:   693.0 | Acc: 0.914 | Eps: 0.1216->0.1094 | t: 173.4s | cell ETA 26m13s (+eval)
2026-09-29 04:00:55 | B5    ports   seed46 | ep 22/31 | Reward:   631.0 | Acc: 0.922 | Eps: 0.1094->0.0985 | t: 173.7s | cell ETA 23m42s (+eval)
2026-09-29 04:03:38 | B5    ports   seed46 | ep 23/31 | Reward:   716.0 | Acc: 0.930 | Eps: 0.0985->0.0886 | t: 163.1s | cell ETA 21m06s (+eval)
2026-09-29 04:06:32 | B5    ports   seed46 | ep 24/31 | Reward:   663.0 | Acc: 0.906 | Eps: 0.0886->0.0798 | t: 173.4s | cell ETA 18m32s (+eval)
2026-09-29 04:09:08 | B5    ports   seed46 | ep 25/31 | Reward:   625.0 | Acc: 0.910 | Eps: 0.0798->0.0718 | t: 156.6s | cell ETA 15m52s (+eval)
2026-09-29 04:11:31 | B5    ports   seed46 | ep 26/31 | Reward:   646.0 | Acc: 0.902 | Eps: 0.0718->0.0646 | t: 142.7s | cell ETA 13m10s (+eval)
2026-09-29 04:13:57 | B5    ports   seed46 | ep 27/31 | Reward:   683.0 | Acc: 0.926 | Eps: 0.0646->0.0581 | t: 145.7s | cell ETA 10m30s (+eval)
2026-09-29 04:16:35 | B5    ports   seed46 | ep 28/31 | Reward:   733.0 | Acc: 0.930 | Eps: 0.0581->0.0523 | t: 158.3s | cell ETA 7m53s (+eval)
2026-09-29 04:19:31 | B5    ports   seed46 | ep 29/31 | Reward:   594.0 | Acc: 0.875 | Eps: 0.0523->0.0500 | t: 175.8s | cell ETA 5m16s (+eval)
2026-09-29 04:22:27 | B5    ports   seed46 | ep 30/31 | Reward:   725.0 | Acc: 0.918 | Eps: 0.0500->0.0500 | t: 176.7s | cell ETA 2m38s (+eval)
2026-09-29 04:25:24 | B5    ports   seed46 | ep 31/31 | Reward:   702.0 | Acc: 0.926 | Eps: 0.0500->0.0500 | t: 176.4s | cell ETA 0s (+eval)
2026-09-29 04:25:49 | B5    ports   seed46 | DONE in 1h22m | KT_F1=80.05 KT_AUC=92.39 | ZD weighted=97.28 macro=67.63
2026-09-29 04:26:02 | B6    ports   seed46 | START training
2026-09-29 04:28:34 | B6    ports   seed46 | ep  1/31 | Reward:    -2.0 | Acc: 0.496 | Eps: 1.0000->0.9000 | t: 147.7s | cell ETA 1h13m (+eval)
2026-09-29 04:30:55 | B6    ports   seed46 | ep  2/31 | Reward:    42.0 | Acc: 0.582 | Eps: 0.9000->0.8100 | t: 141.5s | cell ETA 1h09m (+eval)
2026-09-29 04:33:17 | B6    ports   seed46 | ep  3/31 | Reward:    28.0 | Acc: 0.555 | Eps: 0.8100->0.7290 | t: 141.8s | cell ETA 1h07m (+eval)
2026-09-29 04:35:45 | B6    ports   seed46 | ep  4/31 | Reward:    38.0 | Acc: 0.574 | Eps: 0.7290->0.6561 | t: 147.6s | cell ETA 1h05m (+eval)
2026-09-29 04:38:33 | B6    ports   seed46 | ep  5/31 | Reward:   108.0 | Acc: 0.711 | Eps: 0.6561->0.5905 | t: 168.5s | cell ETA 1h04m (+eval)
2026-09-29 04:41:23 | B6    ports   seed46 | ep  6/31 | Reward:    98.0 | Acc: 0.691 | Eps: 0.5905->0.5314 | t: 169.2s | cell ETA 1h03m (+eval)
2026-09-29 04:44:19 | B6    ports   seed46 | ep  7/31 | Reward:   106.0 | Acc: 0.707 | Eps: 0.5314->0.4783 | t: 176.5s | cell ETA 1h02m (+eval)
2026-09-29 04:47:12 | B6    ports   seed46 | ep  8/31 | Reward:   128.0 | Acc: 0.750 | Eps: 0.4783->0.4305 | t: 173.3s | cell ETA 1h00m (+eval)
2026-09-29 04:49:48 | B6    ports   seed46 | ep  9/31 | Reward:   128.0 | Acc: 0.750 | Eps: 0.4305->0.3874 | t: 155.7s | cell ETA 57m55s (+eval)
2026-09-29 04:52:15 | B6    ports   seed46 | ep 10/31 | Reward:   140.0 | Acc: 0.773 | Eps: 0.3874->0.3487 | t: 147.3s | cell ETA 54m55s (+eval)
2026-09-29 04:54:41 | B6    ports   seed46 | ep 11/31 | Reward:   170.0 | Acc: 0.832 | Eps: 0.3487->0.3138 | t: 145.8s | cell ETA 51m58s (+eval)
2026-09-29 04:57:13 | B6    ports   seed46 | ep 12/31 | Reward:   162.0 | Acc: 0.816 | Eps: 0.3138->0.2824 | t: 151.5s | cell ETA 49m15s (+eval)
2026-09-29 05:00:12 | B6    ports   seed46 | ep 13/31 | Reward:   166.0 | Acc: 0.824 | Eps: 0.2824->0.2542 | t: 179.3s | cell ETA 47m12s (+eval)
2026-09-29 05:03:14 | B6    ports   seed46 | ep 14/31 | Reward:   188.0 | Acc: 0.867 | Eps: 0.2542->0.2288 | t: 182.1s | cell ETA 45m05s (+eval)
2026-09-29 05:06:15 | B6    ports   seed46 | ep 15/31 | Reward:   190.0 | Acc: 0.871 | Eps: 0.2288->0.2059 | t: 180.6s | cell ETA 42m48s (+eval)
2026-09-29 05:09:07 | B6    ports   seed46 | ep 16/31 | Reward:   180.0 | Acc: 0.852 | Eps: 0.2059->0.1853 | t: 172.5s | cell ETA 40m19s (+eval)
2026-09-29 05:11:41 | B6    ports   seed46 | ep 17/31 | Reward:   182.0 | Acc: 0.855 | Eps: 0.1853->0.1668 | t: 153.7s | cell ETA 37m32s (+eval)
2026-09-29 05:14:12 | B6    ports   seed46 | ep 18/31 | Reward:   174.0 | Acc: 0.840 | Eps: 0.1668->0.1501 | t: 151.2s | cell ETA 34m44s (+eval)
2026-09-29 05:16:50 | B6    ports   seed46 | ep 19/31 | Reward:   212.0 | Acc: 0.914 | Eps: 0.1501->0.1351 | t: 158.0s | cell ETA 32m02s (+eval)
2026-09-29 05:19:44 | B6    ports   seed46 | ep 20/31 | Reward:   216.0 | Acc: 0.922 | Eps: 0.1351->0.1216 | t: 174.0s | cell ETA 29m29s (+eval)
2026-09-29 05:22:40 | B6    ports   seed46 | ep 21/31 | Reward:   220.0 | Acc: 0.930 | Eps: 0.1216->0.1094 | t: 175.5s | cell ETA 26m55s (+eval)
2026-09-29 05:25:33 | B6    ports   seed46 | ep 22/31 | Reward:   226.0 | Acc: 0.941 | Eps: 0.1094->0.0985 | t: 172.8s | cell ETA 24m18s (+eval)
2026-09-29 05:28:20 | B6    ports   seed46 | ep 23/31 | Reward:   222.0 | Acc: 0.934 | Eps: 0.0985->0.0886 | t: 167.6s | cell ETA 21m38s (+eval)
2026-09-29 05:30:59 | B6    ports   seed46 | ep 24/31 | Reward:   214.0 | Acc: 0.918 | Eps: 0.0886->0.0798 | t: 158.9s | cell ETA 18m55s (+eval)
2026-09-29 05:33:34 | B6    ports   seed46 | ep 25/31 | Reward:   216.0 | Acc: 0.922 | Eps: 0.0798->0.0718 | t: 154.7s | cell ETA 16m11s (+eval)
2026-09-29 05:36:05 | B6    ports   seed46 | ep 26/31 | Reward:   206.0 | Acc: 0.902 | Eps: 0.0718->0.0646 | t: 150.7s | cell ETA 13m27s (+eval)
2026-09-29 05:38:52 | B6    ports   seed46 | ep 27/31 | Reward:   222.0 | Acc: 0.934 | Eps: 0.0646->0.0581 | t: 167.5s | cell ETA 10m46s (+eval)
2026-09-29 05:41:44 | B6    ports   seed46 | ep 28/31 | Reward:   220.0 | Acc: 0.930 | Eps: 0.0581->0.0523 | t: 171.7s | cell ETA 8m06s (+eval)
2026-09-29 05:44:32 | B6    ports   seed46 | ep 29/31 | Reward:   196.0 | Acc: 0.883 | Eps: 0.0523->0.0500 | t: 167.5s | cell ETA 5m24s (+eval)
2026-09-29 05:47:12 | B6    ports   seed46 | ep 30/31 | Reward:   216.0 | Acc: 0.922 | Eps: 0.0500->0.0500 | t: 160.7s | cell ETA 2m42s (+eval)
2026-09-29 05:49:52 | B6    ports   seed46 | ep 31/31 | Reward:   234.0 | Acc: 0.957 | Eps: 0.0500->0.0500 | t: 159.0s | cell ETA 0s (+eval)
2026-09-29 05:50:17 | B6    ports   seed46 | DONE in 1h24m | KT_F1=80.11 KT_AUC=81.19 | ZD weighted=93.45 macro=57.46
2026-09-29 05:50:29 | B7    ports   seed46 | START training
2026-09-29 05:52:47 | B7    ports   seed46 | ep  1/31 | Reward:    26.0 | Acc: 0.551 | Eps: 1.0000->0.9000 | t: 133.5s | cell ETA 1h06m (+eval)
2026-09-29 05:55:07 | B7    ports   seed46 | ep  2/31 | Reward:    34.0 | Acc: 0.566 | Eps: 0.9000->0.8100 | t: 140.0s | cell ETA 1h06m (+eval)
2026-09-29 05:57:31 | B7    ports   seed46 | ep  3/31 | Reward:    38.0 | Acc: 0.574 | Eps: 0.8100->0.7290 | t: 144.6s | cell ETA 1h05m (+eval)
2026-09-29 06:00:25 | B7    ports   seed46 | ep  4/31 | Reward:    48.0 | Acc: 0.594 | Eps: 0.7290->0.6561 | t: 173.7s | cell ETA 1h06m (+eval)
2026-09-29 06:03:18 | B7    ports   seed46 | ep  5/31 | Reward:    68.0 | Acc: 0.633 | Eps: 0.6561->0.5905 | t: 172.8s | cell ETA 1h06m (+eval)
2026-09-29 06:06:03 | B7    ports   seed46 | ep  6/31 | Reward:    94.0 | Acc: 0.684 | Eps: 0.5905->0.5314 | t: 165.0s | cell ETA 1h04m (+eval)
2026-09-29 06:08:43 | B7    ports   seed46 | ep  7/31 | Reward:    84.0 | Acc: 0.664 | Eps: 0.5314->0.4783 | t: 160.4s | cell ETA 1h02m (+eval)
2026-09-29 06:11:10 | B7    ports   seed46 | ep  8/31 | Reward:    72.0 | Acc: 0.641 | Eps: 0.4783->0.4305 | t: 146.8s | cell ETA 59m15s (+eval)
2026-09-29 06:13:34 | B7    ports   seed46 | ep  9/31 | Reward:   100.0 | Acc: 0.695 | Eps: 0.4305->0.3874 | t: 144.3s | cell ETA 56m16s (+eval)
2026-09-29 06:15:54 | B7    ports   seed46 | ep 10/31 | Reward:   114.0 | Acc: 0.723 | Eps: 0.3874->0.3487 | t: 139.9s | cell ETA 53m14s (+eval)
2026-09-29 06:18:41 | B7    ports   seed46 | ep 11/31 | Reward:   112.0 | Acc: 0.719 | Eps: 0.3487->0.3138 | t: 166.9s | cell ETA 51m08s (+eval)
2026-09-29 06:21:36 | B7    ports   seed46 | ep 12/31 | Reward:   154.0 | Acc: 0.801 | Eps: 0.3138->0.2824 | t: 174.9s | cell ETA 49m09s (+eval)
2026-09-29 06:24:25 | B7    ports   seed46 | ep 13/31 | Reward:   150.0 | Acc: 0.793 | Eps: 0.2824->0.2542 | t: 169.2s | cell ETA 46m53s (+eval)
2026-09-29 06:27:15 | B7    ports   seed46 | ep 14/31 | Reward:   144.0 | Acc: 0.781 | Eps: 0.2542->0.2288 | t: 169.5s | cell ETA 44m33s (+eval)
2026-09-29 06:29:51 | B7    ports   seed46 | ep 15/31 | Reward:   138.0 | Acc: 0.770 | Eps: 0.2288->0.2059 | t: 156.0s | cell ETA 41m54s (+eval)
2026-09-29 06:32:17 | B7    ports   seed46 | ep 16/31 | Reward:   160.0 | Acc: 0.812 | Eps: 0.2059->0.1853 | t: 146.4s | cell ETA 39m07s (+eval)
2026-09-29 06:34:42 | B7    ports   seed46 | ep 17/31 | Reward:   162.0 | Acc: 0.816 | Eps: 0.1853->0.1668 | t: 144.6s | cell ETA 36m21s (+eval)
2026-09-29 06:37:15 | B7    ports   seed46 | ep 18/31 | Reward:   160.0 | Acc: 0.812 | Eps: 0.1668->0.1501 | t: 153.1s | cell ETA 33m43s (+eval)
2026-09-29 06:40:09 | B7    ports   seed46 | ep 19/31 | Reward:   178.0 | Acc: 0.848 | Eps: 0.1501->0.1351 | t: 173.7s | cell ETA 31m19s (+eval)
2026-09-29 06:43:04 | B7    ports   seed46 | ep 20/31 | Reward:   196.0 | Acc: 0.883 | Eps: 0.1351->0.1216 | t: 175.1s | cell ETA 28m52s (+eval)
2026-09-29 06:45:58 | B7    ports   seed46 | ep 21/31 | Reward:   160.0 | Acc: 0.812 | Eps: 0.1216->0.1094 | t: 174.4s | cell ETA 26m23s (+eval)
2026-09-29 06:48:47 | B7    ports   seed46 | ep 22/31 | Reward:   192.0 | Acc: 0.875 | Eps: 0.1094->0.0985 | t: 168.7s | cell ETA 23m49s (+eval)
2026-09-29 06:51:22 | B7    ports   seed46 | ep 23/31 | Reward:   170.0 | Acc: 0.832 | Eps: 0.0985->0.0886 | t: 154.6s | cell ETA 21m08s (+eval)
2026-09-29 06:53:54 | B7    ports   seed46 | ep 24/31 | Reward:   182.0 | Acc: 0.855 | Eps: 0.0886->0.0798 | t: 152.7s | cell ETA 18m28s (+eval)
2026-09-29 06:56:31 | B7    ports   seed46 | ep 25/31 | Reward:   190.0 | Acc: 0.871 | Eps: 0.0798->0.0718 | t: 156.5s | cell ETA 15m49s (+eval)
2026-09-29 06:59:21 | B7    ports   seed46 | ep 26/31 | Reward:   176.0 | Acc: 0.844 | Eps: 0.0718->0.0646 | t: 170.3s | cell ETA 13m13s (+eval)
2026-09-29 07:02:23 | B7    ports   seed46 | ep 27/31 | Reward:   198.0 | Acc: 0.887 | Eps: 0.0646->0.0581 | t: 181.2s | cell ETA 10m38s (+eval)
2026-09-29 07:05:16 | B7    ports   seed46 | ep 28/31 | Reward:   182.0 | Acc: 0.855 | Eps: 0.0581->0.0523 | t: 173.4s | cell ETA 8m00s (+eval)
2026-09-29 07:08:07 | B7    ports   seed46 | ep 29/31 | Reward:   184.0 | Acc: 0.859 | Eps: 0.0523->0.0500 | t: 170.7s | cell ETA 5m20s (+eval)
2026-09-29 07:10:42 | B7    ports   seed46 | ep 30/31 | Reward:   170.0 | Acc: 0.832 | Eps: 0.0500->0.0500 | t: 154.8s | cell ETA 2m40s (+eval)
2026-09-29 07:13:14 | B7    ports   seed46 | ep 31/31 | Reward:   182.0 | Acc: 0.855 | Eps: 0.0500->0.0500 | t: 152.5s | cell ETA 0s (+eval)
2026-09-29 07:13:39 | B7    ports   seed46 | DONE in 1h23m | KT_F1=75.24 KT_AUC=86.47 | ZD weighted=98.38 macro=67.34
2026-09-29 07:13:52 | B8    ports   seed46 | START training
2026-09-29 07:16:21 | B8    ports   seed46 | ep  1/31 | Reward:    22.0 | Acc: 0.543 | Eps: 1.0000->0.9000 | t: 144.6s | cell ETA 1h12m (+eval)
2026-09-29 07:18:59 | B8    ports   seed46 | ep  2/31 | Reward:    22.0 | Acc: 0.543 | Eps: 0.9000->0.8100 | t: 157.8s | cell ETA 1h13m (+eval)
2026-09-29 07:21:43 | B8    ports   seed46 | ep  3/31 | Reward:    44.0 | Acc: 0.586 | Eps: 0.8100->0.7290 | t: 163.4s | cell ETA 1h12m (+eval)
2026-09-29 07:24:31 | B8    ports   seed46 | ep  4/31 | Reward:    54.0 | Acc: 0.605 | Eps: 0.7290->0.6561 | t: 168.4s | cell ETA 1h11m (+eval)
2026-09-29 07:27:15 | B8    ports   seed46 | ep  5/31 | Reward:    80.0 | Acc: 0.656 | Eps: 0.6561->0.5905 | t: 163.4s | cell ETA 1h09m (+eval)
2026-09-29 07:29:48 | B8    ports   seed46 | ep  6/31 | Reward:    68.0 | Acc: 0.633 | Eps: 0.5905->0.5314 | t: 153.1s | cell ETA 1h06m (+eval)
2026-09-29 07:32:16 | B8    ports   seed46 | ep  7/31 | Reward:    96.0 | Acc: 0.688 | Eps: 0.5314->0.4783 | t: 147.8s | cell ETA 1h02m (+eval)
2026-09-29 07:34:44 | B8    ports   seed46 | ep  8/31 | Reward:    92.0 | Acc: 0.680 | Eps: 0.4783->0.4305 | t: 148.5s | cell ETA 59m45s (+eval)
2026-09-29 07:37:13 | B8    ports   seed46 | ep  9/31 | Reward:    96.0 | Acc: 0.688 | Eps: 0.4305->0.3874 | t: 148.7s | cell ETA 56m51s (+eval)
2026-09-29 07:40:06 | B8    ports   seed46 | ep 10/31 | Reward:   110.0 | Acc: 0.715 | Eps: 0.3874->0.3487 | t: 173.0s | cell ETA 54m54s (+eval)
2026-09-29 07:43:04 | B8    ports   seed46 | ep 11/31 | Reward:   118.0 | Acc: 0.730 | Eps: 0.3487->0.3138 | t: 178.4s | cell ETA 52m56s (+eval)
2026-09-29 07:46:01 | B8    ports   seed46 | ep 12/31 | Reward:   134.0 | Acc: 0.762 | Eps: 0.3138->0.2824 | t: 177.0s | cell ETA 50m46s (+eval)
2026-09-29 07:48:51 | B8    ports   seed46 | ep 13/31 | Reward:   140.0 | Acc: 0.773 | Eps: 0.2824->0.2542 | t: 170.1s | cell ETA 48m19s (+eval)
2026-09-29 07:51:30 | B8    ports   seed46 | ep 14/31 | Reward:   160.0 | Acc: 0.812 | Eps: 0.2542->0.2288 | t: 158.8s | cell ETA 45m35s (+eval)
2026-09-29 07:54:00 | B8    ports   seed46 | ep 15/31 | Reward:   160.0 | Acc: 0.812 | Eps: 0.2288->0.2059 | t: 150.2s | cell ETA 42m43s (+eval)
2026-09-29 07:56:30 | B8    ports   seed46 | ep 16/31 | Reward:   154.0 | Acc: 0.801 | Eps: 0.2059->0.1853 | t: 149.8s | cell ETA 39m53s (+eval)
2026-09-29 07:59:02 | B8    ports   seed46 | ep 17/31 | Reward:   160.0 | Acc: 0.812 | Eps: 0.1853->0.1668 | t: 151.6s | cell ETA 37m07s (+eval)
2026-09-29 08:02:00 | B8    ports   seed46 | ep 18/31 | Reward:   174.0 | Acc: 0.840 | Eps: 0.1668->0.1501 | t: 178.2s | cell ETA 34m42s (+eval)
2026-09-29 08:04:58 | B8    ports   seed46 | ep 19/31 | Reward:   172.0 | Acc: 0.836 | Eps: 0.1501->0.1351 | t: 177.8s | cell ETA 32m13s (+eval)
2026-09-29 08:07:59 | B8    ports   seed46 | ep 20/31 | Reward:   180.0 | Acc: 0.852 | Eps: 0.1351->0.1216 | t: 181.0s | cell ETA 29m42s (+eval)
2026-09-29 08:10:53 | B8    ports   seed46 | ep 21/31 | Reward:   186.0 | Acc: 0.863 | Eps: 0.1216->0.1094 | t: 173.6s | cell ETA 27m06s (+eval)
2026-09-29 08:13:25 | B8    ports   seed46 | ep 22/31 | Reward:   190.0 | Acc: 0.871 | Eps: 0.1094->0.0985 | t: 152.3s | cell ETA 24m19s (+eval)
2026-09-29 08:15:55 | B8    ports   seed46 | ep 23/31 | Reward:   178.0 | Acc: 0.848 | Eps: 0.0985->0.0886 | t: 149.8s | cell ETA 21m32s (+eval)
2026-09-29 08:18:24 | B8    ports   seed46 | ep 24/31 | Reward:   176.0 | Acc: 0.844 | Eps: 0.0886->0.0798 | t: 149.6s | cell ETA 18m47s (+eval)
2026-09-29 08:21:07 | B8    ports   seed46 | ep 25/31 | Reward:   184.0 | Acc: 0.859 | Eps: 0.0798->0.0718 | t: 162.4s | cell ETA 16m07s (+eval)
2026-09-29 08:23:51 | B8    ports   seed46 | ep 26/31 | Reward:   190.0 | Acc: 0.871 | Eps: 0.0718->0.0646 | t: 164.1s | cell ETA 13m26s (+eval)
2026-09-29 08:26:36 | B8    ports   seed46 | ep 27/31 | Reward:   196.0 | Acc: 0.883 | Eps: 0.0646->0.0581 | t: 165.0s | cell ETA 10m45s (+eval)
2026-09-29 08:29:25 | B8    ports   seed46 | ep 28/31 | Reward:   194.0 | Acc: 0.879 | Eps: 0.0581->0.0523 | t: 168.8s | cell ETA 8m05s (+eval)
2026-09-29 08:32:08 | B8    ports   seed46 | ep 29/31 | Reward:   194.0 | Acc: 0.879 | Eps: 0.0523->0.0500 | t: 163.1s | cell ETA 5m23s (+eval)
2026-09-29 08:34:39 | B8    ports   seed46 | ep 30/31 | Reward:   186.0 | Acc: 0.863 | Eps: 0.0500->0.0500 | t: 150.7s | cell ETA 2m41s (+eval)
2026-09-29 08:37:11 | B8    ports   seed46 | ep 31/31 | Reward:   194.0 | Acc: 0.879 | Eps: 0.0500->0.0500 | t: 151.9s | cell ETA 0s (+eval)
2026-09-29 08:37:36 | B8    ports   seed46 | DONE in 1h23m | KT_F1=78.91 KT_AUC=95.76 | ZD weighted=98.51 macro=73.51
2026-09-29 08:37:49 | B9    ports   seed46 | START training
2026-09-29 08:40:14 | B9    ports   seed46 | ep  1/31 | Reward:    22.0 | Acc: 0.543 | Eps: 1.0000->0.9000 | t: 140.0s | cell ETA 1h10m (+eval)
2026-09-29 08:42:38 | B9    ports   seed46 | ep  2/31 | Reward:    22.0 | Acc: 0.543 | Eps: 0.9000->0.8100 | t: 144.2s | cell ETA 1h08m (+eval)
2026-09-29 08:44:59 | B9    ports   seed46 | ep  3/31 | Reward:    42.0 | Acc: 0.582 | Eps: 0.8100->0.7290 | t: 141.0s | cell ETA 1h06m (+eval)
2026-09-29 08:47:23 | B9    ports   seed46 | ep  4/31 | Reward:    56.0 | Acc: 0.609 | Eps: 0.7290->0.6561 | t: 143.4s | cell ETA 1h03m (+eval)
2026-09-29 08:49:45 | B9    ports   seed46 | ep  5/31 | Reward:    80.0 | Acc: 0.656 | Eps: 0.6561->0.5905 | t: 142.5s | cell ETA 1h01m (+eval)
2026-09-29 08:51:57 | B9    ports   seed46 | ep  6/31 | Reward:    76.0 | Acc: 0.648 | Eps: 0.5905->0.5314 | t: 131.3s | cell ETA 58m30s (+eval)
2026-09-29 08:53:58 | B9    ports   seed46 | ep  7/31 | Reward:    92.0 | Acc: 0.680 | Eps: 0.5314->0.4783 | t: 121.0s | cell ETA 55m03s (+eval)
2026-09-29 08:55:57 | B9    ports   seed46 | ep  8/31 | Reward:    84.0 | Acc: 0.664 | Eps: 0.4783->0.4305 | t: 119.8s | cell ETA 51m54s (+eval)
2026-09-29 08:57:58 | B9    ports   seed46 | ep  9/31 | Reward:    92.0 | Acc: 0.680 | Eps: 0.4305->0.3874 | t: 120.2s | cell ETA 49m01s (+eval)
2026-09-29 09:00:20 | B9    ports   seed46 | ep 10/31 | Reward:   116.0 | Acc: 0.727 | Eps: 0.3874->0.3487 | t: 142.0s | cell ETA 47m05s (+eval)
2026-09-29 09:02:45 | B9    ports   seed46 | ep 11/31 | Reward:   122.0 | Acc: 0.738 | Eps: 0.3487->0.3138 | t: 145.0s | cell ETA 45m09s (+eval)
2026-09-29 09:05:11 | B9    ports   seed46 | ep 12/31 | Reward:   138.0 | Acc: 0.770 | Eps: 0.3138->0.2824 | t: 146.1s | cell ETA 43m11s (+eval)
2026-09-29 09:07:37 | B9    ports   seed46 | ep 13/31 | Reward:   150.0 | Acc: 0.793 | Eps: 0.2824->0.2542 | t: 146.4s | cell ETA 41m08s (+eval)
2026-09-29 09:10:02 | B9    ports   seed46 | ep 14/31 | Reward:   150.0 | Acc: 0.793 | Eps: 0.2542->0.2288 | t: 144.7s | cell ETA 39m00s (+eval)
2026-09-29 09:11:58 | B9    ports   seed46 | ep 15/31 | Reward:   160.0 | Acc: 0.812 | Eps: 0.2288->0.2059 | t: 116.6s | cell ETA 36m20s (+eval)
2026-09-29 09:13:30 | B9    ports   seed46 | ep 16/31 | Reward:   150.0 | Acc: 0.793 | Eps: 0.2059->0.1853 | t: 91.4s | cell ETA 33m22s (+eval)
2026-09-29 09:15:01 | B9    ports   seed46 | ep 17/31 | Reward:   162.0 | Acc: 0.816 | Eps: 0.1853->0.1668 | t: 91.4s | cell ETA 30m34s (+eval)
2026-09-29 09:16:35 | B9    ports   seed46 | ep 18/31 | Reward:   172.0 | Acc: 0.836 | Eps: 0.1668->0.1501 | t: 93.8s | cell ETA 27m56s (+eval)
2026-09-29 09:18:41 | B9    ports   seed46 | ep 19/31 | Reward:   164.0 | Acc: 0.820 | Eps: 0.1501->0.1351 | t: 125.5s | cell ETA 25m45s (+eval)
2026-09-29 09:20:46 | B9    ports   seed46 | ep 20/31 | Reward:   188.0 | Acc: 0.867 | Eps: 0.1351->0.1216 | t: 125.7s | cell ETA 23m34s (+eval)
2026-09-29 09:22:52 | B9    ports   seed46 | ep 21/31 | Reward:   190.0 | Acc: 0.871 | Eps: 0.1216->0.1094 | t: 125.2s | cell ETA 21m24s (+eval)
2026-09-29 09:24:57 | B9    ports   seed46 | ep 22/31 | Reward:   194.0 | Acc: 0.879 | Eps: 0.1094->0.0985 | t: 125.8s | cell ETA 19m14s (+eval)
2026-09-29 09:26:52 | B9    ports   seed46 | ep 23/31 | Reward:   184.0 | Acc: 0.859 | Eps: 0.0985->0.0886 | t: 114.8s | cell ETA 17m01s (+eval)
2026-09-29 09:28:26 | B9    ports   seed46 | ep 24/31 | Reward:   176.0 | Acc: 0.844 | Eps: 0.0886->0.0798 | t: 93.5s | cell ETA 14m44s (+eval)
2026-09-29 09:29:59 | B9    ports   seed46 | ep 25/31 | Reward:   182.0 | Acc: 0.855 | Eps: 0.0798->0.0718 | t: 92.8s | cell ETA 12m29s (+eval)
2026-09-29 09:31:31 | B9    ports   seed46 | ep 26/31 | Reward:   194.0 | Acc: 0.879 | Eps: 0.0718->0.0646 | t: 92.1s | cell ETA 10m18s (+eval)
2026-09-29 09:33:16 | B9    ports   seed46 | ep 27/31 | Reward:   200.0 | Acc: 0.891 | Eps: 0.0646->0.0581 | t: 105.7s | cell ETA 8m12s (+eval)
2026-09-29 09:35:15 | B9    ports   seed46 | ep 28/31 | Reward:   198.0 | Acc: 0.887 | Eps: 0.0581->0.0523 | t: 118.8s | cell ETA 6m08s (+eval)
2026-09-29 09:37:17 | B9    ports   seed46 | ep 29/31 | Reward:   186.0 | Acc: 0.863 | Eps: 0.0523->0.0500 | t: 122.1s | cell ETA 4m05s (+eval)
2026-09-29 09:39:19 | B9    ports   seed46 | ep 30/31 | Reward:   176.0 | Acc: 0.844 | Eps: 0.0500->0.0500 | t: 122.2s | cell ETA 2m02s (+eval)
2026-09-29 09:41:24 | B9    ports   seed46 | ep 31/31 | Reward:   196.0 | Acc: 0.883 | Eps: 0.0500->0.0500 | t: 124.0s | cell ETA 0s (+eval)
2026-09-29 09:41:45 | B9    ports   seed46 | DONE in 1h03m | KT_F1=83.58 KT_AUC=95.09 | ZD weighted=97.78 macro=69.87
2026-09-29 09:41:53 | B10   ports   seed46 | START training
2026-09-29 09:43:26 | B10   ports   seed46 | ep  1/31 | Reward:    22.0 | Acc: 0.543 | Eps: 1.0000->0.9000 | t: 88.5s | cell ETA 44m15s (+eval)
2026-09-29 09:44:48 | B10   ports   seed46 | ep  2/31 | Reward:    22.0 | Acc: 0.543 | Eps: 0.9000->0.8100 | t: 82.5s | cell ETA 41m19s (+eval)
2026-09-29 09:46:18 | B10   ports   seed46 | ep  3/31 | Reward:    42.0 | Acc: 0.582 | Eps: 0.8100->0.7290 | t: 89.8s | cell ETA 40m34s (+eval)
2026-09-29 09:47:43 | B10   ports   seed46 | ep  4/31 | Reward:    56.0 | Acc: 0.609 | Eps: 0.7290->0.6561 | t: 85.0s | cell ETA 38m54s (+eval)
2026-09-29 09:49:34 | B10   ports   seed46 | ep  5/31 | Reward:    80.0 | Acc: 0.656 | Eps: 0.6561->0.5905 | t: 111.1s | cell ETA 39m35s (+eval)
2026-09-29 09:51:35 | B10   ports   seed46 | ep  6/31 | Reward:    76.0 | Acc: 0.648 | Eps: 0.5905->0.5314 | t: 120.7s | cell ETA 40m06s (+eval)
2026-09-29 09:53:35 | B10   ports   seed46 | ep  7/31 | Reward:    92.0 | Acc: 0.680 | Eps: 0.5314->0.4783 | t: 119.9s | cell ETA 39m51s (+eval)
2026-09-29 09:55:33 | B10   ports   seed46 | ep  8/31 | Reward:    84.0 | Acc: 0.664 | Eps: 0.4783->0.4305 | t: 117.7s | cell ETA 39m03s (+eval)
2026-09-29 09:57:29 | B10   ports   seed46 | ep  9/31 | Reward:    92.0 | Acc: 0.680 | Eps: 0.4305->0.3874 | t: 116.9s | cell ETA 37m58s (+eval)
2026-09-29 09:59:04 | B10   ports   seed46 | ep 10/31 | Reward:   116.0 | Acc: 0.727 | Eps: 0.3874->0.3487 | t: 94.4s | cell ETA 35m55s (+eval)
2026-09-29 10:00:35 | B10   ports   seed46 | ep 11/31 | Reward:   122.0 | Acc: 0.738 | Eps: 0.3487->0.3138 | t: 91.0s | cell ETA 33m51s (+eval)
2026-09-29 10:02:06 | B10   ports   seed46 | ep 12/31 | Reward:   138.0 | Acc: 0.770 | Eps: 0.3138->0.2824 | t: 91.4s | cell ETA 31m54s (+eval)
2026-09-29 10:03:47 | B10   ports   seed46 | ep 13/31 | Reward:   150.0 | Acc: 0.793 | Eps: 0.2824->0.2542 | t: 100.3s | cell ETA 30m12s (+eval)
2026-09-29 10:05:52 | B10   ports   seed46 | ep 14/31 | Reward:   150.0 | Acc: 0.793 | Eps: 0.2542->0.2288 | t: 124.8s | cell ETA 29m01s (+eval)
2026-09-29 10:07:59 | B10   ports   seed46 | ep 15/31 | Reward:   160.0 | Acc: 0.812 | Eps: 0.2288->0.2059 | t: 127.7s | cell ETA 27m45s (+eval)
2026-09-29 10:10:05 | B10   ports   seed46 | ep 16/31 | Reward:   150.0 | Acc: 0.793 | Eps: 0.2059->0.1853 | t: 125.4s | cell ETA 26m21s (+eval)
2026-09-29 10:12:10 | B10   ports   seed46 | ep 17/31 | Reward:   162.0 | Acc: 0.816 | Eps: 0.1853->0.1668 | t: 125.3s | cell ETA 24m52s (+eval)
2026-09-29 10:13:56 | B10   ports   seed46 | ep 18/31 | Reward:   172.0 | Acc: 0.836 | Eps: 0.1668->0.1501 | t: 106.4s | cell ETA 23m05s (+eval)
2026-09-29 10:15:29 | B10   ports   seed46 | ep 19/31 | Reward:   164.0 | Acc: 0.820 | Eps: 0.1501->0.1351 | t: 92.1s | cell ETA 21m10s (+eval)
2026-09-29 10:17:01 | B10   ports   seed46 | ep 20/31 | Reward:   188.0 | Acc: 0.867 | Eps: 0.1351->0.1216 | t: 92.8s | cell ETA 19m17s (+eval)
2026-09-29 10:18:34 | B10   ports   seed46 | ep 21/31 | Reward:   190.0 | Acc: 0.871 | Eps: 0.1216->0.1094 | t: 92.2s | cell ETA 17m25s (+eval)
2026-09-29 10:20:34 | B10   ports   seed46 | ep 22/31 | Reward:   194.0 | Acc: 0.879 | Eps: 0.1094->0.0985 | t: 119.9s | cell ETA 15m47s (+eval)
2026-09-29 10:22:39 | B10   ports   seed46 | ep 23/31 | Reward:   184.0 | Acc: 0.859 | Eps: 0.0985->0.0886 | t: 125.8s | cell ETA 14m09s (+eval)
2026-09-29 10:24:46 | B10   ports   seed46 | ep 24/31 | Reward:   176.0 | Acc: 0.844 | Eps: 0.0886->0.0798 | t: 126.8s | cell ETA 12m29s (+eval)
2026-09-29 10:26:53 | B10   ports   seed46 | ep 25/31 | Reward:   182.0 | Acc: 0.855 | Eps: 0.0798->0.0718 | t: 126.5s | cell ETA 10m46s (+eval)
2026-09-29 10:28:57 | B10   ports   seed46 | ep 26/31 | Reward:   194.0 | Acc: 0.879 | Eps: 0.0718->0.0646 | t: 123.8s | cell ETA 9m02s (+eval)
2026-09-29 10:30:32 | B10   ports   seed46 | ep 27/31 | Reward:   200.0 | Acc: 0.891 | Eps: 0.0646->0.0581 | t: 95.2s | cell ETA 7m11s (+eval)
2026-09-29 10:32:03 | B10   ports   seed46 | ep 28/31 | Reward:   198.0 | Acc: 0.887 | Eps: 0.0581->0.0523 | t: 91.2s | cell ETA 5m21s (+eval)
2026-09-29 10:33:34 | B10   ports   seed46 | ep 29/31 | Reward:   186.0 | Acc: 0.863 | Eps: 0.0523->0.0500 | t: 91.3s | cell ETA 3m33s (+eval)
2026-09-29 10:35:03 | B10   ports   seed46 | ep 30/31 | Reward:   176.0 | Acc: 0.844 | Eps: 0.0500->0.0500 | t: 88.8s | cell ETA 1m46s (+eval)
2026-09-29 10:37:06 | B10   ports   seed46 | ep 31/31 | Reward:   196.0 | Acc: 0.883 | Eps: 0.0500->0.0500 | t: 122.5s | cell ETA 0s (+eval)
2026-09-29 10:37:27 | B10   ports   seed46 | DONE in 55m33s | KT_F1=83.58 KT_AUC=95.09 | ZD weighted=97.78 macro=69.87
2026-09-29 10:37:35 | B11   ports   seed46 | START training
2026-09-29 10:39:31 | B11   ports   seed46 | ep  1/31 | Reward:  -323.0 | Acc: 0.328 | Eps: 1.0000->0.9000 | t: 111.7s | Investigations: 86 | cell ETA 55m51s (+eval)
2026-09-29 10:41:20 | B11   ports   seed46 | ep  2/31 | Reward:  -161.0 | Acc: 0.426 | Eps: 0.9000->0.8100 | t: 108.9s | Investigations: 77 | cell ETA 53m18s (+eval)
2026-09-29 10:43:10 | B11   ports   seed46 | ep  3/31 | Reward:   -55.0 | Acc: 0.465 | Eps: 0.8100->0.7290 | t: 110.3s | Investigations: 69 | cell ETA 51m28s (+eval)
2026-09-29 10:45:00 | B11   ports   seed46 | ep  4/31 | Reward:   -59.0 | Acc: 0.465 | Eps: 0.7290->0.6561 | t: 110.1s | Investigations: 80 | cell ETA 49m36s (+eval)
2026-09-29 10:46:31 | B11   ports   seed46 | ep  5/31 | Reward:   -22.0 | Acc: 0.535 | Eps: 0.6561->0.5905 | t: 90.8s | Investigations: 52 | cell ETA 46m05s (+eval)
2026-09-29 10:47:55 | B11   ports   seed46 | ep  6/31 | Reward:   -45.0 | Acc: 0.559 | Eps: 0.5905->0.5314 | t: 83.5s | Investigations: 51 | cell ETA 42m43s (+eval)
2026-09-29 10:49:21 | B11   ports   seed46 | ep  7/31 | Reward:   -45.0 | Acc: 0.543 | Eps: 0.5314->0.4783 | t: 86.6s | Investigations: 48 | cell ETA 40m06s (+eval)
2026-09-29 10:51:04 | B11   ports   seed46 | ep  8/31 | Reward:    32.0 | Acc: 0.602 | Eps: 0.4783->0.4305 | t: 102.3s | Investigations: 43 | cell ETA 38m32s (+eval)
2026-09-29 10:53:06 | B11   ports   seed46 | ep  9/31 | Reward:   123.0 | Acc: 0.656 | Eps: 0.4305->0.3874 | t: 121.9s | Investigations: 43 | cell ETA 37m43s (+eval)
2026-09-29 10:55:06 | B11   ports   seed46 | ep 10/31 | Reward:   124.0 | Acc: 0.676 | Eps: 0.3874->0.3487 | t: 120.6s | Investigations: 33 | cell ETA 36m38s (+eval)
2026-09-29 10:57:07 | B11   ports   seed46 | ep 11/31 | Reward:   175.0 | Acc: 0.723 | Eps: 0.3487->0.3138 | t: 120.8s | Investigations: 30 | cell ETA 35m22s (+eval)
2026-09-29 10:59:10 | B11   ports   seed46 | ep 12/31 | Reward:   300.0 | Acc: 0.754 | Eps: 0.3138->0.2824 | t: 122.5s | Investigations: 26 | cell ETA 34m02s (+eval)
2026-09-29 11:00:56 | B11   ports   seed46 | ep 13/31 | Reward:   218.0 | Acc: 0.730 | Eps: 0.2824->0.2542 | t: 106.1s | Investigations: 26 | cell ETA 32m13s (+eval)
2026-09-29 11:02:32 | B11   ports   seed46 | ep 14/31 | Reward:   323.0 | Acc: 0.781 | Eps: 0.2542->0.2288 | t: 96.5s | Investigations: 20 | cell ETA 30m12s (+eval)
2026-09-29 11:04:09 | B11   ports   seed46 | ep 15/31 | Reward:   250.0 | Acc: 0.758 | Eps: 0.2288->0.2059 | t: 96.5s | Investigations: 27 | cell ETA 28m15s (+eval)
2026-09-29 11:05:53 | B11   ports   seed46 | ep 16/31 | Reward:   299.0 | Acc: 0.754 | Eps: 0.2059->0.1853 | t: 104.0s | Investigations: 17 | cell ETA 26m27s (+eval)
2026-09-29 11:07:55 | B11   ports   seed46 | ep 17/31 | Reward:   282.0 | Acc: 0.777 | Eps: 0.1853->0.1668 | t: 122.7s | Investigations: 20 | cell ETA 24m55s (+eval)
2026-09-29 11:09:58 | B11   ports   seed46 | ep 18/31 | Reward:   359.0 | Acc: 0.816 | Eps: 0.1668->0.1501 | t: 122.9s | Investigations: 12 | cell ETA 23m20s (+eval)
2026-09-29 11:12:02 | B11   ports   seed46 | ep 19/31 | Reward:   460.0 | Acc: 0.863 | Eps: 0.1501->0.1351 | t: 123.4s | Investigations: 13 | cell ETA 21m42s (+eval)
2026-09-29 11:14:04 | B11   ports   seed46 | ep 20/31 | Reward:   398.0 | Acc: 0.855 | Eps: 0.1351->0.1216 | t: 122.3s | Investigations: 5 | cell ETA 20m01s (+eval)
2026-09-29 11:15:51 | B11   ports   seed46 | ep 21/31 | Reward:   415.0 | Acc: 0.859 | Eps: 0.1216->0.1094 | t: 106.4s | Investigations: 12 | cell ETA 18m10s (+eval)
2026-09-29 11:17:29 | B11   ports   seed46 | ep 22/31 | Reward:   444.0 | Acc: 0.887 | Eps: 0.1094->0.0985 | t: 98.0s | Investigations: 6 | cell ETA 16m17s (+eval)
2026-09-29 11:19:03 | B11   ports   seed46 | ep 23/31 | Reward:   414.0 | Acc: 0.871 | Eps: 0.0985->0.0886 | t: 94.4s | Investigations: 7 | cell ETA 14m23s (+eval)
2026-09-29 11:20:48 | B11   ports   seed46 | ep 24/31 | Reward:   280.0 | Acc: 0.828 | Eps: 0.0886->0.0798 | t: 105.3s | Investigations: 4 | cell ETA 12m34s (+eval)
2026-09-29 11:22:51 | B11   ports   seed46 | ep 25/31 | Reward:   323.0 | Acc: 0.848 | Eps: 0.0798->0.0718 | t: 122.7s | Investigations: 5 | cell ETA 10m50s (+eval)
2026-09-29 11:24:52 | B11   ports   seed46 | ep 26/31 | Reward:   363.0 | Acc: 0.832 | Eps: 0.0718->0.0646 | t: 120.9s | Investigations: 8 | cell ETA 9m04s (+eval)
2026-09-29 11:26:54 | B11   ports   seed46 | ep 27/31 | Reward:   406.0 | Acc: 0.883 | Eps: 0.0646->0.0581 | t: 122.1s | Investigations: 2 | cell ETA 7m17s (+eval)
2026-09-29 11:28:55 | B11   ports   seed46 | ep 28/31 | Reward:   422.0 | Acc: 0.875 | Eps: 0.0581->0.0523 | t: 120.9s | Investigations: 3 | cell ETA 5m29s (+eval)
2026-09-29 11:30:42 | B11   ports   seed46 | ep 29/31 | Reward:   315.0 | Acc: 0.844 | Eps: 0.0523->0.0500 | t: 106.5s | Investigations: 7 | cell ETA 3m39s (+eval)
2026-09-29 11:32:16 | B11   ports   seed46 | ep 30/31 | Reward:   461.0 | Acc: 0.879 | Eps: 0.0500->0.0500 | t: 94.8s | Investigations: 5 | cell ETA 1m49s (+eval)
2026-09-29 11:33:55 | B11   ports   seed46 | ep 31/31 | Reward:   385.0 | Acc: 0.875 | Eps: 0.0500->0.0500 | t: 98.4s | Investigations: 2 | cell ETA 0s (+eval)
2026-09-29 11:34:15 | B11   ports   seed46 | DONE in 56m39s | KT_F1=82.63 KT_AUC=87.31 | ZD weighted=94.00 macro=53.70
2026-09-29 11:34:18 | rf    ports   seed46 | START supervised
2026-09-29 11:49:11 | rf    ports   seed46 | [rf] Known-Test Recall=97.07%  ROC-AUC=99.69%  |  Weighted-ZD=65.05%  Macro-ZD=48.57%  (891s)
2026-09-29 11:49:11 | rf    ports   seed46 | DONE in 14m52s -> C:\Users\Dr. Zarepour\Desktop\RL_IDS\Codes\experiments\MULTISEED\runs\supervised\rf\ports\seed46
2026-09-29 11:49:14 | xgb   ports   seed46 | START supervised
2026-09-29 11:53:18 | xgb   ports   seed46 | [xgb] Known-Test Recall=97.11%  ROC-AUC=99.67%  |  Weighted-ZD=64.76%  Macro-ZD=47.49%  (242s)
2026-09-29 11:53:18 | xgb   ports   seed46 | DONE in 4m03s -> C:\Users\Dr. Zarepour\Desktop\RL_IDS\Codes\experiments\MULTISEED\runs\supervised\xgb\ports\seed46
2026-09-29 11:53:21 | mlp   ports   seed46 | START supervised
2026-09-29 11:56:37 | mlp   ports   seed46 | [mlp] Known-Test Recall=94.53%  ROC-AUC=99.14%  |  Weighted-ZD=95.76%  Macro-ZD=52.94%  (195s)
2026-09-29 11:56:37 | mlp   ports   seed46 | DONE in 3m15s -> C:\Users\Dr. Zarepour\Desktop\RL_IDS\Codes\experiments\MULTISEED\runs\supervised\mlp\ports\seed46
2026-09-29 11:56:40 | lstm  ports   seed46 | START supervised
2026-09-29 13:37:24 | lstm  ports   seed46 | [lstm] Known-Test Recall=94.03%  ROC-AUC=99.21%  |  Weighted-ZD=96.28%  Macro-ZD=49.38%  (6043s)
2026-09-29 13:37:24 | lstm  ports   seed46 | DONE in 1h40m -> C:\Users\Dr. Zarepour\Desktop\RL_IDS\Codes\experiments\MULTISEED\runs\supervised\lstm\ports\seed46
2026-09-29 13:37:35 | B0    ports   seed47 | START training
2026-09-29 13:38:53 | B0    ports   seed47 | ep  1/31 | Reward:    58.0 | Acc: 0.613 | Eps: 0.3806 | t: 76.3s | cell ETA 38m09s (+eval)
2026-09-29 13:40:19 | B0    ports   seed47 | ep  2/31 | Reward:   172.0 | Acc: 0.836 | Eps: 0.1364 | t: 85.8s | cell ETA 39m10s (+eval)
2026-09-29 13:41:55 | B0    ports   seed47 | ep  3/31 | Reward:   194.0 | Acc: 0.879 | Eps: 0.0500 | t: 95.6s | cell ETA 40m05s (+eval)
2026-09-29 13:43:48 | B0    ports   seed47 | ep  4/31 | Reward:   206.0 | Acc: 0.902 | Eps: 0.0500 | t: 113.0s | cell ETA 41m42s (+eval)
2026-09-29 13:45:42 | B0    ports   seed47 | ep  5/31 | Reward:   212.0 | Acc: 0.914 | Eps: 0.0500 | t: 113.7s | cell ETA 41m58s (+eval)
2026-09-29 13:47:35 | B0    ports   seed47 | ep  6/31 | Reward:   218.0 | Acc: 0.926 | Eps: 0.0500 | t: 113.7s | cell ETA 41m32s (+eval)
2026-09-29 13:49:28 | B0    ports   seed47 | ep  7/31 | Reward:   218.0 | Acc: 0.926 | Eps: 0.0500 | t: 113.0s | cell ETA 40m38s (+eval)
2026-09-29 13:51:15 | B0    ports   seed47 | ep  8/31 | Reward:   222.0 | Acc: 0.934 | Eps: 0.0500 | t: 106.2s | cell ETA 39m09s (+eval)
2026-09-29 13:52:44 | B0    ports   seed47 | ep  9/31 | Reward:   230.0 | Acc: 0.949 | Eps: 0.0500 | t: 89.6s | cell ETA 36m56s (+eval)
2026-09-29 13:54:09 | B0    ports   seed47 | ep 10/31 | Reward:   230.0 | Acc: 0.949 | Eps: 0.0500 | t: 84.5s | cell ETA 34m41s (+eval)
2026-09-29 13:55:39 | B0    ports   seed47 | ep 11/31 | Reward:   226.0 | Acc: 0.941 | Eps: 0.0500 | t: 89.9s | cell ETA 32m46s (+eval)
2026-09-29 13:57:23 | B0    ports   seed47 | ep 12/31 | Reward:   202.0 | Acc: 0.895 | Eps: 0.0500 | t: 104.3s | cell ETA 31m17s (+eval)
2026-09-29 13:59:17 | B0    ports   seed47 | ep 13/31 | Reward:   230.0 | Acc: 0.949 | Eps: 0.0500 | t: 113.8s | cell ETA 29m59s (+eval)
2026-09-29 14:01:06 | B0    ports   seed47 | ep 14/31 | Reward:   212.0 | Acc: 0.914 | Eps: 0.0500 | t: 109.5s | cell ETA 28m30s (+eval)
2026-09-29 14:03:00 | B0    ports   seed47 | ep 15/31 | Reward:   228.0 | Acc: 0.945 | Eps: 0.0500 | t: 114.1s | cell ETA 27m04s (+eval)
2026-09-29 14:04:48 | B0    ports   seed47 | ep 16/31 | Reward:   216.0 | Acc: 0.922 | Eps: 0.0500 | t: 108.1s | cell ETA 25m29s (+eval)
2026-09-29 14:06:25 | B0    ports   seed47 | ep 17/31 | Reward:   208.0 | Acc: 0.906 | Eps: 0.0500 | t: 96.7s | cell ETA 23m42s (+eval)
2026-09-29 14:07:58 | B0    ports   seed47 | ep 18/31 | Reward:   228.0 | Acc: 0.945 | Eps: 0.0500 | t: 92.5s | cell ETA 21m54s (+eval)
2026-09-29 14:09:30 | B0    ports   seed47 | ep 19/31 | Reward:   226.0 | Acc: 0.941 | Eps: 0.0500 | t: 92.2s | cell ETA 20m07s (+eval)
2026-09-29 14:10:59 | B0    ports   seed47 | ep 20/31 | Reward:   232.0 | Acc: 0.953 | Eps: 0.0500 | t: 89.5s | cell ETA 18m21s (+eval)
2026-09-29 14:12:48 | B0    ports   seed47 | ep 21/31 | Reward:   216.0 | Acc: 0.922 | Eps: 0.0500 | t: 108.9s | cell ETA 16m45s (+eval)
2026-09-29 14:14:44 | B0    ports   seed47 | ep 22/31 | Reward:   232.0 | Acc: 0.953 | Eps: 0.0500 | t: 115.6s | cell ETA 15m10s (+eval)
2026-09-29 14:16:39 | B0    ports   seed47 | ep 23/31 | Reward:   222.0 | Acc: 0.934 | Eps: 0.0500 | t: 114.7s | cell ETA 13m34s (+eval)
2026-09-29 14:18:35 | B0    ports   seed47 | ep 24/31 | Reward:   224.0 | Acc: 0.938 | Eps: 0.0500 | t: 115.9s | cell ETA 11m56s (+eval)
2026-09-29 14:20:30 | B0    ports   seed47 | ep 25/31 | Reward:   228.0 | Acc: 0.945 | Eps: 0.0500 | t: 114.9s | cell ETA 10m17s (+eval)
2026-09-29 14:22:09 | B0    ports   seed47 | ep 26/31 | Reward:   222.0 | Acc: 0.934 | Eps: 0.0500 | t: 99.5s | cell ETA 8m33s (+eval)
2026-09-29 14:23:40 | B0    ports   seed47 | ep 27/31 | Reward:   222.0 | Acc: 0.934 | Eps: 0.0500 | t: 90.7s | cell ETA 6m49s (+eval)
2026-09-29 14:25:10 | B0    ports   seed47 | ep 28/31 | Reward:   208.0 | Acc: 0.906 | Eps: 0.0500 | t: 89.8s | cell ETA 5m05s (+eval)
2026-09-29 14:26:45 | B0    ports   seed47 | ep 29/31 | Reward:   220.0 | Acc: 0.930 | Eps: 0.0500 | t: 95.1s | cell ETA 3m23s (+eval)
2026-09-29 14:28:40 | B0    ports   seed47 | ep 30/31 | Reward:   230.0 | Acc: 0.949 | Eps: 0.0500 | t: 115.4s | cell ETA 1m42s (+eval)
2026-09-29 14:30:35 | B0    ports   seed47 | ep 31/31 | Reward:   224.0 | Acc: 0.938 | Eps: 0.0500 | t: 114.7s | cell ETA 0s (+eval)
2026-09-29 14:30:56 | B0    ports   seed47 | DONE in 53m20s | KT_F1=84.07 KT_AUC=93.72 | ZD weighted=93.87 macro=52.09
2026-09-29 14:31:06 | B1    ports   seed47 | START training
2026-09-29 14:33:04 | B1    ports   seed47 | ep  1/31 | reward=56.0 | acc=0.609 | eps=0.381 | t=115.9s | cell ETA 57m57s (+eval)
2026-09-29 14:35:05 | B1    ports   seed47 | ep  2/31 | reward=178.0 | acc=0.848 | eps=0.136 | t=120.9s | cell ETA 57m13s (+eval)
2026-09-29 14:37:01 | B1    ports   seed47 | ep  3/31 | reward=198.0 | acc=0.887 | eps=0.050 | t=116.0s | cell ETA 54m52s (+eval)
2026-09-29 14:38:39 | B1    ports   seed47 | ep  4/31 | reward=204.0 | acc=0.898 | eps=0.050 | t=97.7s | cell ETA 50m40s (+eval)
2026-09-29 14:40:16 | B1    ports   seed47 | ep  5/31 | reward=202.0 | acc=0.895 | eps=0.050 | t=97.6s | cell ETA 47m30s (+eval)
2026-09-29 14:41:51 | B1    ports   seed47 | ep  6/31 | reward=220.0 | acc=0.930 | eps=0.050 | t=94.8s | cell ETA 44m38s (+eval)
2026-09-29 14:43:52 | B1    ports   seed47 | ep  7/31 | reward=216.0 | acc=0.922 | eps=0.050 | t=121.0s | cell ETA 43m39s (+eval)
2026-09-29 14:45:55 | B1    ports   seed47 | ep  8/31 | reward=224.0 | acc=0.938 | eps=0.050 | t=123.2s | cell ETA 42m30s (+eval)
2026-09-29 14:48:00 | B1    ports   seed47 | ep  9/31 | reward=226.0 | acc=0.941 | eps=0.050 | t=125.1s | cell ETA 41m14s (+eval)
2026-09-29 14:50:02 | B1    ports   seed47 | ep 10/31 | reward=232.0 | acc=0.953 | eps=0.050 | t=121.0s | cell ETA 39m39s (+eval)
2026-09-29 14:51:59 | B1    ports   seed47 | ep 11/31 | reward=222.0 | acc=0.934 | eps=0.050 | t=117.4s | cell ETA 37m53s (+eval)
2026-09-29 14:53:32 | B1    ports   seed47 | ep 12/31 | reward=202.0 | acc=0.895 | eps=0.050 | t=93.4s | cell ETA 35m28s (+eval)
2026-09-29 14:55:07 | B1    ports   seed47 | ep 13/31 | reward=228.0 | acc=0.945 | eps=0.050 | t=94.2s | cell ETA 33m11s (+eval)
2026-09-29 14:56:41 | B1    ports   seed47 | ep 14/31 | reward=208.0 | acc=0.906 | eps=0.050 | t=94.5s | cell ETA 31m01s (+eval)
2026-09-29 14:58:30 | B1    ports   seed47 | ep 15/31 | reward=226.0 | acc=0.941 | eps=0.050 | t=109.2s | cell ETA 29m11s (+eval)
2026-09-29 15:00:31 | B1    ports   seed47 | ep 16/31 | reward=214.0 | acc=0.918 | eps=0.050 | t=120.9s | cell ETA 27m32s (+eval)
2026-09-29 15:02:31 | B1    ports   seed47 | ep 17/31 | reward=204.0 | acc=0.898 | eps=0.050 | t=119.8s | cell ETA 25m50s (+eval)
2026-09-29 15:04:33 | B1    ports   seed47 | ep 18/31 | reward=224.0 | acc=0.938 | eps=0.050 | t=121.9s | cell ETA 24m07s (+eval)
2026-09-29 15:06:33 | B1    ports   seed47 | ep 19/31 | reward=222.0 | acc=0.934 | eps=0.050 | t=119.9s | cell ETA 22m21s (+eval)
2026-09-29 15:08:14 | B1    ports   seed47 | ep 20/31 | reward=230.0 | acc=0.949 | eps=0.050 | t=100.6s | cell ETA 20m23s (+eval)
2026-09-29 15:09:51 | B1    ports   seed47 | ep 21/31 | reward=212.0 | acc=0.914 | eps=0.050 | t=96.9s | cell ETA 18m25s (+eval)
2026-09-29 15:11:27 | B1    ports   seed47 | ep 22/31 | reward=228.0 | acc=0.945 | eps=0.050 | t=96.9s | cell ETA 16m29s (+eval)
2026-09-29 15:13:26 | B1    ports   seed47 | ep 23/31 | reward=214.0 | acc=0.918 | eps=0.050 | t=119.0s | cell ETA 14m42s (+eval)
2026-09-29 15:15:30 | B1    ports   seed47 | ep 24/31 | reward=214.0 | acc=0.918 | eps=0.050 | t=123.5s | cell ETA 12m56s (+eval)
2026-09-29 15:17:34 | B1    ports   seed47 | ep 25/31 | reward=220.0 | acc=0.930 | eps=0.050 | t=123.8s | cell ETA 11m08s (+eval)
2026-09-29 15:19:37 | B1    ports   seed47 | ep 26/31 | reward=220.0 | acc=0.930 | eps=0.050 | t=123.1s | cell ETA 9m19s (+eval)
2026-09-29 15:21:32 | B1    ports   seed47 | ep 27/31 | reward=216.0 | acc=0.922 | eps=0.050 | t=115.5s | cell ETA 7m27s (+eval)
2026-09-29 15:23:10 | B1    ports   seed47 | ep 28/31 | reward=202.0 | acc=0.895 | eps=0.050 | t=98.1s | cell ETA 5m34s (+eval)
2026-09-29 15:24:47 | B1    ports   seed47 | ep 29/31 | reward=214.0 | acc=0.918 | eps=0.050 | t=97.0s | cell ETA 3m41s (+eval)
2026-09-29 15:26:25 | B1    ports   seed47 | ep 30/31 | reward=222.0 | acc=0.934 | eps=0.050 | t=97.6s | cell ETA 1m50s (+eval)
2026-09-29 15:28:28 | B1    ports   seed47 | ep 31/31 | reward=212.0 | acc=0.914 | eps=0.050 | t=122.5s | cell ETA 0s (+eval)
2026-09-29 15:28:49 | B1    ports   seed47 | DONE in 57m42s | KT_F1=78.69 KT_AUC=84.25 | ZD weighted=93.79 macro=47.20
2026-09-29 15:28:59 | B2    ports   seed47 | START training
2026-09-29 15:30:55 | B2    ports   seed47 | ep  1/31 | reward=-16.0 | acc=0.469 | eps=0.900 | t=114.2s | cell ETA 57m06s (+eval)
2026-09-29 15:32:51 | B2    ports   seed47 | ep  2/31 | reward=30.0 | acc=0.559 | eps=0.810 | t=115.9s | cell ETA 55m36s (+eval)
2026-09-29 15:34:49 | B2    ports   seed47 | ep  3/31 | reward=60.0 | acc=0.617 | eps=0.729 | t=117.8s | cell ETA 54m07s (+eval)
2026-09-29 15:36:39 | B2    ports   seed47 | ep  4/31 | reward=70.0 | acc=0.637 | eps=0.656 | t=110.8s | cell ETA 51m36s (+eval)
2026-09-29 15:38:16 | B2    ports   seed47 | ep  5/31 | reward=90.0 | acc=0.676 | eps=0.590 | t=96.5s | cell ETA 48m07s (+eval)
2026-09-29 15:39:51 | B2    ports   seed47 | ep  6/31 | reward=118.0 | acc=0.730 | eps=0.531 | t=94.8s | cell ETA 45m08s (+eval)
2026-09-29 15:41:26 | B2    ports   seed47 | ep  7/31 | reward=122.0 | acc=0.738 | eps=0.478 | t=95.0s | cell ETA 42m34s (+eval)
2026-09-29 15:43:16 | B2    ports   seed47 | ep  8/31 | reward=116.0 | acc=0.727 | eps=0.430 | t=110.1s | cell ETA 40m58s (+eval)
2026-09-29 15:45:17 | B2    ports   seed47 | ep  9/31 | reward=136.0 | acc=0.766 | eps=0.387 | t=121.2s | cell ETA 39m46s (+eval)
2026-09-29 15:47:19 | B2    ports   seed47 | ep 10/31 | reward=158.0 | acc=0.809 | eps=0.349 | t=121.6s | cell ETA 38m25s (+eval)
2026-09-29 15:49:21 | B2    ports   seed47 | ep 11/31 | reward=136.0 | acc=0.766 | eps=0.314 | t=122.1s | cell ETA 36m58s (+eval)
2026-09-29 15:51:21 | B2    ports   seed47 | ep 12/31 | reward=136.0 | acc=0.766 | eps=0.282 | t=120.3s | cell ETA 35m22s (+eval)
2026-09-29 15:53:06 | B2    ports   seed47 | ep 13/31 | reward=178.0 | acc=0.848 | eps=0.254 | t=104.7s | cell ETA 33m20s (+eval)
2026-09-29 15:54:43 | B2    ports   seed47 | ep 14/31 | reward=186.0 | acc=0.863 | eps=0.229 | t=97.0s | cell ETA 31m12s (+eval)
2026-09-29 15:56:20 | B2    ports   seed47 | ep 15/31 | reward=186.0 | acc=0.863 | eps=0.206 | t=97.4s | cell ETA 29m08s (+eval)
2026-09-29 15:57:59 | B2    ports   seed47 | ep 16/31 | reward=172.0 | acc=0.836 | eps=0.185 | t=98.2s | cell ETA 27m09s (+eval)
2026-09-29 16:00:00 | B2    ports   seed47 | ep 17/31 | reward=180.0 | acc=0.852 | eps=0.167 | t=121.0s | cell ETA 25m30s (+eval)
2026-09-29 16:01:58 | B2    ports   seed47 | ep 18/31 | reward=206.0 | acc=0.902 | eps=0.150 | t=118.3s | cell ETA 23m47s (+eval)
2026-09-29 16:04:01 | B2    ports   seed47 | ep 19/31 | reward=204.0 | acc=0.898 | eps=0.135 | t=122.7s | cell ETA 22m06s (+eval)
2026-09-29 16:06:05 | B2    ports   seed47 | ep 20/31 | reward=216.0 | acc=0.922 | eps=0.122 | t=124.0s | cell ETA 20m22s (+eval)
2026-09-29 16:08:02 | B2    ports   seed47 | ep 21/31 | reward=208.0 | acc=0.906 | eps=0.109 | t=116.9s | cell ETA 18m34s (+eval)
2026-09-29 16:09:35 | B2    ports   seed47 | ep 22/31 | reward=218.0 | acc=0.926 | eps=0.098 | t=93.7s | cell ETA 16m35s (+eval)
2026-09-29 16:11:07 | B2    ports   seed47 | ep 23/31 | reward=216.0 | acc=0.922 | eps=0.089 | t=92.2s | cell ETA 14m38s (+eval)
2026-09-29 16:12:44 | B2    ports   seed47 | ep 24/31 | reward=218.0 | acc=0.926 | eps=0.080 | t=96.2s | cell ETA 12m44s (+eval)
2026-09-29 16:14:45 | B2    ports   seed47 | ep 25/31 | reward=210.0 | acc=0.910 | eps=0.072 | t=121.3s | cell ETA 10m58s (+eval)
2026-09-29 16:16:47 | B2    ports   seed47 | ep 26/31 | reward=226.0 | acc=0.941 | eps=0.065 | t=122.1s | cell ETA 9m11s (+eval)
2026-09-29 16:18:50 | B2    ports   seed47 | ep 27/31 | reward=222.0 | acc=0.934 | eps=0.058 | t=123.1s | cell ETA 7m22s (+eval)
2026-09-29 16:20:50 | B2    ports   seed47 | ep 28/31 | reward=210.0 | acc=0.910 | eps=0.052 | t=119.2s | cell ETA 5m33s (+eval)
2026-09-29 16:22:37 | B2    ports   seed47 | ep 29/31 | reward=214.0 | acc=0.918 | eps=0.050 | t=107.6s | cell ETA 3m41s (+eval)
2026-09-29 16:24:10 | B2    ports   seed47 | ep 30/31 | reward=218.0 | acc=0.926 | eps=0.050 | t=92.4s | cell ETA 1m50s (+eval)
2026-09-29 16:25:47 | B2    ports   seed47 | ep 31/31 | reward=218.0 | acc=0.926 | eps=0.050 | t=97.3s | cell ETA 0s (+eval)
2026-09-29 16:26:07 | B2    ports   seed47 | DONE in 57m07s | KT_F1=83.44 KT_AUC=89.46 | ZD weighted=94.00 macro=53.76
2026-09-29 16:26:13 | B3    ports   seed47 | START training
2026-09-29 16:27:45 | B3    ports   seed47 | ep  1/31 | reward=-16.0 | acc=0.469 | eps=0.900 | t=90.2s | cell ETA 45m06s (+eval)
2026-09-29 16:29:40 | B3    ports   seed47 | ep  2/31 | reward=30.0 | acc=0.559 | eps=0.810 | t=115.1s | cell ETA 49m36s (+eval)
2026-09-29 16:31:37 | B3    ports   seed47 | ep  3/31 | reward=60.0 | acc=0.617 | eps=0.729 | t=117.0s | cell ETA 50m08s (+eval)
2026-09-29 16:33:35 | B3    ports   seed47 | ep  4/31 | reward=70.0 | acc=0.637 | eps=0.656 | t=117.7s | cell ETA 49m30s (+eval)
2026-09-29 16:35:34 | B3    ports   seed47 | ep  5/31 | reward=90.0 | acc=0.676 | eps=0.590 | t=118.4s | cell ETA 48m23s (+eval)
2026-09-29 16:37:23 | B3    ports   seed47 | ep  6/31 | reward=120.0 | acc=0.734 | eps=0.531 | t=109.0s | cell ETA 46m20s (+eval)
2026-09-29 16:38:57 | B3    ports   seed47 | ep  7/31 | reward=120.0 | acc=0.734 | eps=0.478 | t=94.1s | cell ETA 43m30s (+eval)
2026-09-29 16:40:32 | B3    ports   seed47 | ep  8/31 | reward=116.0 | acc=0.727 | eps=0.430 | t=94.7s | cell ETA 41m01s (+eval)
2026-09-29 16:42:06 | B3    ports   seed47 | ep  9/31 | reward=134.0 | acc=0.762 | eps=0.387 | t=94.7s | cell ETA 38m44s (+eval)
2026-09-29 16:43:42 | B3    ports   seed47 | ep 10/31 | reward=156.0 | acc=0.805 | eps=0.349 | t=95.8s | cell ETA 36m38s (+eval)
2026-09-29 16:45:18 | B3    ports   seed47 | ep 11/31 | reward=132.0 | acc=0.758 | eps=0.314 | t=95.8s | cell ETA 34m37s (+eval)
2026-09-29 16:46:54 | B3    ports   seed47 | ep 12/31 | reward=132.0 | acc=0.758 | eps=0.282 | t=96.0s | cell ETA 32m40s (+eval)
2026-09-29 16:48:32 | B3    ports   seed47 | ep 13/31 | reward=176.0 | acc=0.844 | eps=0.254 | t=97.8s | cell ETA 30m50s (+eval)
2026-09-29 16:50:05 | B3    ports   seed47 | ep 14/31 | reward=184.0 | acc=0.859 | eps=0.229 | t=93.5s | cell ETA 28m56s (+eval)
2026-09-29 16:51:38 | B3    ports   seed47 | ep 15/31 | reward=188.0 | acc=0.867 | eps=0.206 | t=93.0s | cell ETA 27m04s (+eval)
2026-09-29 16:53:12 | B3    ports   seed47 | ep 16/31 | reward=174.0 | acc=0.840 | eps=0.185 | t=93.3s | cell ETA 25m15s (+eval)
2026-09-29 16:54:45 | B3    ports   seed47 | ep 17/31 | reward=184.0 | acc=0.859 | eps=0.167 | t=93.2s | cell ETA 23m27s (+eval)
2026-09-29 16:56:18 | B3    ports   seed47 | ep 18/31 | reward=204.0 | acc=0.898 | eps=0.150 | t=93.3s | cell ETA 21m41s (+eval)
2026-09-29 16:57:52 | B3    ports   seed47 | ep 19/31 | reward=204.0 | acc=0.898 | eps=0.135 | t=93.6s | cell ETA 19m57s (+eval)
2026-09-29 16:59:26 | B3    ports   seed47 | ep 20/31 | reward=212.0 | acc=0.914 | eps=0.122 | t=93.9s | cell ETA 18m14s (+eval)
2026-09-29 17:01:00 | B3    ports   seed47 | ep 21/31 | reward=210.0 | acc=0.910 | eps=0.109 | t=94.0s | cell ETA 16m32s (+eval)
2026-09-29 17:02:33 | B3    ports   seed47 | ep 22/31 | reward=218.0 | acc=0.926 | eps=0.098 | t=93.4s | cell ETA 14m50s (+eval)
2026-09-29 17:04:13 | B3    ports   seed47 | ep 23/31 | reward=218.0 | acc=0.926 | eps=0.089 | t=100.2s | cell ETA 13m12s (+eval)
2026-09-29 17:06:09 | B3    ports   seed47 | ep 24/31 | reward=220.0 | acc=0.930 | eps=0.080 | t=116.1s | cell ETA 11m38s (+eval)
2026-09-29 17:08:06 | B3    ports   seed47 | ep 25/31 | reward=208.0 | acc=0.906 | eps=0.072 | t=116.5s | cell ETA 10m02s (+eval)
2026-09-29 17:10:02 | B3    ports   seed47 | ep 26/31 | reward=224.0 | acc=0.938 | eps=0.065 | t=115.9s | cell ETA 8m25s (+eval)
2026-09-29 17:11:58 | B3    ports   seed47 | ep 27/31 | reward=224.0 | acc=0.938 | eps=0.058 | t=116.0s | cell ETA 6m46s (+eval)
2026-09-29 17:13:58 | B3    ports   seed47 | ep 28/31 | reward=216.0 | acc=0.922 | eps=0.052 | t=119.6s | cell ETA 5m06s (+eval)
2026-09-29 17:15:52 | B3    ports   seed47 | ep 29/31 | reward=218.0 | acc=0.926 | eps=0.050 | t=114.5s | cell ETA 3m25s (+eval)
2026-09-29 17:17:48 | B3    ports   seed47 | ep 30/31 | reward=224.0 | acc=0.938 | eps=0.050 | t=115.6s | cell ETA 1m43s (+eval)
2026-09-29 17:19:47 | B3    ports   seed47 | ep 31/31 | reward=222.0 | acc=0.934 | eps=0.050 | t=119.1s | cell ETA 0s (+eval)
2026-09-29 17:20:08 | B3    ports   seed47 | DONE in 53m54s | KT_F1=85.28 KT_AUC=92.79 | ZD weighted=94.13 macro=57.51
2026-09-29 17:20:22 | B4    ports   seed47 | START training
2026-09-29 17:22:10 | B4    ports   seed47 | ep  1/31 | Reward:   -16.0 | Acc: 0.469 | Eps: 1.0000->0.9000 | t: 106.7s | cell ETA 53m21s (+eval)
2026-09-29 17:24:23 | B4    ports   seed47 | ep  2/31 | Reward:    30.0 | Acc: 0.559 | Eps: 0.9000->0.8100 | t: 132.5s | cell ETA 57m48s (+eval)
2026-09-29 17:26:52 | B4    ports   seed47 | ep  3/31 | Reward:    56.0 | Acc: 0.609 | Eps: 0.8100->0.7290 | t: 148.7s | cell ETA 1h00m (+eval)
2026-09-29 17:29:11 | B4    ports   seed47 | ep  4/31 | Reward:    72.0 | Acc: 0.641 | Eps: 0.7290->0.6561 | t: 139.8s | cell ETA 59m21s (+eval)
2026-09-29 17:31:36 | B4    ports   seed47 | ep  5/31 | Reward:    92.0 | Acc: 0.680 | Eps: 0.6561->0.5905 | t: 144.4s | cell ETA 58m14s (+eval)
2026-09-29 17:34:01 | B4    ports   seed47 | ep  6/31 | Reward:   122.0 | Acc: 0.738 | Eps: 0.5905->0.5314 | t: 144.9s | cell ETA 56m44s (+eval)
2026-09-29 17:36:30 | B4    ports   seed47 | ep  7/31 | Reward:   118.0 | Acc: 0.730 | Eps: 0.5314->0.4783 | t: 149.0s | cell ETA 55m12s (+eval)
2026-09-29 17:38:53 | B4    ports   seed47 | ep  8/31 | Reward:   118.0 | Acc: 0.730 | Eps: 0.4783->0.4305 | t: 142.8s | cell ETA 53m07s (+eval)
2026-09-29 17:41:20 | B4    ports   seed47 | ep  9/31 | Reward:   136.0 | Acc: 0.766 | Eps: 0.4305->0.3874 | t: 147.5s | cell ETA 51m10s (+eval)
2026-09-29 17:43:55 | B4    ports   seed47 | ep 10/31 | Reward:   158.0 | Acc: 0.809 | Eps: 0.3874->0.3487 | t: 154.6s | cell ETA 49m22s (+eval)
2026-09-29 17:46:26 | B4    ports   seed47 | ep 11/31 | Reward:   136.0 | Acc: 0.766 | Eps: 0.3487->0.3138 | t: 151.5s | cell ETA 47m20s (+eval)
2026-09-29 17:48:55 | B4    ports   seed47 | ep 12/31 | Reward:   136.0 | Acc: 0.766 | Eps: 0.3138->0.2824 | t: 148.6s | cell ETA 45m09s (+eval)
2026-09-29 17:51:22 | B4    ports   seed47 | ep 13/31 | Reward:   182.0 | Acc: 0.855 | Eps: 0.2824->0.2542 | t: 146.7s | cell ETA 42m52s (+eval)
2026-09-29 17:53:43 | B4    ports   seed47 | ep 14/31 | Reward:   182.0 | Acc: 0.855 | Eps: 0.2542->0.2288 | t: 140.9s | cell ETA 40m26s (+eval)
2026-09-29 17:55:57 | B4    ports   seed47 | ep 15/31 | Reward:   190.0 | Acc: 0.871 | Eps: 0.2288->0.2059 | t: 134.9s | cell ETA 37m55s (+eval)
2026-09-29 17:58:03 | B4    ports   seed47 | ep 16/31 | Reward:   178.0 | Acc: 0.848 | Eps: 0.2059->0.1853 | t: 125.6s | cell ETA 35m17s (+eval)
2026-09-29 18:00:07 | B4    ports   seed47 | ep 17/31 | Reward:   182.0 | Acc: 0.855 | Eps: 0.1853->0.1668 | t: 124.2s | cell ETA 32m42s (+eval)
2026-09-29 18:02:10 | B4    ports   seed47 | ep 18/31 | Reward:   204.0 | Acc: 0.898 | Eps: 0.1668->0.1501 | t: 122.8s | cell ETA 30m09s (+eval)
2026-09-29 18:04:13 | B4    ports   seed47 | ep 19/31 | Reward:   210.0 | Acc: 0.910 | Eps: 0.1501->0.1351 | t: 122.9s | cell ETA 27m40s (+eval)
2026-09-29 18:06:19 | B4    ports   seed47 | ep 20/31 | Reward:   212.0 | Acc: 0.914 | Eps: 0.1351->0.1216 | t: 125.5s | cell ETA 25m14s (+eval)
2026-09-29 18:08:41 | B4    ports   seed47 | ep 21/31 | Reward:   216.0 | Acc: 0.922 | Eps: 0.1216->0.1094 | t: 142.2s | cell ETA 22m59s (+eval)
2026-09-29 18:11:10 | B4    ports   seed47 | ep 22/31 | Reward:   220.0 | Acc: 0.930 | Eps: 0.1094->0.0985 | t: 149.1s | cell ETA 20m46s (+eval)
2026-09-29 18:13:45 | B4    ports   seed47 | ep 23/31 | Reward:   218.0 | Acc: 0.926 | Eps: 0.0985->0.0886 | t: 155.3s | cell ETA 18m33s (+eval)
2026-09-29 18:16:21 | B4    ports   seed47 | ep 24/31 | Reward:   220.0 | Acc: 0.930 | Eps: 0.0886->0.0798 | t: 156.1s | cell ETA 16m19s (+eval)
2026-09-29 18:18:56 | B4    ports   seed47 | ep 25/31 | Reward:   206.0 | Acc: 0.902 | Eps: 0.0798->0.0718 | t: 154.7s | cell ETA 14m02s (+eval)
2026-09-29 18:21:29 | B4    ports   seed47 | ep 26/31 | Reward:   228.0 | Acc: 0.945 | Eps: 0.0718->0.0646 | t: 153.3s | cell ETA 11m44s (+eval)
2026-09-29 18:24:04 | B4    ports   seed47 | ep 27/31 | Reward:   222.0 | Acc: 0.934 | Eps: 0.0646->0.0581 | t: 154.5s | cell ETA 9m25s (+eval)
2026-09-29 18:26:40 | B4    ports   seed47 | ep 28/31 | Reward:   214.0 | Acc: 0.918 | Eps: 0.0581->0.0523 | t: 155.7s | cell ETA 7m05s (+eval)
2026-09-29 18:29:12 | B4    ports   seed47 | ep 29/31 | Reward:   210.0 | Acc: 0.910 | Eps: 0.0523->0.0500 | t: 152.5s | cell ETA 4m44s (+eval)
2026-09-29 18:31:41 | B4    ports   seed47 | ep 30/31 | Reward:   218.0 | Acc: 0.926 | Eps: 0.0500->0.0500 | t: 148.8s | cell ETA 2m22s (+eval)
2026-09-29 18:34:10 | B4    ports   seed47 | ep 31/31 | Reward:   214.0 | Acc: 0.918 | Eps: 0.0500->0.0500 | t: 149.0s | cell ETA 0s (+eval)
2026-09-29 18:34:34 | B4    ports   seed47 | DONE in 1h14m | KT_F1=80.88 KT_AUC=86.96 | ZD weighted=96.98 macro=57.17
2026-09-29 18:34:46 | B5    ports   seed47 | START training
2026-09-29 18:37:02 | B5    ports   seed47 | ep  1/31 | Reward:  -512.0 | Acc: 0.469 | Eps: 1.0000->0.9000 | t: 133.6s | cell ETA 1h06m (+eval)
2026-09-29 18:39:07 | B5    ports   seed47 | ep  2/31 | Reward:  -227.0 | Acc: 0.559 | Eps: 0.9000->0.8100 | t: 125.0s | cell ETA 1h02m (+eval)
2026-09-29 18:41:04 | B5    ports   seed47 | ep  3/31 | Reward:   -89.0 | Acc: 0.617 | Eps: 0.8100->0.7290 | t: 116.6s | cell ETA 58m21s (+eval)
2026-09-29 18:42:56 | B5    ports   seed47 | ep  4/31 | Reward:   -43.0 | Acc: 0.629 | Eps: 0.7290->0.6561 | t: 112.8s | cell ETA 54m54s (+eval)
2026-09-29 18:44:52 | B5    ports   seed47 | ep  5/31 | Reward:   146.0 | Acc: 0.680 | Eps: 0.6561->0.5905 | t: 115.9s | cell ETA 52m20s (+eval)
2026-09-29 18:46:50 | B5    ports   seed47 | ep  6/31 | Reward:   226.0 | Acc: 0.730 | Eps: 0.5905->0.5314 | t: 117.4s | cell ETA 50m05s (+eval)
2026-09-29 18:48:51 | B5    ports   seed47 | ep  7/31 | Reward:   210.0 | Acc: 0.738 | Eps: 0.5314->0.4783 | t: 121.6s | cell ETA 48m09s (+eval)
2026-09-29 18:50:46 | B5    ports   seed47 | ep  8/31 | Reward:   157.0 | Acc: 0.727 | Eps: 0.4783->0.4305 | t: 115.1s | cell ETA 45m54s (+eval)
2026-09-29 18:52:46 | B5    ports   seed47 | ep  9/31 | Reward:   248.0 | Acc: 0.754 | Eps: 0.4305->0.3874 | t: 119.6s | cell ETA 43m54s (+eval)
2026-09-29 18:55:13 | B5    ports   seed47 | ep 10/31 | Reward:   333.0 | Acc: 0.801 | Eps: 0.3874->0.3487 | t: 147.1s | cell ETA 42m51s (+eval)
2026-09-29 18:57:39 | B5    ports   seed47 | ep 11/31 | Reward:   262.0 | Acc: 0.758 | Eps: 0.3487->0.3138 | t: 145.3s | cell ETA 41m30s (+eval)
2026-09-29 19:00:04 | B5    ports   seed47 | ep 12/31 | Reward:   252.0 | Acc: 0.746 | Eps: 0.3138->0.2824 | t: 145.6s | cell ETA 39m59s (+eval)
2026-09-29 19:02:38 | B5    ports   seed47 | ep 13/31 | Reward:   422.0 | Acc: 0.832 | Eps: 0.2824->0.2542 | t: 153.4s | cell ETA 38m30s (+eval)
2026-09-29 19:05:11 | B5    ports   seed47 | ep 14/31 | Reward:   440.0 | Acc: 0.852 | Eps: 0.2542->0.2288 | t: 153.2s | cell ETA 36m52s (+eval)
2026-09-29 19:07:41 | B5    ports   seed47 | ep 15/31 | Reward:   577.0 | Acc: 0.867 | Eps: 0.2288->0.2059 | t: 149.7s | cell ETA 35m03s (+eval)
2026-09-29 19:10:12 | B5    ports   seed47 | ep 16/31 | Reward:   437.0 | Acc: 0.828 | Eps: 0.2059->0.1853 | t: 151.0s | cell ETA 33m10s (+eval)
2026-09-29 19:12:39 | B5    ports   seed47 | ep 17/31 | Reward:   461.0 | Acc: 0.836 | Eps: 0.1853->0.1668 | t: 147.5s | cell ETA 31m09s (+eval)
2026-09-29 19:15:05 | B5    ports   seed47 | ep 18/31 | Reward:   661.0 | Acc: 0.895 | Eps: 0.1668->0.1501 | t: 145.9s | cell ETA 29m05s (+eval)
2026-09-29 19:17:30 | B5    ports   seed47 | ep 19/31 | Reward:   596.0 | Acc: 0.895 | Eps: 0.1501->0.1351 | t: 145.3s | cell ETA 26m57s (+eval)
2026-09-29 19:19:54 | B5    ports   seed47 | ep 20/31 | Reward:   693.0 | Acc: 0.914 | Eps: 0.1351->0.1216 | t: 143.8s | cell ETA 24m47s (+eval)
2026-09-29 19:22:12 | B5    ports   seed47 | ep 21/31 | Reward:   546.0 | Acc: 0.902 | Eps: 0.1216->0.1094 | t: 137.3s | cell ETA 22m33s (+eval)
2026-09-29 19:24:20 | B5    ports   seed47 | ep 22/31 | Reward:   656.0 | Acc: 0.914 | Eps: 0.1094->0.0985 | t: 128.5s | cell ETA 20m15s (+eval)
2026-09-29 19:26:24 | B5    ports   seed47 | ep 23/31 | Reward:   728.0 | Acc: 0.918 | Eps: 0.0985->0.0886 | t: 124.2s | cell ETA 17m56s (+eval)
2026-09-29 19:28:30 | B5    ports   seed47 | ep 24/31 | Reward:   675.0 | Acc: 0.918 | Eps: 0.0886->0.0798 | t: 125.8s | cell ETA 15m39s (+eval)
2026-09-29 19:30:35 | B5    ports   seed47 | ep 25/31 | Reward:   606.0 | Acc: 0.895 | Eps: 0.0798->0.0718 | t: 124.8s | cell ETA 13m23s (+eval)
2026-09-29 19:32:40 | B5    ports   seed47 | ep 26/31 | Reward:   663.0 | Acc: 0.934 | Eps: 0.0718->0.0646 | t: 124.4s | cell ETA 11m07s (+eval)
2026-09-29 19:34:58 | B5    ports   seed47 | ep 27/31 | Reward:   668.0 | Acc: 0.918 | Eps: 0.0646->0.0581 | t: 138.7s | cell ETA 8m54s (+eval)
2026-09-29 19:37:29 | B5    ports   seed47 | ep 28/31 | Reward:   689.0 | Acc: 0.902 | Eps: 0.0581->0.0523 | t: 150.4s | cell ETA 6m42s (+eval)
2026-09-29 19:40:03 | B5    ports   seed47 | ep 29/31 | Reward:   665.0 | Acc: 0.902 | Eps: 0.0523->0.0500 | t: 154.2s | cell ETA 4m29s (+eval)
2026-09-29 19:42:37 | B5    ports   seed47 | ep 30/31 | Reward:   697.0 | Acc: 0.922 | Eps: 0.0500->0.0500 | t: 154.5s | cell ETA 2m15s (+eval)
2026-09-29 19:45:15 | B5    ports   seed47 | ep 31/31 | Reward:   656.0 | Acc: 0.906 | Eps: 0.0500->0.0500 | t: 157.5s | cell ETA 0s (+eval)
2026-09-29 19:45:39 | B5    ports   seed47 | DONE in 1h10m | KT_F1=78.29 KT_AUC=93.76 | ZD weighted=96.98 macro=57.72
2026-09-29 19:45:55 | B6    ports   seed47 | START training
2026-09-29 19:48:26 | B6    ports   seed47 | ep  1/31 | Reward:   -16.0 | Acc: 0.469 | Eps: 1.0000->0.9000 | t: 147.2s | cell ETA 1h13m (+eval)
2026-09-29 19:50:51 | B6    ports   seed47 | ep  2/31 | Reward:    30.0 | Acc: 0.559 | Eps: 0.9000->0.8100 | t: 145.6s | cell ETA 1h10m (+eval)
2026-09-29 19:53:21 | B6    ports   seed47 | ep  3/31 | Reward:    60.0 | Acc: 0.617 | Eps: 0.8100->0.7290 | t: 149.4s | cell ETA 1h08m (+eval)
2026-09-29 19:55:54 | B6    ports   seed47 | ep  4/31 | Reward:    72.0 | Acc: 0.641 | Eps: 0.7290->0.6561 | t: 153.6s | cell ETA 1h07m (+eval)
2026-09-29 19:58:19 | B6    ports   seed47 | ep  5/31 | Reward:    88.0 | Acc: 0.672 | Eps: 0.6561->0.5905 | t: 145.0s | cell ETA 1h04m (+eval)
2026-09-29 20:00:40 | B6    ports   seed47 | ep  6/31 | Reward:   118.0 | Acc: 0.730 | Eps: 0.5905->0.5314 | t: 140.8s | cell ETA 1h01m (+eval)
2026-09-29 20:02:55 | B6    ports   seed47 | ep  7/31 | Reward:   126.0 | Acc: 0.746 | Eps: 0.5314->0.4783 | t: 134.8s | cell ETA 58m04s (+eval)
2026-09-29 20:05:06 | B6    ports   seed47 | ep  8/31 | Reward:   118.0 | Acc: 0.730 | Eps: 0.4783->0.4305 | t: 131.6s | cell ETA 55m00s (+eval)
2026-09-29 20:07:13 | B6    ports   seed47 | ep  9/31 | Reward:   136.0 | Acc: 0.766 | Eps: 0.4305->0.3874 | t: 126.6s | cell ETA 51m55s (+eval)
2026-09-29 20:09:18 | B6    ports   seed47 | ep 10/31 | Reward:   156.0 | Acc: 0.805 | Eps: 0.3874->0.3487 | t: 124.5s | cell ETA 48m58s (+eval)
2026-09-29 20:11:22 | B6    ports   seed47 | ep 11/31 | Reward:   138.0 | Acc: 0.770 | Eps: 0.3487->0.3138 | t: 124.0s | cell ETA 46m09s (+eval)
2026-09-29 20:13:25 | B6    ports   seed47 | ep 12/31 | Reward:   140.0 | Acc: 0.773 | Eps: 0.3138->0.2824 | t: 123.0s | cell ETA 43m26s (+eval)
2026-09-29 20:15:30 | B6    ports   seed47 | ep 13/31 | Reward:   180.0 | Acc: 0.852 | Eps: 0.2824->0.2542 | t: 125.4s | cell ETA 40m52s (+eval)
2026-09-29 20:17:57 | B6    ports   seed47 | ep 14/31 | Reward:   178.0 | Acc: 0.848 | Eps: 0.2542->0.2288 | t: 146.6s | cell ETA 38m49s (+eval)
2026-09-29 20:20:33 | B6    ports   seed47 | ep 15/31 | Reward:   188.0 | Acc: 0.867 | Eps: 0.2288->0.2059 | t: 155.8s | cell ETA 36m52s (+eval)
2026-09-29 20:23:10 | B6    ports   seed47 | ep 16/31 | Reward:   178.0 | Acc: 0.848 | Eps: 0.2059->0.1853 | t: 156.8s | cell ETA 34m51s (+eval)
2026-09-29 20:25:49 | B6    ports   seed47 | ep 17/31 | Reward:   186.0 | Acc: 0.863 | Eps: 0.1853->0.1668 | t: 159.6s | cell ETA 32m48s (+eval)
2026-09-29 20:28:27 | B6    ports   seed47 | ep 18/31 | Reward:   208.0 | Acc: 0.906 | Eps: 0.1668->0.1501 | t: 157.8s | cell ETA 30m40s (+eval)
2026-09-29 20:31:05 | B6    ports   seed47 | ep 19/31 | Reward:   210.0 | Acc: 0.910 | Eps: 0.1501->0.1351 | t: 157.9s | cell ETA 28m29s (+eval)
2026-09-29 20:33:44 | B6    ports   seed47 | ep 20/31 | Reward:   220.0 | Acc: 0.930 | Eps: 0.1351->0.1216 | t: 159.1s | cell ETA 26m15s (+eval)
2026-09-29 20:36:22 | B6    ports   seed47 | ep 21/31 | Reward:   214.0 | Acc: 0.918 | Eps: 0.1216->0.1094 | t: 158.4s | cell ETA 23m59s (+eval)
2026-09-29 20:39:02 | B6    ports   seed47 | ep 22/31 | Reward:   220.0 | Acc: 0.930 | Eps: 0.1094->0.0985 | t: 159.4s | cell ETA 21m42s (+eval)
2026-09-29 20:41:32 | B6    ports   seed47 | ep 23/31 | Reward:   216.0 | Acc: 0.922 | Eps: 0.0985->0.0886 | t: 149.7s | cell ETA 19m19s (+eval)
2026-09-29 20:43:52 | B6    ports   seed47 | ep 24/31 | Reward:   226.0 | Acc: 0.941 | Eps: 0.0886->0.0798 | t: 140.7s | cell ETA 16m53s (+eval)
2026-09-29 20:46:10 | B6    ports   seed47 | ep 25/31 | Reward:   210.0 | Acc: 0.910 | Eps: 0.0798->0.0718 | t: 138.1s | cell ETA 14m26s (+eval)
2026-09-29 20:48:17 | B6    ports   seed47 | ep 26/31 | Reward:   228.0 | Acc: 0.945 | Eps: 0.0718->0.0646 | t: 126.9s | cell ETA 11m58s (+eval)
2026-09-29 20:50:25 | B6    ports   seed47 | ep 27/31 | Reward:   220.0 | Acc: 0.930 | Eps: 0.0646->0.0581 | t: 127.5s | cell ETA 9m32s (+eval)
2026-09-29 20:52:31 | B6    ports   seed47 | ep 28/31 | Reward:   216.0 | Acc: 0.922 | Eps: 0.0581->0.0523 | t: 125.7s | cell ETA 7m07s (+eval)
2026-09-29 20:54:38 | B6    ports   seed47 | ep 29/31 | Reward:   220.0 | Acc: 0.930 | Eps: 0.0523->0.0500 | t: 127.6s | cell ETA 4m44s (+eval)
2026-09-29 20:56:45 | B6    ports   seed47 | ep 30/31 | Reward:   224.0 | Acc: 0.938 | Eps: 0.0500->0.0500 | t: 127.3s | cell ETA 2m21s (+eval)
2026-09-29 20:59:13 | B6    ports   seed47 | ep 31/31 | Reward:   218.0 | Acc: 0.926 | Eps: 0.0500->0.0500 | t: 147.1s | cell ETA 0s (+eval)
2026-09-29 20:59:37 | B6    ports   seed47 | DONE in 1h13m | KT_F1=87.67 KT_AUC=96.19 | ZD weighted=93.97 macro=56.94
2026-09-29 20:59:51 | B7    ports   seed47 | START training
2026-09-29 21:02:20 | B7    ports   seed47 | ep  1/31 | Reward:    -8.0 | Acc: 0.484 | Eps: 1.0000->0.9000 | t: 143.6s | cell ETA 1h11m (+eval)
2026-09-29 21:04:46 | B7    ports   seed47 | ep  2/31 | Reward:    24.0 | Acc: 0.547 | Eps: 0.9000->0.8100 | t: 146.0s | cell ETA 1h09m (+eval)
2026-09-29 21:07:11 | B7    ports   seed47 | ep  3/31 | Reward:    28.0 | Acc: 0.555 | Eps: 0.8100->0.7290 | t: 145.3s | cell ETA 1h07m (+eval)
2026-09-29 21:09:35 | B7    ports   seed47 | ep  4/31 | Reward:    60.0 | Acc: 0.617 | Eps: 0.7290->0.6561 | t: 143.9s | cell ETA 1h05m (+eval)
2026-09-29 21:12:02 | B7    ports   seed47 | ep  5/31 | Reward:    70.0 | Acc: 0.637 | Eps: 0.6561->0.5905 | t: 146.8s | cell ETA 1h02m (+eval)
2026-09-29 21:14:30 | B7    ports   seed47 | ep  6/31 | Reward:    80.0 | Acc: 0.656 | Eps: 0.5905->0.5314 | t: 148.8s | cell ETA 1h00m (+eval)
2026-09-29 21:16:59 | B7    ports   seed47 | ep  7/31 | Reward:    70.0 | Acc: 0.637 | Eps: 0.5314->0.4783 | t: 149.0s | cell ETA 58m28s (+eval)
2026-09-29 21:19:29 | B7    ports   seed47 | ep  8/31 | Reward:    90.0 | Acc: 0.676 | Eps: 0.4783->0.4305 | t: 149.3s | cell ETA 56m11s (+eval)
2026-09-29 21:21:53 | B7    ports   seed47 | ep  9/31 | Reward:   116.0 | Acc: 0.727 | Eps: 0.4305->0.3874 | t: 143.8s | cell ETA 53m38s (+eval)
2026-09-29 21:24:12 | B7    ports   seed47 | ep 10/31 | Reward:   124.0 | Acc: 0.742 | Eps: 0.3874->0.3487 | t: 139.4s | cell ETA 50m57s (+eval)
2026-09-29 21:26:25 | B7    ports   seed47 | ep 11/31 | Reward:   138.0 | Acc: 0.770 | Eps: 0.3487->0.3138 | t: 133.1s | cell ETA 48m09s (+eval)
2026-09-29 21:28:32 | B7    ports   seed47 | ep 12/31 | Reward:   142.0 | Acc: 0.777 | Eps: 0.3138->0.2824 | t: 127.1s | cell ETA 45m17s (+eval)
2026-09-29 21:30:38 | B7    ports   seed47 | ep 13/31 | Reward:   132.0 | Acc: 0.758 | Eps: 0.2824->0.2542 | t: 125.4s | cell ETA 42m29s (+eval)
2026-09-29 21:32:43 | B7    ports   seed47 | ep 14/31 | Reward:   130.0 | Acc: 0.754 | Eps: 0.2542->0.2288 | t: 125.0s | cell ETA 39m47s (+eval)
2026-09-29 21:34:47 | B7    ports   seed47 | ep 15/31 | Reward:   156.0 | Acc: 0.805 | Eps: 0.2288->0.2059 | t: 124.7s | cell ETA 37m10s (+eval)
2026-09-29 21:37:15 | B7    ports   seed47 | ep 16/31 | Reward:   136.0 | Acc: 0.766 | Eps: 0.2059->0.1853 | t: 147.9s | cell ETA 34m59s (+eval)
2026-09-29 21:39:50 | B7    ports   seed47 | ep 17/31 | Reward:   176.0 | Acc: 0.844 | Eps: 0.1853->0.1668 | t: 154.7s | cell ETA 32m51s (+eval)
2026-09-29 21:42:25 | B7    ports   seed47 | ep 18/31 | Reward:   182.0 | Acc: 0.855 | Eps: 0.1668->0.1501 | t: 154.5s | cell ETA 30m40s (+eval)
2026-09-29 21:44:59 | B7    ports   seed47 | ep 19/31 | Reward:   166.0 | Acc: 0.824 | Eps: 0.1501->0.1351 | t: 154.5s | cell ETA 28m27s (+eval)
2026-09-29 21:47:34 | B7    ports   seed47 | ep 20/31 | Reward:   166.0 | Acc: 0.824 | Eps: 0.1351->0.1216 | t: 155.1s | cell ETA 26m11s (+eval)
2026-09-29 21:50:10 | B7    ports   seed47 | ep 21/31 | Reward:   184.0 | Acc: 0.859 | Eps: 0.1216->0.1094 | t: 156.0s | cell ETA 23m55s (+eval)
2026-09-29 21:52:42 | B7    ports   seed47 | ep 22/31 | Reward:   170.0 | Acc: 0.832 | Eps: 0.1094->0.0985 | t: 151.9s | cell ETA 21m35s (+eval)
2026-09-29 21:55:14 | B7    ports   seed47 | ep 23/31 | Reward:   180.0 | Acc: 0.852 | Eps: 0.0985->0.0886 | t: 152.0s | cell ETA 19m14s (+eval)
2026-09-29 21:57:40 | B7    ports   seed47 | ep 24/31 | Reward:   180.0 | Acc: 0.852 | Eps: 0.0886->0.0798 | t: 145.3s | cell ETA 16m50s (+eval)
2026-09-29 21:59:58 | B7    ports   seed47 | ep 25/31 | Reward:   172.0 | Acc: 0.836 | Eps: 0.0798->0.0718 | t: 138.2s | cell ETA 14m24s (+eval)
2026-09-29 22:02:08 | B7    ports   seed47 | ep 26/31 | Reward:   204.0 | Acc: 0.898 | Eps: 0.0718->0.0646 | t: 130.6s | cell ETA 11m57s (+eval)
2026-09-29 22:04:12 | B7    ports   seed47 | ep 27/31 | Reward:   180.0 | Acc: 0.852 | Eps: 0.0646->0.0581 | t: 123.8s | cell ETA 9m31s (+eval)
2026-09-29 22:06:16 | B7    ports   seed47 | ep 28/31 | Reward:   192.0 | Acc: 0.875 | Eps: 0.0581->0.0523 | t: 123.4s | cell ETA 7m06s (+eval)
2026-09-29 22:08:23 | B7    ports   seed47 | ep 29/31 | Reward:   184.0 | Acc: 0.859 | Eps: 0.0523->0.0500 | t: 127.8s | cell ETA 4m43s (+eval)
2026-09-29 22:10:28 | B7    ports   seed47 | ep 30/31 | Reward:   176.0 | Acc: 0.844 | Eps: 0.0500->0.0500 | t: 124.7s | cell ETA 2m21s (+eval)
2026-09-29 22:12:49 | B7    ports   seed47 | ep 31/31 | Reward:   188.0 | Acc: 0.867 | Eps: 0.0500->0.0500 | t: 140.7s | cell ETA 0s (+eval)
2026-09-29 22:13:13 | B7    ports   seed47 | DONE in 1h13m | KT_F1=76.77 KT_AUC=91.40 | ZD weighted=98.32 macro=66.82
2026-09-29 22:13:28 | B8    ports   seed47 | START training
2026-09-29 22:15:49 | B8    ports   seed47 | ep  1/31 | Reward:   -12.0 | Acc: 0.477 | Eps: 1.0000->0.9000 | t: 135.9s | cell ETA 1h07m (+eval)
2026-09-29 22:18:06 | B8    ports   seed47 | ep  2/31 | Reward:     4.0 | Acc: 0.508 | Eps: 0.9000->0.8100 | t: 137.7s | cell ETA 1h06m (+eval)
2026-09-29 22:20:25 | B8    ports   seed47 | ep  3/31 | Reward:    48.0 | Acc: 0.594 | Eps: 0.8100->0.7290 | t: 139.1s | cell ETA 1h04m (+eval)
2026-09-29 22:22:48 | B8    ports   seed47 | ep  4/31 | Reward:    70.0 | Acc: 0.637 | Eps: 0.7290->0.6561 | t: 142.2s | cell ETA 1h02m (+eval)
2026-09-29 22:25:09 | B8    ports   seed47 | ep  5/31 | Reward:    64.0 | Acc: 0.625 | Eps: 0.6561->0.5905 | t: 141.8s | cell ETA 1h00m (+eval)
2026-09-29 22:27:33 | B8    ports   seed47 | ep  6/31 | Reward:    98.0 | Acc: 0.691 | Eps: 0.5905->0.5314 | t: 143.8s | cell ETA 58m22s (+eval)
2026-09-29 22:29:59 | B8    ports   seed47 | ep  7/31 | Reward:    74.0 | Acc: 0.645 | Eps: 0.5314->0.4783 | t: 145.8s | cell ETA 56m21s (+eval)
2026-09-29 22:32:22 | B8    ports   seed47 | ep  8/31 | Reward:   110.0 | Acc: 0.715 | Eps: 0.4783->0.4305 | t: 142.6s | cell ETA 54m05s (+eval)
2026-09-29 22:34:48 | B8    ports   seed47 | ep  9/31 | Reward:   128.0 | Acc: 0.750 | Eps: 0.4305->0.3874 | t: 146.6s | cell ETA 51m57s (+eval)
2026-09-29 22:37:05 | B8    ports   seed47 | ep 10/31 | Reward:   134.0 | Acc: 0.762 | Eps: 0.3874->0.3487 | t: 136.6s | cell ETA 49m25s (+eval)
2026-09-29 22:39:20 | B8    ports   seed47 | ep 11/31 | Reward:   138.0 | Acc: 0.770 | Eps: 0.3487->0.3138 | t: 134.9s | cell ETA 46m52s (+eval)
2026-09-29 22:41:29 | B8    ports   seed47 | ep 12/31 | Reward:   138.0 | Acc: 0.770 | Eps: 0.3138->0.2824 | t: 128.8s | cell ETA 44m13s (+eval)
2026-09-29 22:43:36 | B8    ports   seed47 | ep 13/31 | Reward:   174.0 | Acc: 0.840 | Eps: 0.2824->0.2542 | t: 126.7s | cell ETA 41m35s (+eval)
2026-09-29 22:45:39 | B8    ports   seed47 | ep 14/31 | Reward:   154.0 | Acc: 0.801 | Eps: 0.2542->0.2288 | t: 123.2s | cell ETA 38m58s (+eval)
2026-09-29 22:47:41 | B8    ports   seed47 | ep 15/31 | Reward:   156.0 | Acc: 0.805 | Eps: 0.2288->0.2059 | t: 122.5s | cell ETA 36m24s (+eval)
2026-09-29 22:49:45 | B8    ports   seed47 | ep 16/31 | Reward:   142.0 | Acc: 0.777 | Eps: 0.2059->0.1853 | t: 123.1s | cell ETA 33m55s (+eval)
2026-09-29 22:51:45 | B8    ports   seed47 | ep 17/31 | Reward:   162.0 | Acc: 0.816 | Eps: 0.1853->0.1668 | t: 120.1s | cell ETA 31m27s (+eval)
2026-09-29 22:53:45 | B8    ports   seed47 | ep 18/31 | Reward:   186.0 | Acc: 0.863 | Eps: 0.1668->0.1501 | t: 120.0s | cell ETA 29m01s (+eval)
2026-09-29 22:56:07 | B8    ports   seed47 | ep 19/31 | Reward:   172.0 | Acc: 0.836 | Eps: 0.1501->0.1351 | t: 142.7s | cell ETA 26m53s (+eval)
2026-09-29 22:58:35 | B8    ports   seed47 | ep 20/31 | Reward:   164.0 | Acc: 0.820 | Eps: 0.1351->0.1216 | t: 147.4s | cell ETA 24m45s (+eval)
2026-09-29 23:01:03 | B8    ports   seed47 | ep 21/31 | Reward:   174.0 | Acc: 0.840 | Eps: 0.1216->0.1094 | t: 148.0s | cell ETA 22m36s (+eval)
2026-09-29 23:03:37 | B8    ports   seed47 | ep 22/31 | Reward:   186.0 | Acc: 0.863 | Eps: 0.1094->0.0985 | t: 153.8s | cell ETA 20m28s (+eval)
2026-09-29 23:06:07 | B8    ports   seed47 | ep 23/31 | Reward:   176.0 | Acc: 0.844 | Eps: 0.0985->0.0886 | t: 149.9s | cell ETA 18m16s (+eval)
2026-09-29 23:08:39 | B8    ports   seed47 | ep 24/31 | Reward:   176.0 | Acc: 0.844 | Eps: 0.0886->0.0798 | t: 152.0s | cell ETA 16m04s (+eval)
2026-09-29 23:11:11 | B8    ports   seed47 | ep 25/31 | Reward:   174.0 | Acc: 0.840 | Eps: 0.0798->0.0718 | t: 152.2s | cell ETA 13m49s (+eval)
2026-09-29 23:13:45 | B8    ports   seed47 | ep 26/31 | Reward:   200.0 | Acc: 0.891 | Eps: 0.0718->0.0646 | t: 153.8s | cell ETA 11m34s (+eval)
2026-09-29 23:16:17 | B8    ports   seed47 | ep 27/31 | Reward:   200.0 | Acc: 0.891 | Eps: 0.0646->0.0581 | t: 152.1s | cell ETA 9m17s (+eval)
2026-09-29 23:18:42 | B8    ports   seed47 | ep 28/31 | Reward:   198.0 | Acc: 0.887 | Eps: 0.0581->0.0523 | t: 145.6s | cell ETA 6m58s (+eval)
2026-09-29 23:21:02 | B8    ports   seed47 | ep 29/31 | Reward:   190.0 | Acc: 0.871 | Eps: 0.0523->0.0500 | t: 139.7s | cell ETA 4m39s (+eval)
2026-09-29 23:23:15 | B8    ports   seed47 | ep 30/31 | Reward:   190.0 | Acc: 0.871 | Eps: 0.0500->0.0500 | t: 133.0s | cell ETA 2m19s (+eval)
2026-09-29 23:25:21 | B8    ports   seed47 | ep 31/31 | Reward:   182.0 | Acc: 0.855 | Eps: 0.0500->0.0500 | t: 125.6s | cell ETA 0s (+eval)
2026-09-29 23:25:44 | B8    ports   seed47 | DONE in 1h12m | KT_F1=81.23 KT_AUC=94.83 | ZD weighted=98.31 macro=65.90
2026-09-29 23:25:58 | B9    ports   seed47 | START training
2026-09-29 23:27:58 | B9    ports   seed47 | ep  1/31 | Reward:   -12.0 | Acc: 0.477 | Eps: 1.0000->0.9000 | t: 115.3s | cell ETA 57m39s (+eval)
2026-09-29 23:29:49 | B9    ports   seed47 | ep  2/31 | Reward:     2.0 | Acc: 0.504 | Eps: 0.9000->0.8100 | t: 111.6s | cell ETA 54m50s (+eval)
2026-09-29 23:31:43 | B9    ports   seed47 | ep  3/31 | Reward:    44.0 | Acc: 0.586 | Eps: 0.8100->0.7290 | t: 113.8s | cell ETA 52m59s (+eval)
2026-09-29 23:33:36 | B9    ports   seed47 | ep  4/31 | Reward:    64.0 | Acc: 0.625 | Eps: 0.7290->0.6561 | t: 113.2s | cell ETA 51m03s (+eval)
2026-09-29 23:35:26 | B9    ports   seed47 | ep  5/31 | Reward:    78.0 | Acc: 0.652 | Eps: 0.6561->0.5905 | t: 109.2s | cell ETA 48m48s (+eval)
2026-09-29 23:37:41 | B9    ports   seed47 | ep  6/31 | Reward:   100.0 | Acc: 0.695 | Eps: 0.5905->0.5314 | t: 135.4s | cell ETA 48m30s (+eval)
2026-09-29 23:40:00 | B9    ports   seed47 | ep  7/31 | Reward:    72.0 | Acc: 0.641 | Eps: 0.5314->0.4783 | t: 139.4s | cell ETA 47m52s (+eval)
2026-09-29 23:42:16 | B9    ports   seed47 | ep  8/31 | Reward:   114.0 | Acc: 0.723 | Eps: 0.4783->0.4305 | t: 135.4s | cell ETA 46m38s (+eval)
2026-09-29 23:44:24 | B9    ports   seed47 | ep  9/31 | Reward:   130.0 | Acc: 0.754 | Eps: 0.4305->0.3874 | t: 128.2s | cell ETA 44m52s (+eval)
2026-09-29 23:46:36 | B9    ports   seed47 | ep 10/31 | Reward:   132.0 | Acc: 0.758 | Eps: 0.3874->0.3487 | t: 131.5s | cell ETA 43m09s (+eval)
2026-09-29 23:48:42 | B9    ports   seed47 | ep 11/31 | Reward:   140.0 | Acc: 0.773 | Eps: 0.3487->0.3138 | t: 126.3s | cell ETA 41m11s (+eval)
2026-09-29 23:50:46 | B9    ports   seed47 | ep 12/31 | Reward:   130.0 | Acc: 0.754 | Eps: 0.3138->0.2824 | t: 124.0s | cell ETA 39m08s (+eval)
2026-09-29 23:52:52 | B9    ports   seed47 | ep 13/31 | Reward:   152.0 | Acc: 0.797 | Eps: 0.2824->0.2542 | t: 125.7s | cell ETA 37m07s (+eval)
2026-09-29 23:54:55 | B9    ports   seed47 | ep 14/31 | Reward:   152.0 | Acc: 0.797 | Eps: 0.2542->0.2288 | t: 123.7s | cell ETA 35m03s (+eval)
2026-09-29 23:56:56 | B9    ports   seed47 | ep 15/31 | Reward:   154.0 | Acc: 0.801 | Eps: 0.2288->0.2059 | t: 120.5s | cell ETA 32m56s (+eval)
2026-09-29 23:58:52 | B9    ports   seed47 | ep 16/31 | Reward:   132.0 | Acc: 0.758 | Eps: 0.2059->0.1853 | t: 116.1s | cell ETA 30m46s (+eval)
2026-09-30 00:00:57 | B9    ports   seed47 | ep 17/31 | Reward:   176.0 | Acc: 0.844 | Eps: 0.1853->0.1668 | t: 125.2s | cell ETA 28m44s (+eval)
2026-09-30 00:03:04 | B9    ports   seed47 | ep 18/31 | Reward:   184.0 | Acc: 0.859 | Eps: 0.1668->0.1501 | t: 126.5s | cell ETA 26m44s (+eval)
2026-09-30 00:05:11 | B9    ports   seed47 | ep 19/31 | Reward:   182.0 | Acc: 0.855 | Eps: 0.1501->0.1351 | t: 127.5s | cell ETA 24m43s (+eval)
2026-09-30 00:07:17 | B9    ports   seed47 | ep 20/31 | Reward:   178.0 | Acc: 0.848 | Eps: 0.1351->0.1216 | t: 126.0s | cell ETA 22m40s (+eval)
2026-09-30 00:09:23 | B9    ports   seed47 | ep 21/31 | Reward:   184.0 | Acc: 0.859 | Eps: 0.1216->0.1094 | t: 125.8s | cell ETA 20m38s (+eval)
2026-09-30 00:11:33 | B9    ports   seed47 | ep 22/31 | Reward:   184.0 | Acc: 0.859 | Eps: 0.1094->0.0985 | t: 130.0s | cell ETA 18m36s (+eval)
2026-09-30 00:13:44 | B9    ports   seed47 | ep 23/31 | Reward:   178.0 | Acc: 0.848 | Eps: 0.0985->0.0886 | t: 131.0s | cell ETA 16m35s (+eval)
2026-09-30 00:15:45 | B9    ports   seed47 | ep 24/31 | Reward:   180.0 | Acc: 0.852 | Eps: 0.0886->0.0798 | t: 121.1s | cell ETA 14m29s (+eval)
2026-09-30 00:17:38 | B9    ports   seed47 | ep 25/31 | Reward:   176.0 | Acc: 0.844 | Eps: 0.0798->0.0718 | t: 113.0s | cell ETA 12m22s (+eval)
2026-09-30 00:19:27 | B9    ports   seed47 | ep 26/31 | Reward:   188.0 | Acc: 0.867 | Eps: 0.0718->0.0646 | t: 108.9s | cell ETA 10m16s (+eval)
2026-09-30 00:21:11 | B9    ports   seed47 | ep 27/31 | Reward:   200.0 | Acc: 0.891 | Eps: 0.0646->0.0581 | t: 103.8s | cell ETA 8m10s (+eval)
2026-09-30 00:22:55 | B9    ports   seed47 | ep 28/31 | Reward:   204.0 | Acc: 0.898 | Eps: 0.0581->0.0523 | t: 103.7s | cell ETA 6m05s (+eval)
2026-09-30 00:24:39 | B9    ports   seed47 | ep 29/31 | Reward:   184.0 | Acc: 0.859 | Eps: 0.0523->0.0500 | t: 103.9s | cell ETA 4m02s (+eval)
2026-09-30 00:26:33 | B9    ports   seed47 | ep 30/31 | Reward:   198.0 | Acc: 0.887 | Eps: 0.0500->0.0500 | t: 114.3s | cell ETA 2m01s (+eval)
2026-09-30 00:28:45 | B9    ports   seed47 | ep 31/31 | Reward:   186.0 | Acc: 0.863 | Eps: 0.0500->0.0500 | t: 131.4s | cell ETA 0s (+eval)
2026-09-30 00:29:07 | B9    ports   seed47 | DONE in 1h03m | KT_F1=83.41 KT_AUC=95.91 | ZD weighted=99.17 macro=74.33
2026-09-30 00:29:18 | B10   ports   seed47 | START training
2026-09-30 00:31:19 | B10   ports   seed47 | ep  1/31 | Reward:   -12.0 | Acc: 0.477 | Eps: 1.0000->0.9000 | t: 116.5s | cell ETA 58m15s (+eval)
2026-09-30 00:33:17 | B10   ports   seed47 | ep  2/31 | Reward:     2.0 | Acc: 0.504 | Eps: 0.9000->0.8100 | t: 117.8s | cell ETA 56m37s (+eval)
2026-09-30 00:35:20 | B10   ports   seed47 | ep  3/31 | Reward:    44.0 | Acc: 0.586 | Eps: 0.8100->0.7290 | t: 123.3s | cell ETA 55m37s (+eval)
2026-09-30 00:37:24 | B10   ports   seed47 | ep  4/31 | Reward:    64.0 | Acc: 0.625 | Eps: 0.7290->0.6561 | t: 124.4s | cell ETA 54m13s (+eval)
2026-09-30 00:39:25 | B10   ports   seed47 | ep  5/31 | Reward:    78.0 | Acc: 0.652 | Eps: 0.6561->0.5905 | t: 120.2s | cell ETA 52m11s (+eval)
2026-09-30 00:41:30 | B10   ports   seed47 | ep  6/31 | Reward:   100.0 | Acc: 0.695 | Eps: 0.5905->0.5314 | t: 125.2s | cell ETA 50m30s (+eval)
2026-09-30 00:43:36 | B10   ports   seed47 | ep  7/31 | Reward:    72.0 | Acc: 0.641 | Eps: 0.5314->0.4783 | t: 126.5s | cell ETA 48m47s (+eval)
2026-09-30 00:45:39 | B10   ports   seed47 | ep  8/31 | Reward:   114.0 | Acc: 0.723 | Eps: 0.4783->0.4305 | t: 122.3s | cell ETA 46m46s (+eval)
2026-09-30 00:47:35 | B10   ports   seed47 | ep  9/31 | Reward:   130.0 | Acc: 0.754 | Eps: 0.4305->0.3874 | t: 116.1s | cell ETA 44m30s (+eval)
2026-09-30 00:49:25 | B10   ports   seed47 | ep 10/31 | Reward:   132.0 | Acc: 0.758 | Eps: 0.3874->0.3487 | t: 110.0s | cell ETA 42m04s (+eval)
2026-09-30 00:51:04 | B10   ports   seed47 | ep 11/31 | Reward:   140.0 | Acc: 0.773 | Eps: 0.3487->0.3138 | t: 99.2s | cell ETA 39m26s (+eval)
2026-09-30 00:52:45 | B10   ports   seed47 | ep 12/31 | Reward:   130.0 | Acc: 0.754 | Eps: 0.3138->0.2824 | t: 101.3s | cell ETA 37m01s (+eval)
2026-09-30 00:54:27 | B10   ports   seed47 | ep 13/31 | Reward:   152.0 | Acc: 0.797 | Eps: 0.2824->0.2542 | t: 101.6s | cell ETA 34m43s (+eval)
2026-09-30 00:56:07 | B10   ports   seed47 | ep 14/31 | Reward:   152.0 | Acc: 0.797 | Eps: 0.2542->0.2288 | t: 100.7s | cell ETA 32m29s (+eval)
2026-09-30 00:57:43 | B10   ports   seed47 | ep 15/31 | Reward:   154.0 | Acc: 0.801 | Eps: 0.2288->0.2059 | t: 95.8s | cell ETA 30m14s (+eval)
2026-09-30 00:59:18 | B10   ports   seed47 | ep 16/31 | Reward:   132.0 | Acc: 0.758 | Eps: 0.2059->0.1853 | t: 95.2s | cell ETA 28m03s (+eval)
2026-09-30 01:01:17 | B10   ports   seed47 | ep 17/31 | Reward:   176.0 | Acc: 0.844 | Eps: 0.1853->0.1668 | t: 118.3s | cell ETA 26m16s (+eval)
2026-09-30 01:03:25 | B10   ports   seed47 | ep 18/31 | Reward:   184.0 | Acc: 0.859 | Eps: 0.1668->0.1501 | t: 128.5s | cell ETA 24m35s (+eval)
2026-09-30 01:05:36 | B10   ports   seed47 | ep 19/31 | Reward:   182.0 | Acc: 0.855 | Eps: 0.1501->0.1351 | t: 131.0s | cell ETA 22m52s (+eval)
2026-09-30 01:07:44 | B10   ports   seed47 | ep 20/31 | Reward:   178.0 | Acc: 0.848 | Eps: 0.1351->0.1216 | t: 128.2s | cell ETA 21m06s (+eval)
2026-09-30 01:09:52 | B10   ports   seed47 | ep 21/31 | Reward:   184.0 | Acc: 0.859 | Eps: 0.1216->0.1094 | t: 127.2s | cell ETA 19m16s (+eval)
2026-09-30 01:12:03 | B10   ports   seed47 | ep 22/31 | Reward:   184.0 | Acc: 0.859 | Eps: 0.1094->0.0985 | t: 130.9s | cell ETA 17m27s (+eval)
2026-09-30 01:14:14 | B10   ports   seed47 | ep 23/31 | Reward:   178.0 | Acc: 0.848 | Eps: 0.0985->0.0886 | t: 131.5s | cell ETA 15m36s (+eval)
2026-09-30 01:16:19 | B10   ports   seed47 | ep 24/31 | Reward:   180.0 | Acc: 0.852 | Eps: 0.0886->0.0798 | t: 125.2s | cell ETA 13m41s (+eval)
2026-09-30 01:18:23 | B10   ports   seed47 | ep 25/31 | Reward:   176.0 | Acc: 0.844 | Eps: 0.0798->0.0718 | t: 123.9s | cell ETA 11m45s (+eval)
2026-09-30 01:20:18 | B10   ports   seed47 | ep 26/31 | Reward:   188.0 | Acc: 0.867 | Eps: 0.0718->0.0646 | t: 114.4s | cell ETA 9m47s (+eval)
2026-09-30 01:22:05 | B10   ports   seed47 | ep 27/31 | Reward:   200.0 | Acc: 0.891 | Eps: 0.0646->0.0581 | t: 107.5s | cell ETA 7m48s (+eval)
2026-09-30 01:23:46 | B10   ports   seed47 | ep 28/31 | Reward:   204.0 | Acc: 0.898 | Eps: 0.0581->0.0523 | t: 101.4s | cell ETA 5m49s (+eval)
2026-09-30 01:25:31 | B10   ports   seed47 | ep 29/31 | Reward:   184.0 | Acc: 0.859 | Eps: 0.0523->0.0500 | t: 104.9s | cell ETA 3m52s (+eval)
2026-09-30 01:27:13 | B10   ports   seed47 | ep 30/31 | Reward:   198.0 | Acc: 0.887 | Eps: 0.0500->0.0500 | t: 101.5s | cell ETA 1m55s (+eval)
2026-09-30 01:28:50 | B10   ports   seed47 | ep 31/31 | Reward:   186.0 | Acc: 0.863 | Eps: 0.0500->0.0500 | t: 97.2s | cell ETA 0s (+eval)
2026-09-30 01:29:11 | B10   ports   seed47 | DONE in 59m53s | KT_F1=83.41 KT_AUC=95.91 | ZD weighted=99.17 macro=74.33
2026-09-30 01:29:26 | B11   ports   seed47 | START training
2026-09-30 01:31:28 | B11   ports   seed47 | ep  1/31 | Reward:  -319.0 | Acc: 0.320 | Eps: 1.0000->0.9000 | t: 116.7s | Investigations: 81 | cell ETA 58m21s (+eval)
2026-09-30 01:33:26 | B11   ports   seed47 | ep  2/31 | Reward:  -171.0 | Acc: 0.398 | Eps: 0.9000->0.8100 | t: 118.7s | Investigations: 74 | cell ETA 56m53s (+eval)
2026-09-30 01:35:28 | B11   ports   seed47 | ep  3/31 | Reward:   -88.0 | Acc: 0.465 | Eps: 0.8100->0.7290 | t: 122.0s | Investigations: 65 | cell ETA 55m35s (+eval)
2026-09-30 01:37:34 | B11   ports   seed47 | ep  4/31 | Reward:   -76.0 | Acc: 0.484 | Eps: 0.7290->0.6561 | t: 125.9s | Investigations: 64 | cell ETA 54m22s (+eval)
2026-09-30 01:39:40 | B11   ports   seed47 | ep  5/31 | Reward:   -20.0 | Acc: 0.512 | Eps: 0.6561->0.5905 | t: 126.1s | Investigations: 56 | cell ETA 52m48s (+eval)
2026-09-30 01:41:48 | B11   ports   seed47 | ep  6/31 | Reward:    78.0 | Acc: 0.613 | Eps: 0.5905->0.5314 | t: 127.9s | Investigations: 46 | cell ETA 51m12s (+eval)
2026-09-30 01:43:55 | B11   ports   seed47 | ep  7/31 | Reward:    -7.0 | Acc: 0.562 | Eps: 0.5314->0.4783 | t: 127.1s | Investigations: 44 | cell ETA 49m23s (+eval)
2026-09-30 01:46:00 | B11   ports   seed47 | ep  8/31 | Reward:    43.0 | Acc: 0.613 | Eps: 0.4783->0.4305 | t: 124.4s | Investigations: 40 | cell ETA 47m22s (+eval)
2026-09-30 01:47:59 | B11   ports   seed47 | ep  9/31 | Reward:   142.0 | Acc: 0.652 | Eps: 0.4305->0.3874 | t: 119.0s | Investigations: 32 | cell ETA 45m07s (+eval)
2026-09-30 01:49:53 | B11   ports   seed47 | ep 10/31 | Reward:   119.0 | Acc: 0.664 | Eps: 0.3874->0.3487 | t: 114.0s | Investigations: 25 | cell ETA 42m45s (+eval)
2026-09-30 01:51:38 | B11   ports   seed47 | ep 11/31 | Reward:   222.0 | Acc: 0.707 | Eps: 0.3487->0.3138 | t: 105.2s | Investigations: 28 | cell ETA 40m12s (+eval)
2026-09-30 01:53:21 | B11   ports   seed47 | ep 12/31 | Reward:   148.0 | Acc: 0.680 | Eps: 0.3138->0.2824 | t: 103.1s | Investigations: 30 | cell ETA 37m44s (+eval)
2026-09-30 01:55:05 | B11   ports   seed47 | ep 13/31 | Reward:   312.0 | Acc: 0.785 | Eps: 0.2824->0.2542 | t: 104.3s | Investigations: 20 | cell ETA 35m24s (+eval)
2026-09-30 01:56:49 | B11   ports   seed47 | ep 14/31 | Reward:   271.0 | Acc: 0.758 | Eps: 0.2542->0.2288 | t: 103.4s | Investigations: 23 | cell ETA 33m08s (+eval)
2026-09-30 01:58:35 | B11   ports   seed47 | ep 15/31 | Reward:   225.0 | Acc: 0.734 | Eps: 0.2288->0.2059 | t: 106.5s | Investigations: 23 | cell ETA 31m00s (+eval)
2026-09-30 02:00:47 | B11   ports   seed47 | ep 16/31 | Reward:   331.0 | Acc: 0.789 | Eps: 0.2059->0.1853 | t: 131.3s | Investigations: 17 | cell ETA 29m18s (+eval)
2026-09-30 02:02:59 | B11   ports   seed47 | ep 17/31 | Reward:   381.0 | Acc: 0.816 | Eps: 0.1853->0.1668 | t: 132.2s | Investigations: 15 | cell ETA 27m33s (+eval)
2026-09-30 02:05:11 | B11   ports   seed47 | ep 18/31 | Reward:   375.0 | Acc: 0.832 | Eps: 0.1668->0.1501 | t: 132.3s | Investigations: 10 | cell ETA 25m45s (+eval)
2026-09-30 02:07:25 | B11   ports   seed47 | ep 19/31 | Reward:   364.0 | Acc: 0.816 | Eps: 0.1501->0.1351 | t: 133.5s | Investigations: 16 | cell ETA 23m55s (+eval)
2026-09-30 02:09:36 | B11   ports   seed47 | ep 20/31 | Reward:   427.0 | Acc: 0.863 | Eps: 0.1351->0.1216 | t: 131.3s | Investigations: 10 | cell ETA 22m02s (+eval)
2026-09-30 02:11:48 | B11   ports   seed47 | ep 21/31 | Reward:   365.0 | Acc: 0.852 | Eps: 0.1216->0.1094 | t: 131.7s | Investigations: 8 | cell ETA 20m07s (+eval)
2026-09-30 02:14:01 | B11   ports   seed47 | ep 22/31 | Reward:   392.0 | Acc: 0.863 | Eps: 0.1094->0.0985 | t: 133.0s | Investigations: 6 | cell ETA 18m12s (+eval)
2026-09-30 02:16:13 | B11   ports   seed47 | ep 23/31 | Reward:   329.0 | Acc: 0.844 | Eps: 0.0985->0.0886 | t: 132.6s | Investigations: 9 | cell ETA 16m14s (+eval)
2026-09-30 02:18:20 | B11   ports   seed47 | ep 24/31 | Reward:   380.0 | Acc: 0.859 | Eps: 0.0886->0.0798 | t: 126.5s | Investigations: 5 | cell ETA 14m14s (+eval)
2026-09-30 02:20:17 | B11   ports   seed47 | ep 25/31 | Reward:   374.0 | Acc: 0.828 | Eps: 0.0798->0.0718 | t: 117.3s | Investigations: 11 | cell ETA 12m11s (+eval)
2026-09-30 02:22:08 | B11   ports   seed47 | ep 26/31 | Reward:   467.0 | Acc: 0.906 | Eps: 0.0718->0.0646 | t: 110.3s | Investigations: 3 | cell ETA 10m06s (+eval)
2026-09-30 02:23:47 | B11   ports   seed47 | ep 27/31 | Reward:   478.0 | Acc: 0.898 | Eps: 0.0646->0.0581 | t: 99.2s | Investigations: 1 | cell ETA 8m02s (+eval)
2026-09-30 02:25:28 | B11   ports   seed47 | ep 28/31 | Reward:   285.0 | Acc: 0.844 | Eps: 0.0581->0.0523 | t: 100.8s | Investigations: 6 | cell ETA 5m59s (+eval)
2026-09-30 02:27:11 | B11   ports   seed47 | ep 29/31 | Reward:   566.0 | Acc: 0.934 | Eps: 0.0523->0.0500 | t: 103.5s | Investigations: 3 | cell ETA 3m58s (+eval)
2026-09-30 02:28:55 | B11   ports   seed47 | ep 30/31 | Reward:   460.0 | Acc: 0.883 | Eps: 0.0500->0.0500 | t: 104.3s | Investigations: 8 | cell ETA 1m58s (+eval)
2026-09-30 02:30:39 | B11   ports   seed47 | ep 31/31 | Reward:   372.0 | Acc: 0.879 | Eps: 0.0500->0.0500 | t: 103.8s | Investigations: 4 | cell ETA 0s (+eval)
2026-09-30 02:31:00 | B11   ports   seed47 | DONE in 1h01m | KT_F1=84.46 KT_AUC=94.66 | ZD weighted=97.18 macro=63.25
2026-09-30 02:31:04 | rf    ports   seed47 | START supervised
2026-09-30 02:45:43 | rf    ports   seed47 | [rf] Known-Test Recall=97.08%  ROC-AUC=99.69%  |  Weighted-ZD=65.05%  Macro-ZD=48.63%  (878s)
2026-09-30 02:45:43 | rf    ports   seed47 | DONE in 14m39s -> C:\Users\Dr. Zarepour\Desktop\RL_IDS\Codes\experiments\MULTISEED\runs\supervised\rf\ports\seed47
2026-09-30 02:45:48 | xgb   ports   seed47 | START supervised
2026-09-30 02:50:54 | xgb   ports   seed47 | [xgb] Known-Test Recall=97.12%  ROC-AUC=99.67%  |  Weighted-ZD=64.13%  Macro-ZD=45.49%  (305s)
2026-09-30 02:50:54 | xgb   ports   seed47 | DONE in 5m06s -> C:\Users\Dr. Zarepour\Desktop\RL_IDS\Codes\experiments\MULTISEED\runs\supervised\xgb\ports\seed47
2026-09-30 02:50:58 | mlp   ports   seed47 | START supervised
2026-09-30 02:54:38 | mlp   ports   seed47 | [mlp] Known-Test Recall=95.0%  ROC-AUC=99.17%  |  Weighted-ZD=94.85%  Macro-ZD=51.1%  (218s)
2026-09-30 02:54:38 | mlp   ports   seed47 | DONE in 3m39s -> C:\Users\Dr. Zarepour\Desktop\RL_IDS\Codes\experiments\MULTISEED\runs\supervised\mlp\ports\seed47
2026-09-30 02:54:42 | lstm  ports   seed47 | START supervised
2026-09-30 04:30:16 | lstm  ports   seed47 | [lstm] Known-Test Recall=94.43%  ROC-AUC=99.2%  |  Weighted-ZD=92.45%  Macro-ZD=38.76%  (5733s)
2026-09-30 04:30:16 | lstm  ports   seed47 | DONE in 1h35m -> C:\Users\Dr. Zarepour\Desktop\RL_IDS\Codes\experiments\MULTISEED\runs\supervised\lstm\ports\seed47
2026-09-30 04:30:24 | B0    ports   seed48 | START training
2026-09-30 04:31:46 | B0    ports   seed48 | ep  1/31 | Reward:   108.0 | Acc: 0.711 | Eps: 0.3806 | t: 81.0s | cell ETA 40m30s (+eval)
2026-09-30 04:33:15 | B0    ports   seed48 | ep  2/31 | Reward:   166.0 | Acc: 0.824 | Eps: 0.1364 | t: 88.1s | cell ETA 40m51s (+eval)
2026-09-30 04:34:47 | B0    ports   seed48 | ep  3/31 | Reward:   190.0 | Acc: 0.871 | Eps: 0.0500 | t: 92.4s | cell ETA 40m40s (+eval)
2026-09-30 04:36:20 | B0    ports   seed48 | ep  4/31 | Reward:   202.0 | Acc: 0.895 | Eps: 0.0500 | t: 93.3s | cell ETA 39m54s (+eval)
2026-09-30 04:37:53 | B0    ports   seed48 | ep  5/31 | Reward:   214.0 | Acc: 0.918 | Eps: 0.0500 | t: 93.0s | cell ETA 38m48s (+eval)
2026-09-30 04:39:27 | B0    ports   seed48 | ep  6/31 | Reward:   212.0 | Acc: 0.914 | Eps: 0.0500 | t: 93.3s | cell ETA 37m34s (+eval)
2026-09-30 04:41:00 | B0    ports   seed48 | ep  7/31 | Reward:   210.0 | Acc: 0.910 | Eps: 0.0500 | t: 93.2s | cell ETA 36m14s (+eval)
2026-09-30 04:42:33 | B0    ports   seed48 | ep  8/31 | Reward:   232.0 | Acc: 0.953 | Eps: 0.0500 | t: 93.6s | cell ETA 34m52s (+eval)
2026-09-30 04:44:05 | B0    ports   seed48 | ep  9/31 | Reward:   226.0 | Acc: 0.941 | Eps: 0.0500 | t: 91.2s | cell ETA 33m22s (+eval)
2026-09-30 04:45:29 | B0    ports   seed48 | ep 10/31 | Reward:   212.0 | Acc: 0.914 | Eps: 0.0500 | t: 84.3s | cell ETA 31m37s (+eval)
2026-09-30 04:46:44 | B0    ports   seed48 | ep 11/31 | Reward:   218.0 | Acc: 0.926 | Eps: 0.0500 | t: 75.2s | cell ETA 29m39s (+eval)
2026-09-30 04:47:57 | B0    ports   seed48 | ep 12/31 | Reward:   210.0 | Acc: 0.910 | Eps: 0.0500 | t: 73.2s | cell ETA 27m45s (+eval)
2026-09-30 04:49:11 | B0    ports   seed48 | ep 13/31 | Reward:   216.0 | Acc: 0.922 | Eps: 0.0500 | t: 73.9s | cell ETA 25m58s (+eval)
2026-09-30 04:50:25 | B0    ports   seed48 | ep 14/31 | Reward:   230.0 | Acc: 0.949 | Eps: 0.0500 | t: 73.8s | cell ETA 24m16s (+eval)
2026-09-30 04:51:39 | B0    ports   seed48 | ep 15/31 | Reward:   220.0 | Acc: 0.930 | Eps: 0.0500 | t: 73.6s | cell ETA 22m37s (+eval)
2026-09-30 04:52:53 | B0    ports   seed48 | ep 16/31 | Reward:   210.0 | Acc: 0.910 | Eps: 0.0500 | t: 74.2s | cell ETA 21m03s (+eval)
2026-09-30 04:54:26 | B0    ports   seed48 | ep 17/31 | Reward:   230.0 | Acc: 0.949 | Eps: 0.0500 | t: 92.8s | cell ETA 19m45s (+eval)
2026-09-30 04:55:59 | B0    ports   seed48 | ep 18/31 | Reward:   232.0 | Acc: 0.953 | Eps: 0.0500 | t: 93.4s | cell ETA 18m27s (+eval)
2026-09-30 04:57:33 | B0    ports   seed48 | ep 19/31 | Reward:   230.0 | Acc: 0.949 | Eps: 0.0500 | t: 93.7s | cell ETA 17m07s (+eval)
2026-09-30 04:59:06 | B0    ports   seed48 | ep 20/31 | Reward:   226.0 | Acc: 0.941 | Eps: 0.0500 | t: 93.6s | cell ETA 15m46s (+eval)
2026-09-30 05:00:39 | B0    ports   seed48 | ep 21/31 | Reward:   226.0 | Acc: 0.941 | Eps: 0.0500 | t: 92.2s | cell ETA 14m23s (+eval)
2026-09-30 05:02:12 | B0    ports   seed48 | ep 22/31 | Reward:   228.0 | Acc: 0.945 | Eps: 0.0500 | t: 93.7s | cell ETA 13m00s (+eval)
2026-09-30 05:03:46 | B0    ports   seed48 | ep 23/31 | Reward:   230.0 | Acc: 0.949 | Eps: 0.0500 | t: 93.4s | cell ETA 11m35s (+eval)
2026-09-30 05:05:19 | B0    ports   seed48 | ep 24/31 | Reward:   220.0 | Acc: 0.930 | Eps: 0.0500 | t: 93.7s | cell ETA 10m10s (+eval)
2026-09-30 05:06:56 | B0    ports   seed48 | ep 25/31 | Reward:   224.0 | Acc: 0.938 | Eps: 0.0500 | t: 96.4s | cell ETA 8m45s (+eval)
2026-09-30 05:08:31 | B0    ports   seed48 | ep 26/31 | Reward:   216.0 | Acc: 0.922 | Eps: 0.0500 | t: 95.4s | cell ETA 7m19s (+eval)
2026-09-30 05:10:02 | B0    ports   seed48 | ep 27/31 | Reward:   216.0 | Acc: 0.922 | Eps: 0.0500 | t: 90.9s | cell ETA 5m52s (+eval)
2026-09-30 05:11:24 | B0    ports   seed48 | ep 28/31 | Reward:   230.0 | Acc: 0.949 | Eps: 0.0500 | t: 82.3s | cell ETA 4m23s (+eval)
2026-09-30 05:12:39 | B0    ports   seed48 | ep 29/31 | Reward:   224.0 | Acc: 0.938 | Eps: 0.0500 | t: 74.8s | cell ETA 2m54s (+eval)
2026-09-30 05:13:53 | B0    ports   seed48 | ep 30/31 | Reward:   230.0 | Acc: 0.949 | Eps: 0.0500 | t: 73.3s | cell ETA 1m26s (+eval)
2026-09-30 05:15:05 | B0    ports   seed48 | ep 31/31 | Reward:   234.0 | Acc: 0.957 | Eps: 0.0500 | t: 72.8s | cell ETA 0s (+eval)
2026-09-30 05:15:22 | B0    ports   seed48 | DONE in 44m58s | KT_F1=86.37 KT_AUC=94.67 | ZD weighted=87.66 macro=55.96
2026-09-30 05:15:28 | B1    ports   seed48 | START training
2026-09-30 05:16:45 | B1    ports   seed48 | ep  1/31 | reward=106.0 | acc=0.707 | eps=0.381 | t=75.8s | cell ETA 37m54s (+eval)
2026-09-30 05:18:03 | B1    ports   seed48 | ep  2/31 | reward=170.0 | acc=0.832 | eps=0.136 | t=77.6s | cell ETA 37m04s (+eval)
2026-09-30 05:19:22 | B1    ports   seed48 | ep  3/31 | reward=200.0 | acc=0.891 | eps=0.050 | t=79.5s | cell ETA 36m13s (+eval)
2026-09-30 05:20:42 | B1    ports   seed48 | ep  4/31 | reward=208.0 | acc=0.906 | eps=0.050 | t=79.3s | cell ETA 35m07s (+eval)
2026-09-30 05:22:20 | B1    ports   seed48 | ep  5/31 | reward=216.0 | acc=0.922 | eps=0.050 | t=98.4s | cell ETA 35m35s (+eval)
2026-09-30 05:24:05 | B1    ports   seed48 | ep  6/31 | reward=216.0 | acc=0.922 | eps=0.050 | t=104.9s | cell ETA 35m47s (+eval)
2026-09-30 05:25:50 | B1    ports   seed48 | ep  7/31 | reward=216.0 | acc=0.922 | eps=0.050 | t=104.8s | cell ETA 35m26s (+eval)
2026-09-30 05:27:35 | B1    ports   seed48 | ep  8/31 | reward=228.0 | acc=0.945 | eps=0.050 | t=105.0s | cell ETA 34m45s (+eval)
2026-09-30 05:29:20 | B1    ports   seed48 | ep  9/31 | reward=226.0 | acc=0.941 | eps=0.050 | t=104.9s | cell ETA 33m49s (+eval)
2026-09-30 05:31:04 | B1    ports   seed48 | ep 10/31 | reward=218.0 | acc=0.926 | eps=0.050 | t=104.7s | cell ETA 32m43s (+eval)
2026-09-30 05:32:49 | B1    ports   seed48 | ep 11/31 | reward=206.0 | acc=0.902 | eps=0.050 | t=104.6s | cell ETA 31m30s (+eval)
2026-09-30 05:34:34 | B1    ports   seed48 | ep 12/31 | reward=214.0 | acc=0.918 | eps=0.050 | t=104.7s | cell ETA 30m11s (+eval)
2026-09-30 05:36:11 | B1    ports   seed48 | ep 13/31 | reward=216.0 | acc=0.922 | eps=0.050 | t=97.2s | cell ETA 28m38s (+eval)
2026-09-30 05:37:42 | B1    ports   seed48 | ep 14/31 | reward=228.0 | acc=0.945 | eps=0.050 | t=90.8s | cell ETA 26m57s (+eval)
2026-09-30 05:39:08 | B1    ports   seed48 | ep 15/31 | reward=212.0 | acc=0.914 | eps=0.050 | t=86.7s | cell ETA 25m13s (+eval)
2026-09-30 05:40:28 | B1    ports   seed48 | ep 16/31 | reward=204.0 | acc=0.898 | eps=0.050 | t=79.9s | cell ETA 23m25s (+eval)
2026-09-30 05:41:48 | B1    ports   seed48 | ep 17/31 | reward=226.0 | acc=0.941 | eps=0.050 | t=79.3s | cell ETA 21m39s (+eval)
2026-09-30 05:43:07 | B1    ports   seed48 | ep 18/31 | reward=228.0 | acc=0.945 | eps=0.050 | t=79.2s | cell ETA 19m56s (+eval)
2026-09-30 05:44:26 | B1    ports   seed48 | ep 19/31 | reward=224.0 | acc=0.938 | eps=0.050 | t=79.0s | cell ETA 18m16s (+eval)
2026-09-30 05:45:45 | B1    ports   seed48 | ep 20/31 | reward=218.0 | acc=0.926 | eps=0.050 | t=79.3s | cell ETA 16m38s (+eval)
2026-09-30 05:47:04 | B1    ports   seed48 | ep 21/31 | reward=224.0 | acc=0.938 | eps=0.050 | t=79.0s | cell ETA 15m02s (+eval)
2026-09-30 05:48:25 | B1    ports   seed48 | ep 22/31 | reward=226.0 | acc=0.941 | eps=0.050 | t=80.7s | cell ETA 13m28s (+eval)
2026-09-30 05:50:11 | B1    ports   seed48 | ep 23/31 | reward=218.0 | acc=0.926 | eps=0.050 | t=105.6s | cell ETA 12m03s (+eval)
2026-09-30 05:51:55 | B1    ports   seed48 | ep 24/31 | reward=216.0 | acc=0.922 | eps=0.050 | t=104.5s | cell ETA 10m37s (+eval)
2026-09-30 05:53:39 | B1    ports   seed48 | ep 25/31 | reward=214.0 | acc=0.918 | eps=0.050 | t=104.4s | cell ETA 9m09s (+eval)
2026-09-30 05:55:24 | B1    ports   seed48 | ep 26/31 | reward=212.0 | acc=0.914 | eps=0.050 | t=104.7s | cell ETA 7m40s (+eval)
2026-09-30 05:57:09 | B1    ports   seed48 | ep 27/31 | reward=210.0 | acc=0.910 | eps=0.050 | t=104.8s | cell ETA 6m10s (+eval)
2026-09-30 05:58:55 | B1    ports   seed48 | ep 28/31 | reward=216.0 | acc=0.922 | eps=0.050 | t=105.6s | cell ETA 4m39s (+eval)
2026-09-30 06:00:40 | B1    ports   seed48 | ep 29/31 | reward=222.0 | acc=0.934 | eps=0.050 | t=105.9s | cell ETA 3m06s (+eval)
2026-09-30 06:02:21 | B1    ports   seed48 | ep 30/31 | reward=222.0 | acc=0.934 | eps=0.050 | t=100.6s | cell ETA 1m33s (+eval)
2026-09-30 06:03:55 | B1    ports   seed48 | ep 31/31 | reward=224.0 | acc=0.938 | eps=0.050 | t=94.0s | cell ETA 0s (+eval)
2026-09-30 06:04:13 | B1    ports   seed48 | DONE in 48m45s | KT_F1=78.73 KT_AUC=77.47 | ZD weighted=90.79 macro=45.06
2026-09-30 06:04:20 | B2    ports   seed48 | START training
2026-09-30 06:05:40 | B2    ports   seed48 | ep  1/31 | reward=20.0 | acc=0.539 | eps=0.900 | t=78.7s | cell ETA 39m21s (+eval)
2026-09-30 06:06:56 | B2    ports   seed48 | ep  2/31 | reward=22.0 | acc=0.543 | eps=0.810 | t=75.9s | cell ETA 37m21s (+eval)
2026-09-30 06:08:12 | B2    ports   seed48 | ep  3/31 | reward=24.0 | acc=0.547 | eps=0.729 | t=76.0s | cell ETA 35m52s (+eval)
2026-09-30 06:09:28 | B2    ports   seed48 | ep  4/31 | reward=62.0 | acc=0.621 | eps=0.656 | t=75.9s | cell ETA 34m28s (+eval)
2026-09-30 06:10:44 | B2    ports   seed48 | ep  5/31 | reward=82.0 | acc=0.660 | eps=0.590 | t=76.2s | cell ETA 33m10s (+eval)
2026-09-30 06:12:01 | B2    ports   seed48 | ep  6/31 | reward=80.0 | acc=0.656 | eps=0.531 | t=76.6s | cell ETA 31m53s (+eval)
2026-09-30 06:13:18 | B2    ports   seed48 | ep  7/31 | reward=114.0 | acc=0.723 | eps=0.478 | t=77.5s | cell ETA 30m40s (+eval)
2026-09-30 06:14:56 | B2    ports   seed48 | ep  8/31 | reward=140.0 | acc=0.773 | eps=0.430 | t=98.2s | cell ETA 30m25s (+eval)
2026-09-30 06:16:36 | B2    ports   seed48 | ep  9/31 | reward=158.0 | acc=0.809 | eps=0.387 | t=99.9s | cell ETA 29m56s (+eval)
2026-09-30 06:18:16 | B2    ports   seed48 | ep 10/31 | reward=132.0 | acc=0.758 | eps=0.349 | t=99.5s | cell ETA 29m12s (+eval)
2026-09-30 06:19:56 | B2    ports   seed48 | ep 11/31 | reward=142.0 | acc=0.777 | eps=0.314 | t=100.1s | cell ETA 28m19s (+eval)
2026-09-30 06:21:36 | B2    ports   seed48 | ep 12/31 | reward=160.0 | acc=0.812 | eps=0.282 | t=100.5s | cell ETA 27m18s (+eval)
2026-09-30 06:23:17 | B2    ports   seed48 | ep 13/31 | reward=172.0 | acc=0.836 | eps=0.254 | t=100.4s | cell ETA 26m12s (+eval)
2026-09-30 06:24:57 | B2    ports   seed48 | ep 14/31 | reward=178.0 | acc=0.848 | eps=0.229 | t=100.6s | cell ETA 25m00s (+eval)
2026-09-30 06:26:38 | B2    ports   seed48 | ep 15/31 | reward=166.0 | acc=0.824 | eps=0.206 | t=100.7s | cell ETA 23m45s (+eval)
2026-09-30 06:27:53 | B2    ports   seed48 | ep 16/31 | reward=172.0 | acc=0.836 | eps=0.185 | t=75.2s | cell ETA 22m03s (+eval)
2026-09-30 06:29:04 | B2    ports   seed48 | ep 17/31 | reward=202.0 | acc=0.895 | eps=0.167 | t=70.5s | cell ETA 20m20s (+eval)
2026-09-30 06:30:11 | B2    ports   seed48 | ep 18/31 | reward=182.0 | acc=0.855 | eps=0.150 | t=67.2s | cell ETA 18m39s (+eval)
2026-09-30 06:31:15 | B2    ports   seed48 | ep 19/31 | reward=210.0 | acc=0.910 | eps=0.135 | t=63.9s | cell ETA 16m59s (+eval)
2026-09-30 06:32:17 | B2    ports   seed48 | ep 20/31 | reward=198.0 | acc=0.887 | eps=0.122 | t=62.0s | cell ETA 15m21s (+eval)
2026-09-30 06:33:18 | B2    ports   seed48 | ep 21/31 | reward=208.0 | acc=0.906 | eps=0.109 | t=60.6s | cell ETA 13m46s (+eval)
2026-09-30 06:34:18 | B2    ports   seed48 | ep 22/31 | reward=200.0 | acc=0.891 | eps=0.098 | t=60.3s | cell ETA 12m14s (+eval)
2026-09-30 06:35:18 | B2    ports   seed48 | ep 23/31 | reward=190.0 | acc=0.871 | eps=0.089 | t=60.2s | cell ETA 10m45s (+eval)
2026-09-30 06:36:18 | B2    ports   seed48 | ep 24/31 | reward=194.0 | acc=0.879 | eps=0.080 | t=60.1s | cell ETA 9m19s (+eval)
2026-09-30 06:37:18 | B2    ports   seed48 | ep 25/31 | reward=216.0 | acc=0.922 | eps=0.072 | t=60.3s | cell ETA 7m54s (+eval)
2026-09-30 06:38:19 | B2    ports   seed48 | ep 26/31 | reward=220.0 | acc=0.930 | eps=0.065 | t=60.5s | cell ETA 6m31s (+eval)
2026-09-30 06:39:31 | B2    ports   seed48 | ep 27/31 | reward=206.0 | acc=0.902 | eps=0.058 | t=72.5s | cell ETA 5m12s (+eval)
2026-09-30 06:40:44 | B2    ports   seed48 | ep 28/31 | reward=216.0 | acc=0.922 | eps=0.052 | t=73.0s | cell ETA 3m53s (+eval)
2026-09-30 06:41:57 | B2    ports   seed48 | ep 29/31 | reward=230.0 | acc=0.949 | eps=0.050 | t=72.5s | cell ETA 2m35s (+eval)
2026-09-30 06:43:09 | B2    ports   seed48 | ep 30/31 | reward=218.0 | acc=0.926 | eps=0.050 | t=72.5s | cell ETA 1m17s (+eval)
2026-09-30 06:44:22 | B2    ports   seed48 | ep 31/31 | reward=222.0 | acc=0.934 | eps=0.050 | t=72.7s | cell ETA 0s (+eval)
2026-09-30 06:44:38 | B2    ports   seed48 | DONE in 40m18s | KT_F1=77.39 KT_AUC=82.83 | ZD weighted=96.98 macro=57.82
2026-09-30 06:44:43 | B3    ports   seed48 | START training
2026-09-30 06:45:50 | B3    ports   seed48 | ep  1/31 | reward=20.0 | acc=0.539 | eps=0.900 | t=66.1s | cell ETA 33m02s (+eval)
2026-09-30 06:46:57 | B3    ports   seed48 | ep  2/31 | reward=22.0 | acc=0.543 | eps=0.810 | t=66.3s | cell ETA 31m59s (+eval)
2026-09-30 06:48:04 | B3    ports   seed48 | ep  3/31 | reward=24.0 | acc=0.547 | eps=0.729 | t=67.5s | cell ETA 31m05s (+eval)
2026-09-30 06:49:12 | B3    ports   seed48 | ep  4/31 | reward=62.0 | acc=0.621 | eps=0.656 | t=68.1s | cell ETA 30m09s (+eval)
2026-09-30 06:50:20 | B3    ports   seed48 | ep  5/31 | reward=82.0 | acc=0.660 | eps=0.590 | t=67.2s | cell ETA 29m03s (+eval)
2026-09-30 06:51:25 | B3    ports   seed48 | ep  6/31 | reward=76.0 | acc=0.648 | eps=0.531 | t=65.0s | cell ETA 27m47s (+eval)
2026-09-30 06:52:26 | B3    ports   seed48 | ep  7/31 | reward=116.0 | acc=0.727 | eps=0.478 | t=61.3s | cell ETA 26m22s (+eval)
2026-09-30 06:53:26 | B3    ports   seed48 | ep  8/31 | reward=142.0 | acc=0.777 | eps=0.430 | t=59.8s | cell ETA 24m58s (+eval)
2026-09-30 06:54:25 | B3    ports   seed48 | ep  9/31 | reward=158.0 | acc=0.809 | eps=0.387 | t=59.2s | cell ETA 23m39s (+eval)
2026-09-30 06:55:24 | B3    ports   seed48 | ep 10/31 | reward=130.0 | acc=0.754 | eps=0.349 | t=58.9s | cell ETA 22m22s (+eval)
2026-09-30 06:56:23 | B3    ports   seed48 | ep 11/31 | reward=140.0 | acc=0.773 | eps=0.314 | t=59.2s | cell ETA 21m10s (+eval)
2026-09-30 06:57:23 | B3    ports   seed48 | ep 12/31 | reward=164.0 | acc=0.820 | eps=0.282 | t=59.4s | cell ETA 20m00s (+eval)
2026-09-30 06:58:22 | B3    ports   seed48 | ep 13/31 | reward=168.0 | acc=0.828 | eps=0.254 | t=59.5s | cell ETA 18m51s (+eval)
2026-09-30 06:59:22 | B3    ports   seed48 | ep 14/31 | reward=176.0 | acc=0.844 | eps=0.229 | t=59.7s | cell ETA 17m45s (+eval)
2026-09-30 07:00:22 | B3    ports   seed48 | ep 15/31 | reward=164.0 | acc=0.820 | eps=0.206 | t=60.0s | cell ETA 16m39s (+eval)
2026-09-30 07:01:22 | B3    ports   seed48 | ep 16/31 | reward=174.0 | acc=0.840 | eps=0.185 | t=60.5s | cell ETA 15m35s (+eval)
2026-09-30 07:02:22 | B3    ports   seed48 | ep 17/31 | reward=204.0 | acc=0.898 | eps=0.167 | t=60.2s | cell ETA 14m31s (+eval)
2026-09-30 07:03:21 | B3    ports   seed48 | ep 18/31 | reward=182.0 | acc=0.855 | eps=0.150 | t=59.0s | cell ETA 13m26s (+eval)
2026-09-30 07:04:20 | B3    ports   seed48 | ep 19/31 | reward=210.0 | acc=0.910 | eps=0.135 | t=58.1s | cell ETA 12m22s (+eval)
2026-09-30 07:05:17 | B3    ports   seed48 | ep 20/31 | reward=198.0 | acc=0.887 | eps=0.122 | t=57.5s | cell ETA 11m17s (+eval)
2026-09-30 07:06:15 | B3    ports   seed48 | ep 21/31 | reward=208.0 | acc=0.906 | eps=0.109 | t=57.6s | cell ETA 10m14s (+eval)
2026-09-30 07:07:12 | B3    ports   seed48 | ep 22/31 | reward=198.0 | acc=0.887 | eps=0.098 | t=57.7s | cell ETA 9m11s (+eval)
2026-09-30 07:08:10 | B3    ports   seed48 | ep 23/31 | reward=192.0 | acc=0.875 | eps=0.089 | t=57.7s | cell ETA 8m08s (+eval)
2026-09-30 07:09:08 | B3    ports   seed48 | ep 24/31 | reward=196.0 | acc=0.883 | eps=0.080 | t=57.7s | cell ETA 7m06s (+eval)
2026-09-30 07:10:06 | B3    ports   seed48 | ep 25/31 | reward=216.0 | acc=0.922 | eps=0.072 | t=58.6s | cell ETA 6m05s (+eval)
2026-09-30 07:11:06 | B3    ports   seed48 | ep 26/31 | reward=220.0 | acc=0.930 | eps=0.065 | t=59.3s | cell ETA 5m04s (+eval)
2026-09-30 07:12:05 | B3    ports   seed48 | ep 27/31 | reward=210.0 | acc=0.910 | eps=0.058 | t=59.4s | cell ETA 4m03s (+eval)
2026-09-30 07:13:03 | B3    ports   seed48 | ep 28/31 | reward=218.0 | acc=0.926 | eps=0.052 | t=58.1s | cell ETA 3m01s (+eval)
2026-09-30 07:14:03 | B3    ports   seed48 | ep 29/31 | reward=234.0 | acc=0.957 | eps=0.050 | t=59.6s | cell ETA 2m01s (+eval)
2026-09-30 07:15:19 | B3    ports   seed48 | ep 30/31 | reward=218.0 | acc=0.926 | eps=0.050 | t=75.8s | cell ETA 1m01s (+eval)
2026-09-30 07:16:17 | B3    ports   seed48 | ep 31/31 | reward=226.0 | acc=0.941 | eps=0.050 | t=58.0s | cell ETA 0s (+eval)
2026-09-30 07:16:31 | B3    ports   seed48 | DONE in 31m47s | KT_F1=79.92 KT_AUC=75.79 | ZD weighted=92.02 macro=43.41
2026-09-30 07:16:35 | B4    ports   seed48 | START training
2026-09-30 07:17:32 | B4    ports   seed48 | ep  1/31 | Reward:    20.0 | Acc: 0.539 | Eps: 1.0000->0.9000 | t: 56.0s | cell ETA 28m00s (+eval)
2026-09-30 07:18:28 | B4    ports   seed48 | ep  2/31 | Reward:    24.0 | Acc: 0.547 | Eps: 0.9000->0.8100 | t: 56.5s | cell ETA 27m11s (+eval)
2026-09-30 07:19:25 | B4    ports   seed48 | ep  3/31 | Reward:    26.0 | Acc: 0.551 | Eps: 0.8100->0.7290 | t: 57.0s | cell ETA 26m22s (+eval)
2026-09-30 07:20:21 | B4    ports   seed48 | ep  4/31 | Reward:    62.0 | Acc: 0.621 | Eps: 0.7290->0.6561 | t: 56.1s | cell ETA 25m22s (+eval)
2026-09-30 07:21:18 | B4    ports   seed48 | ep  5/31 | Reward:    80.0 | Acc: 0.656 | Eps: 0.6561->0.5905 | t: 56.3s | cell ETA 24m25s (+eval)
2026-09-30 07:22:15 | B4    ports   seed48 | ep  6/31 | Reward:    82.0 | Acc: 0.660 | Eps: 0.5905->0.5314 | t: 56.8s | cell ETA 23m31s (+eval)
2026-09-30 07:23:12 | B4    ports   seed48 | ep  7/31 | Reward:   118.0 | Acc: 0.730 | Eps: 0.5314->0.4783 | t: 57.1s | cell ETA 22m37s (+eval)
2026-09-30 07:24:09 | B4    ports   seed48 | ep  8/31 | Reward:   142.0 | Acc: 0.777 | Eps: 0.4783->0.4305 | t: 57.1s | cell ETA 21m42s (+eval)
2026-09-30 07:25:06 | B4    ports   seed48 | ep  9/31 | Reward:   158.0 | Acc: 0.809 | Eps: 0.4305->0.3874 | t: 57.6s | cell ETA 20m47s (+eval)
2026-09-30 07:26:04 | B4    ports   seed48 | ep 10/31 | Reward:   130.0 | Acc: 0.754 | Eps: 0.3874->0.3487 | t: 57.4s | cell ETA 19m52s (+eval)
2026-09-30 07:27:02 | B4    ports   seed48 | ep 11/31 | Reward:   158.0 | Acc: 0.809 | Eps: 0.3487->0.3138 | t: 58.0s | cell ETA 18m58s (+eval)
2026-09-30 07:28:00 | B4    ports   seed48 | ep 12/31 | Reward:   168.0 | Acc: 0.828 | Eps: 0.3138->0.2824 | t: 57.9s | cell ETA 18m02s (+eval)
2026-09-30 07:28:58 | B4    ports   seed48 | ep 13/31 | Reward:   176.0 | Acc: 0.844 | Eps: 0.2824->0.2542 | t: 58.1s | cell ETA 17m07s (+eval)
2026-09-30 07:29:56 | B4    ports   seed48 | ep 14/31 | Reward:   174.0 | Acc: 0.840 | Eps: 0.2542->0.2288 | t: 58.2s | cell ETA 16m11s (+eval)
2026-09-30 07:30:54 | B4    ports   seed48 | ep 15/31 | Reward:   162.0 | Acc: 0.816 | Eps: 0.2288->0.2059 | t: 58.4s | cell ETA 15m15s (+eval)
2026-09-30 07:31:53 | B4    ports   seed48 | ep 16/31 | Reward:   182.0 | Acc: 0.855 | Eps: 0.2059->0.1853 | t: 58.6s | cell ETA 14m19s (+eval)
2026-09-30 07:32:52 | B4    ports   seed48 | ep 17/31 | Reward:   210.0 | Acc: 0.910 | Eps: 0.1853->0.1668 | t: 58.5s | cell ETA 13m23s (+eval)
2026-09-30 07:33:50 | B4    ports   seed48 | ep 18/31 | Reward:   182.0 | Acc: 0.855 | Eps: 0.1668->0.1501 | t: 58.7s | cell ETA 12m26s (+eval)
2026-09-30 07:35:10 | B4    ports   seed48 | ep 19/31 | Reward:   212.0 | Acc: 0.914 | Eps: 0.1501->0.1351 | t: 79.7s | cell ETA 11m43s (+eval)
2026-09-30 07:36:18 | B4    ports   seed48 | ep 20/31 | Reward:   196.0 | Acc: 0.883 | Eps: 0.1351->0.1216 | t: 67.9s | cell ETA 10m50s (+eval)
2026-09-30 07:37:38 | B4    ports   seed48 | ep 21/31 | Reward:   214.0 | Acc: 0.918 | Eps: 0.1216->0.1094 | t: 80.7s | cell ETA 10m01s (+eval)
2026-09-30 07:38:41 | B4    ports   seed48 | ep 22/31 | Reward:   198.0 | Acc: 0.887 | Eps: 0.1094->0.0985 | t: 62.7s | cell ETA 9m02s (+eval)
2026-09-30 07:39:40 | B4    ports   seed48 | ep 23/31 | Reward:   208.0 | Acc: 0.906 | Eps: 0.0985->0.0886 | t: 59.1s | cell ETA 8m01s (+eval)
2026-09-30 07:41:00 | B4    ports   seed48 | ep 24/31 | Reward:   190.0 | Acc: 0.871 | Eps: 0.0886->0.0798 | t: 79.8s | cell ETA 7m07s (+eval)
2026-09-30 07:42:15 | B4    ports   seed48 | ep 25/31 | Reward:   218.0 | Acc: 0.926 | Eps: 0.0798->0.0718 | t: 74.5s | cell ETA 6m09s (+eval)
2026-09-30 07:43:26 | B4    ports   seed48 | ep 26/31 | Reward:   226.0 | Acc: 0.941 | Eps: 0.0718->0.0646 | t: 71.2s | cell ETA 5m09s (+eval)
2026-09-30 07:44:40 | B4    ports   seed48 | ep 27/31 | Reward:   206.0 | Acc: 0.902 | Eps: 0.0646->0.0581 | t: 73.7s | cell ETA 4m09s (+eval)
2026-09-30 07:45:54 | B4    ports   seed48 | ep 28/31 | Reward:   222.0 | Acc: 0.934 | Eps: 0.0581->0.0523 | t: 74.0s | cell ETA 3m08s (+eval)
2026-09-30 07:47:07 | B4    ports   seed48 | ep 29/31 | Reward:   240.0 | Acc: 0.969 | Eps: 0.0523->0.0500 | t: 73.3s | cell ETA 2m06s (+eval)
2026-09-30 07:48:19 | B4    ports   seed48 | ep 30/31 | Reward:   228.0 | Acc: 0.945 | Eps: 0.0500->0.0500 | t: 72.0s | cell ETA 1m03s (+eval)
2026-09-30 07:49:33 | B4    ports   seed48 | ep 31/31 | Reward:   230.0 | Acc: 0.949 | Eps: 0.0500->0.0500 | t: 73.8s | cell ETA 0s (+eval)
2026-09-30 07:49:47 | B4    ports   seed48 | DONE in 33m12s | KT_F1=84.95 KT_AUC=88.70 | ZD weighted=91.18 macro=47.53
2026-09-30 07:49:52 | B5    ports   seed48 | START training
2026-09-30 07:51:00 | B5    ports   seed48 | ep  1/31 | Reward:  -282.0 | Acc: 0.539 | Eps: 1.0000->0.9000 | t: 67.6s | cell ETA 33m47s (+eval)
2026-09-30 07:52:03 | B5    ports   seed48 | ep  2/31 | Reward:  -294.0 | Acc: 0.543 | Eps: 0.9000->0.8100 | t: 63.0s | cell ETA 31m33s (+eval)
2026-09-30 07:53:03 | B5    ports   seed48 | ep  3/31 | Reward:  -313.0 | Acc: 0.551 | Eps: 0.8100->0.7290 | t: 59.5s | cell ETA 29m34s (+eval)
2026-09-30 07:54:03 | B5    ports   seed48 | ep  4/31 | Reward:   -69.0 | Acc: 0.621 | Eps: 0.7290->0.6561 | t: 59.9s | cell ETA 28m07s (+eval)
2026-09-30 07:55:01 | B5    ports   seed48 | ep  5/31 | Reward:    66.0 | Acc: 0.652 | Eps: 0.6561->0.5905 | t: 58.4s | cell ETA 26m43s (+eval)
2026-09-30 07:55:59 | B5    ports   seed48 | ep  6/31 | Reward:   -25.0 | Acc: 0.656 | Eps: 0.5905->0.5314 | t: 57.6s | cell ETA 25m25s (+eval)
2026-09-30 07:56:57 | B5    ports   seed48 | ep  7/31 | Reward:   207.0 | Acc: 0.727 | Eps: 0.5314->0.4783 | t: 58.5s | cell ETA 24m15s (+eval)
2026-09-30 07:58:07 | B5    ports   seed48 | ep  8/31 | Reward:   368.0 | Acc: 0.770 | Eps: 0.4783->0.4305 | t: 69.3s | cell ETA 23m39s (+eval)
2026-09-30 07:59:27 | B5    ports   seed48 | ep  9/31 | Reward:   338.0 | Acc: 0.805 | Eps: 0.4305->0.3874 | t: 80.4s | cell ETA 23m23s (+eval)
2026-09-30 08:00:39 | B5    ports   seed48 | ep 10/31 | Reward:   227.0 | Acc: 0.754 | Eps: 0.3874->0.3487 | t: 71.9s | cell ETA 22m36s (+eval)
2026-09-30 08:01:51 | B5    ports   seed48 | ep 11/31 | Reward:   272.0 | Acc: 0.770 | Eps: 0.3487->0.3138 | t: 71.4s | cell ETA 21m44s (+eval)
2026-09-30 08:03:11 | B5    ports   seed48 | ep 12/31 | Reward:   347.0 | Acc: 0.805 | Eps: 0.3138->0.2824 | t: 80.1s | cell ETA 21m02s (+eval)
2026-09-30 08:04:26 | B5    ports   seed48 | ep 13/31 | Reward:   410.0 | Acc: 0.836 | Eps: 0.2824->0.2542 | t: 75.0s | cell ETA 20m08s (+eval)
2026-09-30 08:05:33 | B5    ports   seed48 | ep 14/31 | Reward:   522.0 | Acc: 0.848 | Eps: 0.2542->0.2288 | t: 67.3s | cell ETA 19m01s (+eval)
2026-09-30 08:06:52 | B5    ports   seed48 | ep 15/31 | Reward:   437.0 | Acc: 0.820 | Eps: 0.2288->0.2059 | t: 79.2s | cell ETA 18m07s (+eval)
2026-09-30 08:08:10 | B5    ports   seed48 | ep 16/31 | Reward:   461.0 | Acc: 0.836 | Eps: 0.2059->0.1853 | t: 77.2s | cell ETA 17m07s (+eval)
2026-09-30 08:09:18 | B5    ports   seed48 | ep 17/31 | Reward:   671.0 | Acc: 0.895 | Eps: 0.1853->0.1668 | t: 68.6s | cell ETA 15m59s (+eval)
2026-09-30 08:10:38 | B5    ports   seed48 | ep 18/31 | Reward:   536.0 | Acc: 0.855 | Eps: 0.1668->0.1501 | t: 80.2s | cell ETA 14m59s (+eval)
2026-09-30 08:11:55 | B5    ports   seed48 | ep 19/31 | Reward:   658.0 | Acc: 0.910 | Eps: 0.1501->0.1351 | t: 76.6s | cell ETA 13m54s (+eval)
2026-09-30 08:13:03 | B5    ports   seed48 | ep 20/31 | Reward:   566.0 | Acc: 0.879 | Eps: 0.1351->0.1216 | t: 67.9s | cell ETA 12m44s (+eval)
2026-09-30 08:14:20 | B5    ports   seed48 | ep 21/31 | Reward:   591.0 | Acc: 0.902 | Eps: 0.1216->0.1094 | t: 77.5s | cell ETA 11m38s (+eval)
2026-09-30 08:15:39 | B5    ports   seed48 | ep 22/31 | Reward:   613.0 | Acc: 0.891 | Eps: 0.1094->0.0985 | t: 78.7s | cell ETA 10m32s (+eval)
2026-09-30 08:16:51 | B5    ports   seed48 | ep 23/31 | Reward:   505.0 | Acc: 0.871 | Eps: 0.0985->0.0886 | t: 71.8s | cell ETA 9m22s (+eval)
2026-09-30 08:18:03 | B5    ports   seed48 | ep 24/31 | Reward:   576.0 | Acc: 0.887 | Eps: 0.0886->0.0798 | t: 72.4s | cell ETA 8m12s (+eval)
2026-09-30 08:19:23 | B5    ports   seed48 | ep 25/31 | Reward:   663.0 | Acc: 0.926 | Eps: 0.0798->0.0718 | t: 80.0s | cell ETA 7m04s (+eval)
2026-09-30 08:20:34 | B5    ports   seed48 | ep 26/31 | Reward:   718.0 | Acc: 0.934 | Eps: 0.0718->0.0646 | t: 70.9s | cell ETA 5m54s (+eval)
2026-09-30 08:21:38 | B5    ports   seed48 | ep 27/31 | Reward:   634.0 | Acc: 0.891 | Eps: 0.0646->0.0581 | t: 64.0s | cell ETA 4m42s (+eval)
2026-09-30 08:22:47 | B5    ports   seed48 | ep 28/31 | Reward:   715.0 | Acc: 0.926 | Eps: 0.0581->0.0523 | t: 68.5s | cell ETA 3m31s (+eval)
2026-09-30 08:24:06 | B5    ports   seed48 | ep 29/31 | Reward:   782.0 | Acc: 0.957 | Eps: 0.0523->0.0500 | t: 78.9s | cell ETA 2m21s (+eval)
2026-09-30 08:25:17 | B5    ports   seed48 | ep 30/31 | Reward:   691.0 | Acc: 0.918 | Eps: 0.0500->0.0500 | t: 71.6s | cell ETA 1m10s (+eval)
2026-09-30 08:26:27 | B5    ports   seed48 | ep 31/31 | Reward:   668.0 | Acc: 0.934 | Eps: 0.0500->0.0500 | t: 69.5s | cell ETA 0s (+eval)
2026-09-30 08:26:44 | B5    ports   seed48 | DONE in 36m52s | KT_F1=81.43 KT_AUC=92.59 | ZD weighted=93.79 macro=47.23
2026-09-30 08:26:49 | B6    ports   seed48 | START training
2026-09-30 08:28:06 | B6    ports   seed48 | ep  1/31 | Reward:    20.0 | Acc: 0.539 | Eps: 1.0000->0.9000 | t: 74.4s | cell ETA 37m12s (+eval)
2026-09-30 08:29:14 | B6    ports   seed48 | ep  2/31 | Reward:    24.0 | Acc: 0.547 | Eps: 0.9000->0.8100 | t: 68.1s | cell ETA 34m26s (+eval)
2026-09-30 08:30:17 | B6    ports   seed48 | ep  3/31 | Reward:    26.0 | Acc: 0.551 | Eps: 0.8100->0.7290 | t: 63.3s | cell ETA 32m00s (+eval)
2026-09-30 08:31:31 | B6    ports   seed48 | ep  4/31 | Reward:    60.0 | Acc: 0.617 | Eps: 0.7290->0.6561 | t: 74.2s | cell ETA 31m30s (+eval)
2026-09-30 08:32:45 | B6    ports   seed48 | ep  5/31 | Reward:    82.0 | Acc: 0.660 | Eps: 0.6561->0.5905 | t: 73.9s | cell ETA 30m40s (+eval)
2026-09-30 08:33:53 | B6    ports   seed48 | ep  6/31 | Reward:    82.0 | Acc: 0.660 | Eps: 0.5905->0.5314 | t: 67.9s | cell ETA 29m17s (+eval)
2026-09-30 08:35:04 | B6    ports   seed48 | ep  7/31 | Reward:   116.0 | Acc: 0.727 | Eps: 0.5314->0.4783 | t: 70.6s | cell ETA 28m08s (+eval)
2026-09-30 08:36:22 | B6    ports   seed48 | ep  8/31 | Reward:   144.0 | Acc: 0.781 | Eps: 0.4783->0.4305 | t: 77.9s | cell ETA 27m19s (+eval)
2026-09-30 08:37:32 | B6    ports   seed48 | ep  9/31 | Reward:   160.0 | Acc: 0.812 | Eps: 0.4305->0.3874 | t: 70.4s | cell ETA 26m06s (+eval)
2026-09-30 08:38:45 | B6    ports   seed48 | ep 10/31 | Reward:   132.0 | Acc: 0.758 | Eps: 0.3874->0.3487 | t: 73.2s | cell ETA 24m59s (+eval)
2026-09-30 08:40:04 | B6    ports   seed48 | ep 11/31 | Reward:   150.0 | Acc: 0.793 | Eps: 0.3487->0.3138 | t: 78.9s | cell ETA 24m01s (+eval)
2026-09-30 08:41:18 | B6    ports   seed48 | ep 12/31 | Reward:   168.0 | Acc: 0.828 | Eps: 0.3138->0.2824 | t: 74.1s | cell ETA 22m52s (+eval)
2026-09-30 08:42:33 | B6    ports   seed48 | ep 13/31 | Reward:   174.0 | Acc: 0.840 | Eps: 0.2824->0.2542 | t: 74.1s | cell ETA 21m42s (+eval)
2026-09-30 08:43:40 | B6    ports   seed48 | ep 14/31 | Reward:   172.0 | Acc: 0.836 | Eps: 0.2542->0.2288 | t: 67.2s | cell ETA 20m24s (+eval)
2026-09-30 08:44:49 | B6    ports   seed48 | ep 15/31 | Reward:   162.0 | Acc: 0.816 | Eps: 0.2288->0.2059 | t: 68.9s | cell ETA 19m08s (+eval)
2026-09-30 08:46:10 | B6    ports   seed48 | ep 16/31 | Reward:   182.0 | Acc: 0.855 | Eps: 0.2059->0.1853 | t: 81.1s | cell ETA 18m05s (+eval)
2026-09-30 08:47:30 | B6    ports   seed48 | ep 17/31 | Reward:   206.0 | Acc: 0.902 | Eps: 0.1853->0.1668 | t: 80.3s | cell ETA 16m59s (+eval)
2026-09-30 08:48:48 | B6    ports   seed48 | ep 18/31 | Reward:   186.0 | Acc: 0.863 | Eps: 0.1668->0.1501 | t: 78.1s | cell ETA 15m50s (+eval)
2026-09-30 08:50:04 | B6    ports   seed48 | ep 19/31 | Reward:   212.0 | Acc: 0.914 | Eps: 0.1501->0.1351 | t: 75.9s | cell ETA 14m39s (+eval)
2026-09-30 08:51:20 | B6    ports   seed48 | ep 20/31 | Reward:   202.0 | Acc: 0.895 | Eps: 0.1351->0.1216 | t: 75.8s | cell ETA 13m27s (+eval)
2026-09-30 08:52:33 | B6    ports   seed48 | ep 21/31 | Reward:   212.0 | Acc: 0.914 | Eps: 0.1216->0.1094 | t: 73.1s | cell ETA 12m14s (+eval)
2026-09-30 08:53:44 | B6    ports   seed48 | ep 22/31 | Reward:   200.0 | Acc: 0.891 | Eps: 0.1094->0.0985 | t: 71.0s | cell ETA 10m59s (+eval)
2026-09-30 08:54:49 | B6    ports   seed48 | ep 23/31 | Reward:   208.0 | Acc: 0.906 | Eps: 0.0985->0.0886 | t: 64.5s | cell ETA 9m43s (+eval)
2026-09-30 08:55:51 | B6    ports   seed48 | ep 24/31 | Reward:   198.0 | Acc: 0.887 | Eps: 0.0886->0.0798 | t: 62.6s | cell ETA 8m27s (+eval)
2026-09-30 08:56:53 | B6    ports   seed48 | ep 25/31 | Reward:   222.0 | Acc: 0.934 | Eps: 0.0798->0.0718 | t: 61.4s | cell ETA 7m12s (+eval)
2026-09-30 08:57:55 | B6    ports   seed48 | ep 26/31 | Reward:   228.0 | Acc: 0.945 | Eps: 0.0718->0.0646 | t: 61.9s | cell ETA 5m58s (+eval)
2026-09-30 08:59:12 | B6    ports   seed48 | ep 27/31 | Reward:   208.0 | Acc: 0.906 | Eps: 0.0646->0.0581 | t: 77.1s | cell ETA 4m47s (+eval)
2026-09-30 09:00:28 | B6    ports   seed48 | ep 28/31 | Reward:   224.0 | Acc: 0.938 | Eps: 0.0581->0.0523 | t: 76.1s | cell ETA 3m36s (+eval)
2026-09-30 09:01:44 | B6    ports   seed48 | ep 29/31 | Reward:   240.0 | Acc: 0.969 | Eps: 0.0523->0.0500 | t: 76.0s | cell ETA 2m24s (+eval)
2026-09-30 09:03:00 | B6    ports   seed48 | ep 30/31 | Reward:   228.0 | Acc: 0.945 | Eps: 0.0500->0.0500 | t: 76.2s | cell ETA 1m12s (+eval)
2026-09-30 09:04:16 | B6    ports   seed48 | ep 31/31 | Reward:   236.0 | Acc: 0.961 | Eps: 0.0500->0.0500 | t: 76.2s | cell ETA 0s (+eval)
2026-09-30 09:04:33 | B6    ports   seed48 | DONE in 37m43s | KT_F1=87.70 KT_AUC=96.29 | ZD weighted=94.09 macro=58.67
2026-09-30 09:04:38 | B7    ports   seed48 | START training
2026-09-30 09:05:47 | B7    ports   seed48 | ep  1/31 | Reward:     8.0 | Acc: 0.516 | Eps: 1.0000->0.9000 | t: 66.7s | cell ETA 33m21s (+eval)
2026-09-30 09:06:51 | B7    ports   seed48 | ep  2/31 | Reward:    26.0 | Acc: 0.551 | Eps: 0.9000->0.8100 | t: 63.6s | cell ETA 31m29s (+eval)
2026-09-30 09:07:52 | B7    ports   seed48 | ep  3/31 | Reward:    32.0 | Acc: 0.562 | Eps: 0.8100->0.7290 | t: 61.2s | cell ETA 29m47s (+eval)
2026-09-30 09:08:52 | B7    ports   seed48 | ep  4/31 | Reward:    34.0 | Acc: 0.566 | Eps: 0.7290->0.6561 | t: 60.2s | cell ETA 28m18s (+eval)
2026-09-30 09:09:52 | B7    ports   seed48 | ep  5/31 | Reward:    68.0 | Acc: 0.633 | Eps: 0.6561->0.5905 | t: 59.5s | cell ETA 26m58s (+eval)
2026-09-30 09:10:54 | B7    ports   seed48 | ep  6/31 | Reward:    68.0 | Acc: 0.633 | Eps: 0.5905->0.5314 | t: 62.0s | cell ETA 25m55s (+eval)
2026-09-30 09:11:51 | B7    ports   seed48 | ep  7/31 | Reward:    88.0 | Acc: 0.672 | Eps: 0.5314->0.4783 | t: 57.4s | cell ETA 24m36s (+eval)
2026-09-30 09:12:48 | B7    ports   seed48 | ep  8/31 | Reward:    98.0 | Acc: 0.691 | Eps: 0.4783->0.4305 | t: 57.3s | cell ETA 23m22s (+eval)
2026-09-30 09:13:46 | B7    ports   seed48 | ep  9/31 | Reward:   108.0 | Acc: 0.711 | Eps: 0.4305->0.3874 | t: 57.5s | cell ETA 22m13s (+eval)
2026-09-30 09:14:43 | B7    ports   seed48 | ep 10/31 | Reward:   106.0 | Acc: 0.707 | Eps: 0.3874->0.3487 | t: 57.2s | cell ETA 21m05s (+eval)
2026-09-30 09:15:41 | B7    ports   seed48 | ep 11/31 | Reward:   124.0 | Acc: 0.742 | Eps: 0.3487->0.3138 | t: 57.6s | cell ETA 20m00s (+eval)
2026-09-30 09:16:39 | B7    ports   seed48 | ep 12/31 | Reward:   152.0 | Acc: 0.797 | Eps: 0.3138->0.2824 | t: 57.8s | cell ETA 18m56s (+eval)
2026-09-30 09:17:37 | B7    ports   seed48 | ep 13/31 | Reward:   152.0 | Acc: 0.797 | Eps: 0.2824->0.2542 | t: 58.1s | cell ETA 17m54s (+eval)
2026-09-30 09:18:35 | B7    ports   seed48 | ep 14/31 | Reward:   166.0 | Acc: 0.824 | Eps: 0.2542->0.2288 | t: 58.2s | cell ETA 16m53s (+eval)
2026-09-30 09:19:33 | B7    ports   seed48 | ep 15/31 | Reward:   164.0 | Acc: 0.820 | Eps: 0.2288->0.2059 | t: 58.3s | cell ETA 15m52s (+eval)
2026-09-30 09:20:31 | B7    ports   seed48 | ep 16/31 | Reward:   166.0 | Acc: 0.824 | Eps: 0.2059->0.1853 | t: 58.1s | cell ETA 14m51s (+eval)
2026-09-30 09:21:29 | B7    ports   seed48 | ep 17/31 | Reward:   168.0 | Acc: 0.828 | Eps: 0.1853->0.1668 | t: 58.2s | cell ETA 13m50s (+eval)
2026-09-30 09:22:28 | B7    ports   seed48 | ep 18/31 | Reward:   156.0 | Acc: 0.805 | Eps: 0.1668->0.1501 | t: 58.3s | cell ETA 12m50s (+eval)
2026-09-30 09:23:27 | B7    ports   seed48 | ep 19/31 | Reward:   166.0 | Acc: 0.824 | Eps: 0.1501->0.1351 | t: 58.7s | cell ETA 11m51s (+eval)
2026-09-30 09:24:25 | B7    ports   seed48 | ep 20/31 | Reward:   156.0 | Acc: 0.805 | Eps: 0.1351->0.1216 | t: 58.3s | cell ETA 10m51s (+eval)
2026-09-30 09:25:23 | B7    ports   seed48 | ep 21/31 | Reward:   168.0 | Acc: 0.828 | Eps: 0.1216->0.1094 | t: 58.5s | cell ETA 9m51s (+eval)
2026-09-30 09:26:22 | B7    ports   seed48 | ep 22/31 | Reward:   174.0 | Acc: 0.840 | Eps: 0.1094->0.0985 | t: 58.5s | cell ETA 8m52s (+eval)
2026-09-30 09:27:20 | B7    ports   seed48 | ep 23/31 | Reward:   166.0 | Acc: 0.824 | Eps: 0.0985->0.0886 | t: 58.6s | cell ETA 7m52s (+eval)
2026-09-30 09:28:19 | B7    ports   seed48 | ep 24/31 | Reward:   196.0 | Acc: 0.883 | Eps: 0.0886->0.0798 | t: 58.6s | cell ETA 6m53s (+eval)
2026-09-30 09:29:18 | B7    ports   seed48 | ep 25/31 | Reward:   192.0 | Acc: 0.875 | Eps: 0.0798->0.0718 | t: 58.8s | cell ETA 5m54s (+eval)
2026-09-30 09:30:17 | B7    ports   seed48 | ep 26/31 | Reward:   174.0 | Acc: 0.840 | Eps: 0.0718->0.0646 | t: 58.7s | cell ETA 4m55s (+eval)
2026-09-30 09:31:15 | B7    ports   seed48 | ep 27/31 | Reward:   188.0 | Acc: 0.867 | Eps: 0.0646->0.0581 | t: 58.8s | cell ETA 3m56s (+eval)
2026-09-30 09:32:14 | B7    ports   seed48 | ep 28/31 | Reward:   198.0 | Acc: 0.887 | Eps: 0.0581->0.0523 | t: 58.8s | cell ETA 2m57s (+eval)
2026-09-30 09:33:13 | B7    ports   seed48 | ep 29/31 | Reward:   188.0 | Acc: 0.867 | Eps: 0.0523->0.0500 | t: 58.9s | cell ETA 1m58s (+eval)
2026-09-30 09:34:12 | B7    ports   seed48 | ep 30/31 | Reward:   204.0 | Acc: 0.898 | Eps: 0.0500->0.0500 | t: 59.2s | cell ETA 59s (+eval)
2026-09-30 09:35:11 | B7    ports   seed48 | ep 31/31 | Reward:   190.0 | Acc: 0.871 | Eps: 0.0500->0.0500 | t: 58.8s | cell ETA 0s (+eval)
2026-09-30 09:35:25 | B7    ports   seed48 | DONE in 30m47s | KT_F1=76.83 KT_AUC=94.28 | ZD weighted=97.85 macro=71.80
2026-09-30 09:35:29 | B8    ports   seed48 | START training
2026-09-30 09:36:26 | B8    ports   seed48 | ep  1/31 | Reward:     4.0 | Acc: 0.508 | Eps: 1.0000->0.9000 | t: 54.6s | cell ETA 27m18s (+eval)
2026-09-30 09:37:21 | B8    ports   seed48 | ep  2/31 | Reward:     4.0 | Acc: 0.508 | Eps: 0.9000->0.8100 | t: 55.2s | cell ETA 26m32s (+eval)
2026-09-30 09:38:17 | B8    ports   seed48 | ep  3/31 | Reward:    24.0 | Acc: 0.547 | Eps: 0.8100->0.7290 | t: 55.8s | cell ETA 25m45s (+eval)
2026-09-30 09:39:13 | B8    ports   seed48 | ep  4/31 | Reward:    58.0 | Acc: 0.613 | Eps: 0.7290->0.6561 | t: 56.2s | cell ETA 24m57s (+eval)
2026-09-30 09:40:10 | B8    ports   seed48 | ep  5/31 | Reward:    50.0 | Acc: 0.598 | Eps: 0.6561->0.5905 | t: 56.3s | cell ETA 24m06s (+eval)
2026-09-30 09:41:07 | B8    ports   seed48 | ep  6/31 | Reward:    50.0 | Acc: 0.598 | Eps: 0.5905->0.5314 | t: 57.5s | cell ETA 23m18s (+eval)
2026-09-30 09:42:04 | B8    ports   seed48 | ep  7/31 | Reward:    90.0 | Acc: 0.676 | Eps: 0.5314->0.4783 | t: 57.1s | cell ETA 22m26s (+eval)
2026-09-30 09:43:01 | B8    ports   seed48 | ep  8/31 | Reward:   106.0 | Acc: 0.707 | Eps: 0.4783->0.4305 | t: 57.1s | cell ETA 21m33s (+eval)
2026-09-30 09:43:59 | B8    ports   seed48 | ep  9/31 | Reward:   108.0 | Acc: 0.711 | Eps: 0.4305->0.3874 | t: 57.6s | cell ETA 20m40s (+eval)
2026-09-30 09:44:56 | B8    ports   seed48 | ep 10/31 | Reward:    80.0 | Acc: 0.656 | Eps: 0.3874->0.3487 | t: 57.3s | cell ETA 19m45s (+eval)
2026-09-30 09:45:54 | B8    ports   seed48 | ep 11/31 | Reward:   124.0 | Acc: 0.742 | Eps: 0.3487->0.3138 | t: 57.7s | cell ETA 18m51s (+eval)
2026-09-30 09:46:52 | B8    ports   seed48 | ep 12/31 | Reward:   164.0 | Acc: 0.820 | Eps: 0.3138->0.2824 | t: 58.0s | cell ETA 17m57s (+eval)
2026-09-30 09:47:50 | B8    ports   seed48 | ep 13/31 | Reward:   182.0 | Acc: 0.855 | Eps: 0.2824->0.2542 | t: 58.3s | cell ETA 17m02s (+eval)
2026-09-30 09:48:49 | B8    ports   seed48 | ep 14/31 | Reward:   172.0 | Acc: 0.836 | Eps: 0.2542->0.2288 | t: 58.6s | cell ETA 16m08s (+eval)
2026-09-30 09:49:48 | B8    ports   seed48 | ep 15/31 | Reward:   162.0 | Acc: 0.816 | Eps: 0.2288->0.2059 | t: 58.6s | cell ETA 15m12s (+eval)
2026-09-30 09:50:46 | B8    ports   seed48 | ep 16/31 | Reward:   156.0 | Acc: 0.805 | Eps: 0.2059->0.1853 | t: 58.6s | cell ETA 14m17s (+eval)
2026-09-30 09:51:44 | B8    ports   seed48 | ep 17/31 | Reward:   170.0 | Acc: 0.832 | Eps: 0.1853->0.1668 | t: 58.2s | cell ETA 13m21s (+eval)
2026-09-30 09:52:43 | B8    ports   seed48 | ep 18/31 | Reward:   166.0 | Acc: 0.824 | Eps: 0.1668->0.1501 | t: 58.2s | cell ETA 12m24s (+eval)
2026-09-30 09:53:41 | B8    ports   seed48 | ep 19/31 | Reward:   170.0 | Acc: 0.832 | Eps: 0.1501->0.1351 | t: 58.7s | cell ETA 11m28s (+eval)
2026-09-30 09:54:40 | B8    ports   seed48 | ep 20/31 | Reward:   176.0 | Acc: 0.844 | Eps: 0.1351->0.1216 | t: 58.4s | cell ETA 10m31s (+eval)
2026-09-30 09:55:38 | B8    ports   seed48 | ep 21/31 | Reward:   166.0 | Acc: 0.824 | Eps: 0.1216->0.1094 | t: 58.4s | cell ETA 9m34s (+eval)
2026-09-30 09:56:37 | B8    ports   seed48 | ep 22/31 | Reward:   170.0 | Acc: 0.832 | Eps: 0.1094->0.0985 | t: 58.5s | cell ETA 8m37s (+eval)
2026-09-30 09:57:35 | B8    ports   seed48 | ep 23/31 | Reward:   170.0 | Acc: 0.832 | Eps: 0.0985->0.0886 | t: 58.5s | cell ETA 7m40s (+eval)
2026-09-30 09:58:34 | B8    ports   seed48 | ep 24/31 | Reward:   192.0 | Acc: 0.875 | Eps: 0.0886->0.0798 | t: 58.6s | cell ETA 6m43s (+eval)
2026-09-30 09:59:33 | B8    ports   seed48 | ep 25/31 | Reward:   204.0 | Acc: 0.898 | Eps: 0.0798->0.0718 | t: 59.4s | cell ETA 5m45s (+eval)
2026-09-30 10:00:32 | B8    ports   seed48 | ep 26/31 | Reward:   182.0 | Acc: 0.855 | Eps: 0.0718->0.0646 | t: 59.0s | cell ETA 4m48s (+eval)
2026-09-30 10:01:31 | B8    ports   seed48 | ep 27/31 | Reward:   208.0 | Acc: 0.906 | Eps: 0.0646->0.0581 | t: 59.1s | cell ETA 3m51s (+eval)
2026-09-30 10:02:31 | B8    ports   seed48 | ep 28/31 | Reward:   184.0 | Acc: 0.859 | Eps: 0.0581->0.0523 | t: 59.5s | cell ETA 2m53s (+eval)
2026-09-30 23:49:22 | B8    ports   seed48 | START training
2026-09-30 23:49:26 | B8    ports   seed48 | Resuming PER trainer from episode 25
2026-09-30 23:50:45 | B8    ports   seed48 | ep 26/31 | Reward:   178.0 | Acc: 0.848 | Eps: 0.0718->0.0646 | t: 79.3s | cell ETA 6m36s (+eval)
2026-09-30 23:52:07 | B8    ports   seed48 | ep 27/31 | Reward:   202.0 | Acc: 0.895 | Eps: 0.0646->0.0581 | t: 81.3s | cell ETA 5m21s (+eval)
2026-09-30 23:53:27 | B8    ports   seed48 | ep 28/31 | Reward:   188.0 | Acc: 0.867 | Eps: 0.0581->0.0523 | t: 80.7s | cell ETA 4m01s (+eval)
2026-09-30 23:54:36 | B8    ports   seed48 | ep 29/31 | Reward:   192.0 | Acc: 0.875 | Eps: 0.0523->0.0500 | t: 68.1s | cell ETA 2m34s (+eval)
2026-09-30 23:55:39 | B8    ports   seed48 | ep 30/31 | Reward:   184.0 | Acc: 0.859 | Eps: 0.0500->0.0500 | t: 63.6s | cell ETA 1m14s (+eval)
2026-09-30 23:56:42 | B8    ports   seed48 | ep 31/31 | Reward:   192.0 | Acc: 0.875 | Eps: 0.0500->0.0500 | t: 62.7s | cell ETA 0s (+eval)
2026-09-30 23:56:56 | B8    ports   seed48 | DONE in 7m33s | KT_F1=82.49 KT_AUC=95.23 | ZD weighted=98.36 macro=67.55
2026-09-30 23:57:00 | B9    ports   seed48 | START training
2026-09-30 23:58:00 | B9    ports   seed48 | ep  1/31 | Reward:     4.0 | Acc: 0.508 | Eps: 1.0000->0.9000 | t: 57.1s | cell ETA 28m33s (+eval)
2026-09-30 23:58:58 | B9    ports   seed48 | ep  2/31 | Reward:     4.0 | Acc: 0.508 | Eps: 0.9000->0.8100 | t: 57.9s | cell ETA 27m47s (+eval)
2026-09-30 23:59:56 | B9    ports   seed48 | ep  3/31 | Reward:    26.0 | Acc: 0.551 | Eps: 0.8100->0.7290 | t: 58.6s | cell ETA 27m00s (+eval)
2026-10-01 00:00:55 | B9    ports   seed48 | ep  4/31 | Reward:    56.0 | Acc: 0.609 | Eps: 0.7290->0.6561 | t: 58.6s | cell ETA 26m07s (+eval)
2026-10-01 00:01:54 | B9    ports   seed48 | ep  5/31 | Reward:    46.0 | Acc: 0.590 | Eps: 0.6561->0.5905 | t: 58.7s | cell ETA 25m12s (+eval)
2026-10-01 00:02:55 | B9    ports   seed48 | ep  6/31 | Reward:    52.0 | Acc: 0.602 | Eps: 0.5905->0.5314 | t: 60.9s | cell ETA 24m25s (+eval)
2026-10-01 00:04:16 | B9    ports   seed48 | ep  7/31 | Reward:    82.0 | Acc: 0.660 | Eps: 0.5314->0.4783 | t: 81.4s | cell ETA 24m45s (+eval)
2026-10-01 00:05:35 | B9    ports   seed48 | ep  8/31 | Reward:    98.0 | Acc: 0.691 | Eps: 0.4783->0.4305 | t: 79.3s | cell ETA 24m33s (+eval)
2026-10-01 00:06:55 | B9    ports   seed48 | ep  9/31 | Reward:   106.0 | Acc: 0.707 | Eps: 0.4305->0.3874 | t: 79.3s | cell ETA 24m06s (+eval)
2026-10-01 00:08:14 | B9    ports   seed48 | ep 10/31 | Reward:    78.0 | Acc: 0.652 | Eps: 0.3874->0.3487 | t: 79.1s | cell ETA 23m28s (+eval)
2026-10-01 00:09:33 | B9    ports   seed48 | ep 11/31 | Reward:   122.0 | Acc: 0.738 | Eps: 0.3487->0.3138 | t: 79.5s | cell ETA 22m44s (+eval)
2026-10-01 00:10:54 | B9    ports   seed48 | ep 12/31 | Reward:   146.0 | Acc: 0.785 | Eps: 0.3138->0.2824 | t: 80.2s | cell ETA 21m55s (+eval)
2026-10-01 00:12:13 | B9    ports   seed48 | ep 13/31 | Reward:   170.0 | Acc: 0.832 | Eps: 0.2824->0.2542 | t: 80.0s | cell ETA 21m00s (+eval)
2026-10-01 00:13:26 | B9    ports   seed48 | ep 14/31 | Reward:   168.0 | Acc: 0.828 | Eps: 0.2542->0.2288 | t: 73.0s | cell ETA 19m54s (+eval)
2026-10-01 00:14:33 | B9    ports   seed48 | ep 15/31 | Reward:   166.0 | Acc: 0.824 | Eps: 0.2288->0.2059 | t: 66.1s | cell ETA 18m39s (+eval)
2026-10-01 00:15:35 | B9    ports   seed48 | ep 16/31 | Reward:   154.0 | Acc: 0.801 | Eps: 0.2059->0.1853 | t: 62.6s | cell ETA 17m22s (+eval)
2026-10-01 00:16:36 | B9    ports   seed48 | ep 17/31 | Reward:   170.0 | Acc: 0.832 | Eps: 0.1853->0.1668 | t: 61.2s | cell ETA 16m06s (+eval)
2026-10-01 00:17:38 | B9    ports   seed48 | ep 18/31 | Reward:   164.0 | Acc: 0.820 | Eps: 0.1668->0.1501 | t: 61.1s | cell ETA 14m51s (+eval)
2026-10-01 00:18:39 | B9    ports   seed48 | ep 19/31 | Reward:   186.0 | Acc: 0.863 | Eps: 0.1501->0.1351 | t: 61.6s | cell ETA 13m38s (+eval)
2026-10-01 00:19:41 | B9    ports   seed48 | ep 20/31 | Reward:   172.0 | Acc: 0.836 | Eps: 0.1351->0.1216 | t: 61.3s | cell ETA 12m26s (+eval)
2026-10-01 00:20:44 | B9    ports   seed48 | ep 21/31 | Reward:   160.0 | Acc: 0.812 | Eps: 0.1216->0.1094 | t: 63.0s | cell ETA 11m16s (+eval)
2026-10-01 00:21:48 | B9    ports   seed48 | ep 22/31 | Reward:   172.0 | Acc: 0.836 | Eps: 0.1094->0.0985 | t: 64.9s | cell ETA 10m07s (+eval)
2026-10-01 00:23:12 | B9    ports   seed48 | ep 23/31 | Reward:   182.0 | Acc: 0.855 | Eps: 0.0985->0.0886 | t: 83.5s | cell ETA 9m05s (+eval)
2026-10-01 00:24:34 | B9    ports   seed48 | ep 24/31 | Reward:   182.0 | Acc: 0.855 | Eps: 0.0886->0.0798 | t: 81.9s | cell ETA 8m01s (+eval)
2026-10-01 00:25:55 | B9    ports   seed48 | ep 25/31 | Reward:   196.0 | Acc: 0.883 | Eps: 0.0798->0.0718 | t: 81.1s | cell ETA 6m55s (+eval)
2026-10-01 00:27:16 | B9    ports   seed48 | ep 26/31 | Reward:   184.0 | Acc: 0.859 | Eps: 0.0718->0.0646 | t: 80.9s | cell ETA 5m48s (+eval)
2026-10-01 00:28:37 | B9    ports   seed48 | ep 27/31 | Reward:   200.0 | Acc: 0.891 | Eps: 0.0646->0.0581 | t: 81.2s | cell ETA 4m40s (+eval)
2026-10-01 00:29:58 | B9    ports   seed48 | ep 28/31 | Reward:   190.0 | Acc: 0.871 | Eps: 0.0581->0.0523 | t: 80.6s | cell ETA 3m31s (+eval)
2026-10-01 00:31:19 | B9    ports   seed48 | ep 29/31 | Reward:   198.0 | Acc: 0.887 | Eps: 0.0523->0.0500 | t: 81.4s | cell ETA 2m21s (+eval)
2026-10-01 00:32:40 | B9    ports   seed48 | ep 30/31 | Reward:   190.0 | Acc: 0.871 | Eps: 0.0500->0.0500 | t: 80.8s | cell ETA 1m11s (+eval)
2026-10-01 00:33:53 | B9    ports   seed48 | ep 31/31 | Reward:   188.0 | Acc: 0.867 | Eps: 0.0500->0.0500 | t: 72.7s | cell ETA 0s (+eval)
2026-10-01 00:34:08 | B9    ports   seed48 | DONE in 37m07s | KT_F1=83.26 KT_AUC=95.23 | ZD weighted=95.89 macro=67.33
2026-10-01 00:34:13 | B10   ports   seed48 | START training
2026-10-01 00:35:16 | B10   ports   seed48 | ep  1/31 | Reward:     4.0 | Acc: 0.508 | Eps: 1.0000->0.9000 | t: 60.8s | cell ETA 30m24s (+eval)
2026-10-01 00:36:15 | B10   ports   seed48 | ep  2/31 | Reward:     4.0 | Acc: 0.508 | Eps: 0.9000->0.8100 | t: 59.3s | cell ETA 29m01s (+eval)
2026-10-01 00:37:14 | B10   ports   seed48 | ep  3/31 | Reward:    26.0 | Acc: 0.551 | Eps: 0.8100->0.7290 | t: 59.1s | cell ETA 27m52s (+eval)
2026-10-01 00:38:14 | B10   ports   seed48 | ep  4/31 | Reward:    56.0 | Acc: 0.609 | Eps: 0.7290->0.6561 | t: 59.3s | cell ETA 26m49s (+eval)
2026-10-01 00:39:13 | B10   ports   seed48 | ep  5/31 | Reward:    46.0 | Acc: 0.590 | Eps: 0.6561->0.5905 | t: 59.4s | cell ETA 25m49s (+eval)
2026-10-01 00:40:13 | B10   ports   seed48 | ep  6/31 | Reward:    52.0 | Acc: 0.602 | Eps: 0.5905->0.5314 | t: 59.9s | cell ETA 24m50s (+eval)
2026-10-01 00:41:18 | B10   ports   seed48 | ep  7/31 | Reward:    82.0 | Acc: 0.660 | Eps: 0.5314->0.4783 | t: 64.7s | cell ETA 24m08s (+eval)
2026-10-01 00:42:37 | B10   ports   seed48 | ep  8/31 | Reward:    98.0 | Acc: 0.691 | Eps: 0.4783->0.4305 | t: 79.7s | cell ETA 24m03s (+eval)
2026-10-01 00:43:58 | B10   ports   seed48 | ep  9/31 | Reward:   106.0 | Acc: 0.707 | Eps: 0.4305->0.3874 | t: 80.2s | cell ETA 23m43s (+eval)
2026-10-01 00:45:17 | B10   ports   seed48 | ep 10/31 | Reward:    78.0 | Acc: 0.652 | Eps: 0.3874->0.3487 | t: 79.4s | cell ETA 23m09s (+eval)
2026-10-01 00:46:37 | B10   ports   seed48 | ep 11/31 | Reward:   122.0 | Acc: 0.738 | Eps: 0.3487->0.3138 | t: 80.4s | cell ETA 22m29s (+eval)
2026-10-01 00:47:58 | B10   ports   seed48 | ep 12/31 | Reward:   146.0 | Acc: 0.785 | Eps: 0.3138->0.2824 | t: 80.2s | cell ETA 21m42s (+eval)
2026-10-01 00:49:18 | B10   ports   seed48 | ep 13/31 | Reward:   170.0 | Acc: 0.832 | Eps: 0.2824->0.2542 | t: 80.9s | cell ETA 20m50s (+eval)
2026-10-01 00:50:39 | B10   ports   seed48 | ep 14/31 | Reward:   168.0 | Acc: 0.828 | Eps: 0.2542->0.2288 | t: 80.1s | cell ETA 19m54s (+eval)
2026-10-01 00:51:59 | B10   ports   seed48 | ep 15/31 | Reward:   166.0 | Acc: 0.824 | Eps: 0.2288->0.2059 | t: 80.9s | cell ETA 18m55s (+eval)
2026-10-01 00:53:09 | B10   ports   seed48 | ep 16/31 | Reward:   154.0 | Acc: 0.801 | Eps: 0.2059->0.1853 | t: 69.9s | cell ETA 17m43s (+eval)
2026-10-01 00:54:15 | B10   ports   seed48 | ep 17/31 | Reward:   170.0 | Acc: 0.832 | Eps: 0.1853->0.1668 | t: 65.9s | cell ETA 16m28s (+eval)
2026-10-01 00:55:17 | B10   ports   seed48 | ep 18/31 | Reward:   164.0 | Acc: 0.820 | Eps: 0.1668->0.1501 | t: 61.6s | cell ETA 15m11s (+eval)
2026-10-01 00:56:19 | B10   ports   seed48 | ep 19/31 | Reward:   186.0 | Acc: 0.863 | Eps: 0.1501->0.1351 | t: 61.6s | cell ETA 13m55s (+eval)
2026-10-01 00:57:20 | B10   ports   seed48 | ep 20/31 | Reward:   172.0 | Acc: 0.836 | Eps: 0.1351->0.1216 | t: 61.3s | cell ETA 12m41s (+eval)
2026-10-01 00:58:21 | B10   ports   seed48 | ep 21/31 | Reward:   160.0 | Acc: 0.812 | Eps: 0.1216->0.1094 | t: 61.5s | cell ETA 11m28s (+eval)
2026-10-01 00:59:23 | B10   ports   seed48 | ep 22/31 | Reward:   172.0 | Acc: 0.836 | Eps: 0.1094->0.0985 | t: 61.4s | cell ETA 10m16s (+eval)
2026-10-01 01:00:41 | B10   ports   seed48 | ep 23/31 | Reward:   182.0 | Acc: 0.855 | Eps: 0.0985->0.0886 | t: 78.4s | cell ETA 9m11s (+eval)
2026-10-01 01:02:02 | B10   ports   seed48 | ep 24/31 | Reward:   182.0 | Acc: 0.855 | Eps: 0.0886->0.0798 | t: 81.1s | cell ETA 8m06s (+eval)
2026-10-01 01:03:24 | B10   ports   seed48 | ep 25/31 | Reward:   196.0 | Acc: 0.883 | Eps: 0.0798->0.0718 | t: 81.3s | cell ETA 6m59s (+eval)
2026-10-01 01:04:45 | B10   ports   seed48 | ep 26/31 | Reward:   184.0 | Acc: 0.859 | Eps: 0.0718->0.0646 | t: 81.3s | cell ETA 5m51s (+eval)
2026-10-01 01:06:07 | B10   ports   seed48 | ep 27/31 | Reward:   200.0 | Acc: 0.891 | Eps: 0.0646->0.0581 | t: 81.6s | cell ETA 4m43s (+eval)
2026-10-01 01:07:28 | B10   ports   seed48 | ep 28/31 | Reward:   190.0 | Acc: 0.871 | Eps: 0.0581->0.0523 | t: 80.8s | cell ETA 3m33s (+eval)
2026-10-01 01:08:49 | B10   ports   seed48 | ep 29/31 | Reward:   198.0 | Acc: 0.887 | Eps: 0.0523->0.0500 | t: 81.1s | cell ETA 2m22s (+eval)
2026-10-01 01:10:07 | B10   ports   seed48 | ep 30/31 | Reward:   190.0 | Acc: 0.871 | Eps: 0.0500->0.0500 | t: 77.9s | cell ETA 1m11s (+eval)
2026-10-01 01:11:16 | B10   ports   seed48 | ep 31/31 | Reward:   188.0 | Acc: 0.867 | Eps: 0.0500->0.0500 | t: 68.9s | cell ETA 0s (+eval)
2026-10-01 01:11:31 | B10   ports   seed48 | DONE in 37m18s | KT_F1=83.26 KT_AUC=95.23 | ZD weighted=95.89 macro=67.33
2026-10-01 01:11:39 | B11   ports   seed48 | START training
2026-10-01 01:12:43 | B11   ports   seed48 | ep  1/31 | Reward:  -181.0 | Acc: 0.395 | Eps: 1.0000->0.9000 | t: 61.2s | Investigations: 86 | cell ETA 30m36s (+eval)
2026-10-01 01:13:41 | B11   ports   seed48 | ep  2/31 | Reward:  -278.0 | Acc: 0.367 | Eps: 0.9000->0.8100 | t: 58.8s | Investigations: 73 | cell ETA 29m00s (+eval)
2026-10-01 01:14:40 | B11   ports   seed48 | ep  3/31 | Reward:  -155.0 | Acc: 0.449 | Eps: 0.8100->0.7290 | t: 58.8s | Investigations: 54 | cell ETA 27m48s (+eval)
2026-10-01 01:15:39 | B11   ports   seed48 | ep  4/31 | Reward:  -140.0 | Acc: 0.477 | Eps: 0.7290->0.6561 | t: 58.8s | Investigations: 68 | cell ETA 26m43s (+eval)
2026-10-01 01:16:38 | B11   ports   seed48 | ep  5/31 | Reward:  -135.0 | Acc: 0.469 | Eps: 0.6561->0.5905 | t: 59.0s | Investigations: 55 | cell ETA 25m42s (+eval)
2026-10-01 01:17:38 | B11   ports   seed48 | ep  6/31 | Reward:  -128.0 | Acc: 0.512 | Eps: 0.5905->0.5314 | t: 59.5s | Investigations: 56 | cell ETA 24m43s (+eval)
2026-10-01 01:18:40 | B11   ports   seed48 | ep  7/31 | Reward:    58.0 | Acc: 0.652 | Eps: 0.5314->0.4783 | t: 62.6s | Investigations: 35 | cell ETA 23m55s (+eval)
2026-10-01 01:20:00 | B11   ports   seed48 | ep  8/31 | Reward:   104.0 | Acc: 0.645 | Eps: 0.4783->0.4305 | t: 79.6s | Investigations: 45 | cell ETA 23m52s (+eval)
2026-10-01 01:21:19 | B11   ports   seed48 | ep  9/31 | Reward:   136.0 | Acc: 0.680 | Eps: 0.4305->0.3874 | t: 79.0s | Investigations: 30 | cell ETA 23m31s (+eval)
2026-10-01 01:22:37 | B11   ports   seed48 | ep 10/31 | Reward:   138.0 | Acc: 0.668 | Eps: 0.3874->0.3487 | t: 78.5s | Investigations: 37 | cell ETA 22m57s (+eval)
2026-10-01 01:23:57 | B11   ports   seed48 | ep 11/31 | Reward:   172.0 | Acc: 0.711 | Eps: 0.3487->0.3138 | t: 79.3s | Investigations: 25 | cell ETA 22m16s (+eval)
2026-10-01 01:25:16 | B11   ports   seed48 | ep 12/31 | Reward:   240.0 | Acc: 0.734 | Eps: 0.3138->0.2824 | t: 79.4s | Investigations: 17 | cell ETA 21m29s (+eval)
2026-10-01 01:26:36 | B11   ports   seed48 | ep 13/31 | Reward:   188.0 | Acc: 0.734 | Eps: 0.2824->0.2542 | t: 79.6s | Investigations: 17 | cell ETA 20m37s (+eval)
2026-10-01 01:27:56 | B11   ports   seed48 | ep 14/31 | Reward:   364.0 | Acc: 0.770 | Eps: 0.2542->0.2288 | t: 79.8s | Investigations: 18 | cell ETA 19m42s (+eval)
2026-10-01 01:29:15 | B11   ports   seed48 | ep 15/31 | Reward:   331.0 | Acc: 0.770 | Eps: 0.2288->0.2059 | t: 79.3s | Investigations: 22 | cell ETA 18m43s (+eval)
2026-10-01 01:30:30 | B11   ports   seed48 | ep 16/31 | Reward:   379.0 | Acc: 0.809 | Eps: 0.2059->0.1853 | t: 75.1s | Investigations: 14 | cell ETA 17m37s (+eval)
2026-10-01 01:31:38 | B11   ports   seed48 | ep 17/31 | Reward:   339.0 | Acc: 0.797 | Eps: 0.1853->0.1668 | t: 67.6s | Investigations: 15 | cell ETA 16m24s (+eval)
2026-10-01 01:32:41 | B11   ports   seed48 | ep 18/31 | Reward:   266.0 | Acc: 0.766 | Eps: 0.1668->0.1501 | t: 63.6s | Investigations: 21 | cell ETA 15m09s (+eval)
2026-10-01 01:33:43 | B11   ports   seed48 | ep 19/31 | Reward:   410.0 | Acc: 0.844 | Eps: 0.1501->0.1351 | t: 62.2s | Investigations: 10 | cell ETA 13m54s (+eval)
2026-10-01 01:34:45 | B11   ports   seed48 | ep 20/31 | Reward:   352.0 | Acc: 0.812 | Eps: 0.1351->0.1216 | t: 61.4s | Investigations: 17 | cell ETA 12m40s (+eval)
2026-10-01 01:35:47 | B11   ports   seed48 | ep 21/31 | Reward:   473.0 | Acc: 0.883 | Eps: 0.1216->0.1094 | t: 61.8s | Investigations: 8 | cell ETA 11m28s (+eval)
2026-10-01 01:36:48 | B11   ports   seed48 | ep 22/31 | Reward:   442.0 | Acc: 0.859 | Eps: 0.1094->0.0985 | t: 61.4s | Investigations: 11 | cell ETA 10m16s (+eval)
2026-10-01 01:37:50 | B11   ports   seed48 | ep 23/31 | Reward:   392.0 | Acc: 0.867 | Eps: 0.0985->0.0886 | t: 61.7s | Investigations: 7 | cell ETA 9m05s (+eval)
2026-10-01 01:38:52 | B11   ports   seed48 | ep 24/31 | Reward:   375.0 | Acc: 0.832 | Eps: 0.0886->0.0798 | t: 61.8s | Investigations: 4 | cell ETA 7m55s (+eval)
2026-10-01 01:39:57 | B11   ports   seed48 | ep 25/31 | Reward:   484.0 | Acc: 0.898 | Eps: 0.0798->0.0718 | t: 65.7s | Investigations: 5 | cell ETA 6m46s (+eval)
2026-10-01 01:41:19 | B11   ports   seed48 | ep 26/31 | Reward:   538.0 | Acc: 0.918 | Eps: 0.0718->0.0646 | t: 81.8s | Investigations: 3 | cell ETA 5m41s (+eval)
2026-10-01 01:42:40 | B11   ports   seed48 | ep 27/31 | Reward:   429.0 | Acc: 0.891 | Eps: 0.0646->0.0581 | t: 81.0s | Investigations: 7 | cell ETA 4m35s (+eval)
2026-10-01 01:44:01 | B11   ports   seed48 | ep 28/31 | Reward:   573.0 | Acc: 0.941 | Eps: 0.0581->0.0523 | t: 81.1s | Investigations: 2 | cell ETA 3m27s (+eval)
2026-10-01 01:45:22 | B11   ports   seed48 | ep 29/31 | Reward:   452.0 | Acc: 0.906 | Eps: 0.0523->0.0500 | t: 80.6s | Investigations: 3 | cell ETA 2m19s (+eval)
2026-10-01 01:46:43 | B11   ports   seed48 | ep 30/31 | Reward:   394.0 | Acc: 0.879 | Eps: 0.0500->0.0500 | t: 81.1s | Investigations: 4 | cell ETA 1m10s (+eval)
2026-10-01 01:48:04 | B11   ports   seed48 | ep 31/31 | Reward:   433.0 | Acc: 0.879 | Eps: 0.0500->0.0500 | t: 80.9s | Investigations: 5 | cell ETA 0s (+eval)
2026-10-01 01:48:21 | B11   ports   seed48 | DONE in 36m42s | KT_F1=83.90 KT_AUC=92.68 | ZD weighted=97.58 macro=62.10
2026-10-01 01:48:23 | rf    ports   seed48 | START supervised
2026-10-01 02:01:35 | rf    ports   seed48 | [rf] Known-Test Recall=97.09%  ROC-AUC=99.69%  |  Weighted-ZD=65.05%  Macro-ZD=48.74%  (791s)
2026-10-01 02:01:35 | rf    ports   seed48 | DONE in 13m11s -> C:\Users\Dr. Zarepour\Desktop\RL_IDS\Codes\experiments\MULTISEED\runs\supervised\rf\ports\seed48
2026-10-01 02:01:37 | xgb   ports   seed48 | START supervised
2026-10-01 02:04:16 | xgb   ports   seed48 | [xgb] Known-Test Recall=97.11%  ROC-AUC=99.67%  |  Weighted-ZD=64.53%  Macro-ZD=46.64%  (158s)
2026-10-01 02:04:16 | xgb   ports   seed48 | DONE in 2m39s -> C:\Users\Dr. Zarepour\Desktop\RL_IDS\Codes\experiments\MULTISEED\runs\supervised\xgb\ports\seed48
2026-10-01 02:04:18 | mlp   ports   seed48 | START supervised
2026-10-01 02:06:30 | mlp   ports   seed48 | [mlp] Known-Test Recall=94.56%  ROC-AUC=99.13%  |  Weighted-ZD=93.19%  Macro-ZD=41.06%  (132s)
2026-10-01 02:06:30 | mlp   ports   seed48 | DONE in 2m12s -> C:\Users\Dr. Zarepour\Desktop\RL_IDS\Codes\experiments\MULTISEED\runs\supervised\mlp\ports\seed48
2026-10-01 02:06:32 | lstm  ports   seed48 | START supervised
2026-10-01 03:37:41 | lstm  ports   seed48 | [lstm] Known-Test Recall=92.97%  ROC-AUC=99.14%  |  Weighted-ZD=95.31%  Macro-ZD=47.79%  (5468s)
2026-10-01 03:37:41 | lstm  ports   seed48 | DONE in 1h31m -> C:\Users\Dr. Zarepour\Desktop\RL_IDS\Codes\experiments\MULTISEED\runs\supervised\lstm\ports\seed48
2026-10-01 03:37:46 | B0    ports   seed49 | START training
2026-10-01 03:38:48 | B0    ports   seed49 | ep  1/31 | Reward:    62.0 | Acc: 0.621 | Eps: 0.3806 | t: 59.9s | cell ETA 29m57s (+eval)
2026-10-01 03:39:52 | B0    ports   seed49 | ep  2/31 | Reward:   148.0 | Acc: 0.789 | Eps: 0.1364 | t: 64.3s | cell ETA 30m00s (+eval)
2026-10-01 03:40:51 | B0    ports   seed49 | ep  3/31 | Reward:   184.0 | Acc: 0.859 | Eps: 0.0500 | t: 58.9s | cell ETA 28m28s (+eval)
2026-10-01 03:41:48 | B0    ports   seed49 | ep  4/31 | Reward:   218.0 | Acc: 0.926 | Eps: 0.0500 | t: 57.7s | cell ETA 27m05s (+eval)
2026-10-01 03:42:45 | B0    ports   seed49 | ep  5/31 | Reward:   204.0 | Acc: 0.898 | Eps: 0.0500 | t: 56.2s | cell ETA 25m44s (+eval)
2026-10-01 03:43:40 | B0    ports   seed49 | ep  6/31 | Reward:   210.0 | Acc: 0.910 | Eps: 0.0500 | t: 55.9s | cell ETA 24m30s (+eval)
2026-10-01 03:44:36 | B0    ports   seed49 | ep  7/31 | Reward:   216.0 | Acc: 0.922 | Eps: 0.0500 | t: 55.9s | cell ETA 23m21s (+eval)
2026-10-01 03:45:32 | B0    ports   seed49 | ep  8/31 | Reward:   220.0 | Acc: 0.930 | Eps: 0.0500 | t: 55.9s | cell ETA 22m16s (+eval)
2026-10-01 03:46:28 | B0    ports   seed49 | ep  9/31 | Reward:   206.0 | Acc: 0.902 | Eps: 0.0500 | t: 55.8s | cell ETA 21m12s (+eval)
2026-10-01 03:47:24 | B0    ports   seed49 | ep 10/31 | Reward:   208.0 | Acc: 0.906 | Eps: 0.0500 | t: 55.8s | cell ETA 20m10s (+eval)
2026-10-01 03:48:23 | B0    ports   seed49 | ep 11/31 | Reward:   210.0 | Acc: 0.910 | Eps: 0.0500 | t: 59.0s | cell ETA 19m15s (+eval)
2026-10-01 03:49:35 | B0    ports   seed49 | ep 12/31 | Reward:   214.0 | Acc: 0.918 | Eps: 0.0500 | t: 72.2s | cell ETA 18m40s (+eval)
2026-10-01 03:50:48 | B0    ports   seed49 | ep 13/31 | Reward:   224.0 | Acc: 0.938 | Eps: 0.0500 | t: 72.6s | cell ETA 18m00s (+eval)
2026-10-01 03:52:01 | B0    ports   seed49 | ep 14/31 | Reward:   214.0 | Acc: 0.918 | Eps: 0.0500 | t: 73.1s | cell ETA 17m16s (+eval)
2026-10-01 03:53:13 | B0    ports   seed49 | ep 15/31 | Reward:   202.0 | Acc: 0.895 | Eps: 0.0500 | t: 72.2s | cell ETA 16m27s (+eval)
2026-10-01 03:54:26 | B0    ports   seed49 | ep 16/31 | Reward:   226.0 | Acc: 0.941 | Eps: 0.0500 | t: 72.9s | cell ETA 15m35s (+eval)
2026-10-01 03:55:39 | B0    ports   seed49 | ep 17/31 | Reward:   216.0 | Acc: 0.922 | Eps: 0.0500 | t: 72.6s | cell ETA 14m41s (+eval)
2026-10-01 03:56:51 | B0    ports   seed49 | ep 18/31 | Reward:   220.0 | Acc: 0.930 | Eps: 0.0500 | t: 72.7s | cell ETA 13m45s (+eval)
2026-10-01 03:58:04 | B0    ports   seed49 | ep 19/31 | Reward:   210.0 | Acc: 0.910 | Eps: 0.0500 | t: 72.6s | cell ETA 12m48s (+eval)
2026-10-01 03:59:16 | B0    ports   seed49 | ep 20/31 | Reward:   226.0 | Acc: 0.941 | Eps: 0.0500 | t: 72.5s | cell ETA 11m48s (+eval)
2026-10-01 04:00:23 | B0    ports   seed49 | ep 21/31 | Reward:   220.0 | Acc: 0.930 | Eps: 0.0500 | t: 67.0s | cell ETA 10m45s (+eval)
2026-10-01 04:01:23 | B0    ports   seed49 | ep 22/31 | Reward:   214.0 | Acc: 0.918 | Eps: 0.0500 | t: 59.8s | cell ETA 9m39s (+eval)
2026-10-01 04:02:20 | B0    ports   seed49 | ep 23/31 | Reward:   220.0 | Acc: 0.930 | Eps: 0.0500 | t: 57.2s | cell ETA 8m32s (+eval)
2026-10-01 04:03:17 | B0    ports   seed49 | ep 24/31 | Reward:   220.0 | Acc: 0.930 | Eps: 0.0500 | t: 56.7s | cell ETA 7m26s (+eval)
2026-10-01 04:04:13 | B0    ports   seed49 | ep 25/31 | Reward:   216.0 | Acc: 0.922 | Eps: 0.0500 | t: 56.4s | cell ETA 6m20s (+eval)
2026-10-01 04:05:09 | B0    ports   seed49 | ep 26/31 | Reward:   184.0 | Acc: 0.859 | Eps: 0.0500 | t: 55.8s | cell ETA 5m15s (+eval)
2026-10-01 04:06:05 | B0    ports   seed49 | ep 27/31 | Reward:   220.0 | Acc: 0.930 | Eps: 0.0500 | t: 56.2s | cell ETA 4m11s (+eval)
2026-10-01 04:07:02 | B0    ports   seed49 | ep 28/31 | Reward:   228.0 | Acc: 0.945 | Eps: 0.0500 | t: 56.0s | cell ETA 3m07s (+eval)
2026-10-01 04:07:57 | B0    ports   seed49 | ep 29/31 | Reward:   216.0 | Acc: 0.922 | Eps: 0.0500 | t: 55.5s | cell ETA 2m04s (+eval)
2026-10-01 04:08:56 | B0    ports   seed49 | ep 30/31 | Reward:   222.0 | Acc: 0.934 | Eps: 0.0500 | t: 59.2s | cell ETA 1m02s (+eval)
2026-10-01 04:10:09 | B0    ports   seed49 | ep 31/31 | Reward:   202.0 | Acc: 0.895 | Eps: 0.0500 | t: 72.3s | cell ETA 0s (+eval)
2026-10-01 04:10:25 | B0    ports   seed49 | DONE in 32m38s | KT_F1=70.19 KT_AUC=82.85 | ZD weighted=26.53 macro=13.83
2026-10-01 04:10:30 | B1    ports   seed49 | START training
2026-10-01 04:11:47 | B1    ports   seed49 | ep  1/31 | reward=62.0 | acc=0.621 | eps=0.381 | t=75.3s | cell ETA 37m39s (+eval)
2026-10-01 04:13:05 | B1    ports   seed49 | ep  2/31 | reward=152.0 | acc=0.797 | eps=0.136 | t=78.4s | cell ETA 37m08s (+eval)
2026-10-01 04:14:24 | B1    ports   seed49 | ep  3/31 | reward=182.0 | acc=0.855 | eps=0.050 | t=78.9s | cell ETA 36m10s (+eval)
2026-10-01 04:15:44 | B1    ports   seed49 | ep  4/31 | reward=210.0 | acc=0.910 | eps=0.050 | t=80.2s | cell ETA 35m11s (+eval)
2026-10-01 04:17:05 | B1    ports   seed49 | ep  5/31 | reward=204.0 | acc=0.898 | eps=0.050 | t=80.8s | cell ETA 34m06s (+eval)
2026-10-01 04:18:25 | B1    ports   seed49 | ep  6/31 | reward=206.0 | acc=0.902 | eps=0.050 | t=79.8s | cell ETA 32m52s (+eval)
2026-10-01 04:19:42 | B1    ports   seed49 | ep  7/31 | reward=210.0 | acc=0.910 | eps=0.050 | t=77.3s | cell ETA 31m28s (+eval)
2026-10-01 04:20:51 | B1    ports   seed49 | ep  8/31 | reward=208.0 | acc=0.906 | eps=0.050 | t=68.4s | cell ETA 29m39s (+eval)
2026-10-01 04:21:53 | B1    ports   seed49 | ep  9/31 | reward=200.0 | acc=0.891 | eps=0.050 | t=62.7s | cell ETA 27m46s (+eval)
2026-10-01 04:22:55 | B1    ports   seed49 | ep 10/31 | reward=202.0 | acc=0.895 | eps=0.050 | t=61.9s | cell ETA 26m01s (+eval)
2026-10-01 04:23:56 | B1    ports   seed49 | ep 11/31 | reward=204.0 | acc=0.898 | eps=0.050 | t=60.8s | cell ETA 24m22s (+eval)
2026-10-01 04:24:56 | B1    ports   seed49 | ep 12/31 | reward=214.0 | acc=0.918 | eps=0.050 | t=60.3s | cell ETA 22m49s (+eval)
2026-10-01 04:25:57 | B1    ports   seed49 | ep 13/31 | reward=222.0 | acc=0.934 | eps=0.050 | t=60.2s | cell ETA 21m20s (+eval)
2026-10-01 04:26:57 | B1    ports   seed49 | ep 14/31 | reward=204.0 | acc=0.898 | eps=0.050 | t=60.6s | cell ETA 19m56s (+eval)
2026-10-01 04:27:58 | B1    ports   seed49 | ep 15/31 | reward=200.0 | acc=0.891 | eps=0.050 | t=61.1s | cell ETA 18m36s (+eval)
2026-10-01 04:29:00 | B1    ports   seed49 | ep 16/31 | reward=224.0 | acc=0.938 | eps=0.050 | t=61.4s | cell ETA 17m18s (+eval)
2026-10-01 04:30:01 | B1    ports   seed49 | ep 17/31 | reward=206.0 | acc=0.902 | eps=0.050 | t=61.4s | cell ETA 16m03s (+eval)
2026-10-01 04:31:01 | B1    ports   seed49 | ep 18/31 | reward=214.0 | acc=0.918 | eps=0.050 | t=60.0s | cell ETA 14m47s (+eval)
2026-10-01 04:31:59 | B1    ports   seed49 | ep 19/31 | reward=202.0 | acc=0.895 | eps=0.050 | t=58.2s | cell ETA 13m33s (+eval)
2026-10-01 04:32:57 | B1    ports   seed49 | ep 20/31 | reward=216.0 | acc=0.922 | eps=0.050 | t=57.9s | cell ETA 12m20s (+eval)
2026-10-01 04:33:55 | B1    ports   seed49 | ep 21/31 | reward=216.0 | acc=0.922 | eps=0.050 | t=58.2s | cell ETA 11m08s (+eval)
2026-10-01 04:34:55 | B1    ports   seed49 | ep 22/31 | reward=208.0 | acc=0.906 | eps=0.050 | t=59.5s | cell ETA 9m58s (+eval)
2026-10-01 04:35:57 | B1    ports   seed49 | ep 23/31 | reward=210.0 | acc=0.910 | eps=0.050 | t=62.3s | cell ETA 8m50s (+eval)
2026-10-01 04:36:56 | B1    ports   seed49 | ep 24/31 | reward=212.0 | acc=0.914 | eps=0.050 | t=59.2s | cell ETA 7m42s (+eval)
2026-10-01 04:37:58 | B1    ports   seed49 | ep 25/31 | reward=204.0 | acc=0.898 | eps=0.050 | t=61.1s | cell ETA 6m35s (+eval)
2026-10-01 04:38:56 | B1    ports   seed49 | ep 26/31 | reward=172.0 | acc=0.836 | eps=0.050 | t=57.9s | cell ETA 5m27s (+eval)
2026-10-01 04:39:54 | B1    ports   seed49 | ep 27/31 | reward=216.0 | acc=0.922 | eps=0.050 | t=58.1s | cell ETA 4m21s (+eval)
2026-10-01 04:40:52 | B1    ports   seed49 | ep 28/31 | reward=228.0 | acc=0.945 | eps=0.050 | t=58.2s | cell ETA 3m15s (+eval)
2026-10-01 04:41:50 | B1    ports   seed49 | ep 29/31 | reward=198.0 | acc=0.887 | eps=0.050 | t=57.8s | cell ETA 2m09s (+eval)
2026-10-01 04:42:48 | B1    ports   seed49 | ep 30/31 | reward=214.0 | acc=0.918 | eps=0.050 | t=57.8s | cell ETA 1m04s (+eval)
2026-10-01 04:43:45 | B1    ports   seed49 | ep 31/31 | reward=192.0 | acc=0.875 | eps=0.050 | t=57.8s | cell ETA 0s (+eval)
2026-10-01 04:43:59 | B1    ports   seed49 | DONE in 33m29s | KT_F1=76.40 KT_AUC=78.86 | ZD weighted=67.54 macro=30.27
2026-10-01 04:44:04 | B2    ports   seed49 | START training
2026-10-01 04:44:59 | B2    ports   seed49 | ep  1/31 | reward=-16.0 | acc=0.469 | eps=0.900 | t=53.9s | cell ETA 26m57s (+eval)
2026-10-01 04:45:53 | B2    ports   seed49 | ep  2/31 | reward=36.0 | acc=0.570 | eps=0.810 | t=54.3s | cell ETA 26m08s (+eval)
2026-10-01 04:46:48 | B2    ports   seed49 | ep  3/31 | reward=16.0 | acc=0.531 | eps=0.729 | t=54.9s | cell ETA 25m22s (+eval)
2026-10-01 04:47:43 | B2    ports   seed49 | ep  4/31 | reward=78.0 | acc=0.652 | eps=0.656 | t=54.8s | cell ETA 24m30s (+eval)
2026-10-01 04:48:38 | B2    ports   seed49 | ep  5/31 | reward=54.0 | acc=0.605 | eps=0.590 | t=55.1s | cell ETA 23m39s (+eval)
2026-10-01 04:49:34 | B2    ports   seed49 | ep  6/31 | reward=108.0 | acc=0.711 | eps=0.531 | t=55.8s | cell ETA 22m50s (+eval)
2026-10-01 04:50:29 | B2    ports   seed49 | ep  7/31 | reward=82.0 | acc=0.660 | eps=0.478 | t=55.7s | cell ETA 21m58s (+eval)
2026-10-01 04:51:25 | B2    ports   seed49 | ep  8/31 | reward=116.0 | acc=0.727 | eps=0.430 | t=56.1s | cell ETA 21m06s (+eval)
2026-10-01 04:52:22 | B2    ports   seed49 | ep  9/31 | reward=114.0 | acc=0.723 | eps=0.387 | t=56.4s | cell ETA 20m14s (+eval)
2026-10-01 04:53:18 | B2    ports   seed49 | ep 10/31 | reward=148.0 | acc=0.789 | eps=0.349 | t=56.6s | cell ETA 19m22s (+eval)
2026-10-01 04:54:15 | B2    ports   seed49 | ep 11/31 | reward=158.0 | acc=0.809 | eps=0.314 | t=56.7s | cell ETA 18m29s (+eval)
2026-10-01 04:55:12 | B2    ports   seed49 | ep 12/31 | reward=156.0 | acc=0.805 | eps=0.282 | t=57.0s | cell ETA 17m36s (+eval)
2026-10-01 04:56:09 | B2    ports   seed49 | ep 13/31 | reward=176.0 | acc=0.844 | eps=0.254 | t=57.2s | cell ETA 16m43s (+eval)
2026-10-01 04:57:06 | B2    ports   seed49 | ep 14/31 | reward=158.0 | acc=0.809 | eps=0.229 | t=57.1s | cell ETA 15m49s (+eval)
2026-10-01 04:58:04 | B2    ports   seed49 | ep 15/31 | reward=180.0 | acc=0.852 | eps=0.206 | t=57.9s | cell ETA 14m55s (+eval)
2026-10-01 04:59:02 | B2    ports   seed49 | ep 16/31 | reward=210.0 | acc=0.910 | eps=0.185 | t=57.6s | cell ETA 14m01s (+eval)
2026-10-01 04:59:59 | B2    ports   seed49 | ep 17/31 | reward=184.0 | acc=0.859 | eps=0.167 | t=57.3s | cell ETA 13m05s (+eval)
2026-10-01 05:00:57 | B2    ports   seed49 | ep 18/31 | reward=200.0 | acc=0.891 | eps=0.150 | t=57.6s | cell ETA 12m10s (+eval)
2026-10-01 05:01:54 | B2    ports   seed49 | ep 19/31 | reward=180.0 | acc=0.852 | eps=0.135 | t=57.4s | cell ETA 11m15s (+eval)
2026-10-01 05:02:52 | B2    ports   seed49 | ep 20/31 | reward=212.0 | acc=0.914 | eps=0.122 | t=57.5s | cell ETA 10m19s (+eval)
2026-10-01 05:03:50 | B2    ports   seed49 | ep 21/31 | reward=212.0 | acc=0.914 | eps=0.109 | t=57.7s | cell ETA 9m24s (+eval)
2026-10-01 05:04:47 | B2    ports   seed49 | ep 22/31 | reward=206.0 | acc=0.902 | eps=0.098 | t=57.7s | cell ETA 8m28s (+eval)
2026-10-01 05:05:45 | B2    ports   seed49 | ep 23/31 | reward=220.0 | acc=0.930 | eps=0.089 | t=58.0s | cell ETA 7m32s (+eval)
2026-10-01 05:06:43 | B2    ports   seed49 | ep 24/31 | reward=226.0 | acc=0.941 | eps=0.080 | t=58.0s | cell ETA 6m36s (+eval)
2026-10-01 05:07:41 | B2    ports   seed49 | ep 25/31 | reward=208.0 | acc=0.906 | eps=0.072 | t=57.8s | cell ETA 5m39s (+eval)
2026-10-01 05:08:39 | B2    ports   seed49 | ep 26/31 | reward=198.0 | acc=0.887 | eps=0.065 | t=58.0s | cell ETA 4m43s (+eval)
2026-10-01 05:09:37 | B2    ports   seed49 | ep 27/31 | reward=208.0 | acc=0.906 | eps=0.058 | t=58.0s | cell ETA 3m46s (+eval)
2026-10-01 05:10:35 | B2    ports   seed49 | ep 28/31 | reward=224.0 | acc=0.938 | eps=0.052 | t=58.0s | cell ETA 2m50s (+eval)
2026-10-01 05:11:33 | B2    ports   seed49 | ep 29/31 | reward=230.0 | acc=0.949 | eps=0.050 | t=58.0s | cell ETA 1m53s (+eval)
2026-10-01 05:12:31 | B2    ports   seed49 | ep 30/31 | reward=226.0 | acc=0.941 | eps=0.050 | t=58.0s | cell ETA 56s (+eval)
2026-10-01 05:13:29 | B2    ports   seed49 | ep 31/31 | reward=228.0 | acc=0.945 | eps=0.050 | t=58.0s | cell ETA 0s (+eval)
2026-10-01 05:13:43 | B2    ports   seed49 | DONE in 29m39s | KT_F1=84.47 KT_AUC=91.79 | ZD weighted=94.14 macro=57.78
2026-10-01 05:13:47 | B3    ports   seed49 | START training
2026-10-01 05:14:42 | B3    ports   seed49 | ep  1/31 | reward=-16.0 | acc=0.469 | eps=0.900 | t=53.6s | cell ETA 26m48s (+eval)
2026-10-01 05:15:36 | B3    ports   seed49 | ep  2/31 | reward=36.0 | acc=0.570 | eps=0.810 | t=54.0s | cell ETA 26m00s (+eval)
2026-10-01 05:16:30 | B3    ports   seed49 | ep  3/31 | reward=16.0 | acc=0.531 | eps=0.729 | t=54.6s | cell ETA 25m13s (+eval)
2026-10-01 05:17:25 | B3    ports   seed49 | ep  4/31 | reward=78.0 | acc=0.652 | eps=0.656 | t=55.0s | cell ETA 24m26s (+eval)
2026-10-01 05:18:20 | B3    ports   seed49 | ep  5/31 | reward=56.0 | acc=0.609 | eps=0.590 | t=55.0s | cell ETA 23m35s (+eval)
2026-10-01 05:19:16 | B3    ports   seed49 | ep  6/31 | reward=110.0 | acc=0.715 | eps=0.531 | t=55.9s | cell ETA 22m47s (+eval)
2026-10-01 05:20:12 | B3    ports   seed49 | ep  7/31 | reward=80.0 | acc=0.656 | eps=0.478 | t=55.7s | cell ETA 21m55s (+eval)
2026-10-01 05:21:08 | B3    ports   seed49 | ep  8/31 | reward=112.0 | acc=0.719 | eps=0.430 | t=56.3s | cell ETA 21m05s (+eval)
2026-10-01 05:22:04 | B3    ports   seed49 | ep  9/31 | reward=118.0 | acc=0.730 | eps=0.387 | t=56.2s | cell ETA 20m13s (+eval)
2026-10-01 05:23:01 | B3    ports   seed49 | ep 10/31 | reward=150.0 | acc=0.793 | eps=0.349 | t=56.6s | cell ETA 19m21s (+eval)
2026-10-01 05:23:58 | B3    ports   seed49 | ep 11/31 | reward=158.0 | acc=0.809 | eps=0.314 | t=56.6s | cell ETA 18m28s (+eval)
2026-10-01 05:24:54 | B3    ports   seed49 | ep 12/31 | reward=160.0 | acc=0.812 | eps=0.282 | t=56.9s | cell ETA 17m35s (+eval)
2026-10-01 05:25:51 | B3    ports   seed49 | ep 13/31 | reward=172.0 | acc=0.836 | eps=0.254 | t=56.8s | cell ETA 16m41s (+eval)
2026-10-01 05:26:48 | B3    ports   seed49 | ep 14/31 | reward=158.0 | acc=0.809 | eps=0.229 | t=57.2s | cell ETA 15m47s (+eval)
2026-10-01 05:27:46 | B3    ports   seed49 | ep 15/31 | reward=180.0 | acc=0.852 | eps=0.206 | t=57.1s | cell ETA 14m53s (+eval)
2026-10-01 05:28:43 | B3    ports   seed49 | ep 16/31 | reward=204.0 | acc=0.898 | eps=0.185 | t=57.5s | cell ETA 13m59s (+eval)
2026-10-01 05:29:40 | B3    ports   seed49 | ep 17/31 | reward=184.0 | acc=0.859 | eps=0.167 | t=57.3s | cell ETA 13m04s (+eval)
2026-10-01 05:30:38 | B3    ports   seed49 | ep 18/31 | reward=196.0 | acc=0.883 | eps=0.150 | t=57.5s | cell ETA 12m09s (+eval)
2026-10-01 05:31:35 | B3    ports   seed49 | ep 19/31 | reward=188.0 | acc=0.867 | eps=0.135 | t=57.4s | cell ETA 11m14s (+eval)
2026-10-01 05:32:33 | B3    ports   seed49 | ep 20/31 | reward=208.0 | acc=0.906 | eps=0.122 | t=57.6s | cell ETA 10m18s (+eval)
2026-10-01 05:33:31 | B3    ports   seed49 | ep 21/31 | reward=216.0 | acc=0.922 | eps=0.109 | t=57.6s | cell ETA 9m23s (+eval)
2026-10-01 05:34:29 | B3    ports   seed49 | ep 22/31 | reward=210.0 | acc=0.910 | eps=0.098 | t=58.0s | cell ETA 8m27s (+eval)
2026-10-01 05:35:27 | B3    ports   seed49 | ep 23/31 | reward=220.0 | acc=0.930 | eps=0.089 | t=57.9s | cell ETA 7m31s (+eval)
2026-10-01 05:36:25 | B3    ports   seed49 | ep 24/31 | reward=222.0 | acc=0.934 | eps=0.080 | t=58.1s | cell ETA 6m35s (+eval)
2026-10-01 05:37:22 | B3    ports   seed49 | ep 25/31 | reward=204.0 | acc=0.898 | eps=0.072 | t=57.8s | cell ETA 5m39s (+eval)
2026-10-01 05:38:20 | B3    ports   seed49 | ep 26/31 | reward=200.0 | acc=0.891 | eps=0.065 | t=58.0s | cell ETA 4m43s (+eval)
2026-10-01 05:39:18 | B3    ports   seed49 | ep 27/31 | reward=210.0 | acc=0.910 | eps=0.058 | t=57.9s | cell ETA 3m46s (+eval)
2026-10-01 05:40:16 | B3    ports   seed49 | ep 28/31 | reward=226.0 | acc=0.941 | eps=0.052 | t=58.0s | cell ETA 2m50s (+eval)
2026-10-01 05:41:14 | B3    ports   seed49 | ep 29/31 | reward=224.0 | acc=0.938 | eps=0.050 | t=58.0s | cell ETA 1m53s (+eval)
2026-10-01 05:42:12 | B3    ports   seed49 | ep 30/31 | reward=222.0 | acc=0.934 | eps=0.050 | t=57.9s | cell ETA 56s (+eval)
2026-10-01 05:43:10 | B3    ports   seed49 | ep 31/31 | reward=228.0 | acc=0.945 | eps=0.050 | t=58.0s | cell ETA 0s (+eval)
2026-10-01 05:43:24 | B3    ports   seed49 | DONE in 29m37s | KT_F1=86.10 KT_AUC=92.41 | ZD weighted=93.36 macro=54.76
2026-10-01 05:43:28 | B4    ports   seed49 | START training
2026-10-01 05:44:23 | B4    ports   seed49 | ep  1/31 | Reward:   -16.0 | Acc: 0.469 | Eps: 1.0000->0.9000 | t: 53.9s | cell ETA 26m57s (+eval)
2026-10-01 05:45:18 | B4    ports   seed49 | ep  2/31 | Reward:    38.0 | Acc: 0.574 | Eps: 0.9000->0.8100 | t: 54.4s | cell ETA 26m10s (+eval)
2026-10-01 05:46:13 | B4    ports   seed49 | ep  3/31 | Reward:    16.0 | Acc: 0.531 | Eps: 0.8100->0.7290 | t: 55.2s | cell ETA 25m26s (+eval)
2026-10-01 05:47:08 | B4    ports   seed49 | ep  4/31 | Reward:    80.0 | Acc: 0.656 | Eps: 0.7290->0.6561 | t: 55.4s | cell ETA 24m37s (+eval)
2026-10-01 05:48:04 | B4    ports   seed49 | ep  5/31 | Reward:    54.0 | Acc: 0.605 | Eps: 0.6561->0.5905 | t: 55.6s | cell ETA 23m47s (+eval)
2026-10-01 05:49:00 | B4    ports   seed49 | ep  6/31 | Reward:   108.0 | Acc: 0.711 | Eps: 0.5905->0.5314 | t: 56.5s | cell ETA 22m59s (+eval)
2026-10-01 05:49:57 | B4    ports   seed49 | ep  7/31 | Reward:    82.0 | Acc: 0.660 | Eps: 0.5314->0.4783 | t: 56.3s | cell ETA 22m07s (+eval)
2026-10-01 05:50:54 | B4    ports   seed49 | ep  8/31 | Reward:   114.0 | Acc: 0.723 | Eps: 0.4783->0.4305 | t: 56.8s | cell ETA 21m16s (+eval)
2026-10-01 05:51:50 | B4    ports   seed49 | ep  9/31 | Reward:   112.0 | Acc: 0.719 | Eps: 0.4305->0.3874 | t: 56.7s | cell ETA 20m24s (+eval)
2026-10-01 05:52:48 | B4    ports   seed49 | ep 10/31 | Reward:   150.0 | Acc: 0.793 | Eps: 0.3874->0.3487 | t: 57.2s | cell ETA 19m31s (+eval)
2026-10-01 05:53:45 | B4    ports   seed49 | ep 11/31 | Reward:   162.0 | Acc: 0.816 | Eps: 0.3487->0.3138 | t: 57.0s | cell ETA 18m38s (+eval)
2026-10-01 05:54:42 | B4    ports   seed49 | ep 12/31 | Reward:   156.0 | Acc: 0.805 | Eps: 0.3138->0.2824 | t: 57.3s | cell ETA 17m44s (+eval)
2026-10-01 05:55:39 | B4    ports   seed49 | ep 13/31 | Reward:   176.0 | Acc: 0.844 | Eps: 0.2824->0.2542 | t: 57.5s | cell ETA 16m50s (+eval)
2026-10-01 05:56:37 | B4    ports   seed49 | ep 14/31 | Reward:   160.0 | Acc: 0.812 | Eps: 0.2542->0.2288 | t: 57.5s | cell ETA 15m56s (+eval)
2026-10-01 05:57:34 | B4    ports   seed49 | ep 15/31 | Reward:   184.0 | Acc: 0.859 | Eps: 0.2288->0.2059 | t: 57.6s | cell ETA 15m01s (+eval)
2026-10-01 05:58:32 | B4    ports   seed49 | ep 16/31 | Reward:   208.0 | Acc: 0.906 | Eps: 0.2059->0.1853 | t: 58.0s | cell ETA 14m06s (+eval)
2026-10-01 05:59:30 | B4    ports   seed49 | ep 17/31 | Reward:   194.0 | Acc: 0.879 | Eps: 0.1853->0.1668 | t: 57.6s | cell ETA 13m11s (+eval)
2026-10-01 06:00:28 | B4    ports   seed49 | ep 18/31 | Reward:   194.0 | Acc: 0.879 | Eps: 0.1668->0.1501 | t: 57.8s | cell ETA 12m15s (+eval)
2026-10-01 06:01:26 | B4    ports   seed49 | ep 19/31 | Reward:   180.0 | Acc: 0.852 | Eps: 0.1501->0.1351 | t: 58.3s | cell ETA 11m19s (+eval)
2026-10-01 06:02:24 | B4    ports   seed49 | ep 20/31 | Reward:   214.0 | Acc: 0.918 | Eps: 0.1351->0.1216 | t: 58.0s | cell ETA 10m24s (+eval)
2026-10-01 06:03:22 | B4    ports   seed49 | ep 21/31 | Reward:   216.0 | Acc: 0.922 | Eps: 0.1216->0.1094 | t: 58.0s | cell ETA 9m27s (+eval)
2026-10-01 06:04:21 | B4    ports   seed49 | ep 22/31 | Reward:   208.0 | Acc: 0.906 | Eps: 0.1094->0.0985 | t: 58.4s | cell ETA 8m31s (+eval)
2026-10-01 06:05:19 | B4    ports   seed49 | ep 23/31 | Reward:   216.0 | Acc: 0.922 | Eps: 0.0985->0.0886 | t: 58.3s | cell ETA 7m35s (+eval)
2026-10-01 06:06:17 | B4    ports   seed49 | ep 24/31 | Reward:   224.0 | Acc: 0.938 | Eps: 0.0886->0.0798 | t: 58.3s | cell ETA 6m38s (+eval)
2026-10-01 06:07:15 | B4    ports   seed49 | ep 25/31 | Reward:   208.0 | Acc: 0.906 | Eps: 0.0798->0.0718 | t: 58.2s | cell ETA 5m42s (+eval)
2026-10-01 06:08:14 | B4    ports   seed49 | ep 26/31 | Reward:   202.0 | Acc: 0.895 | Eps: 0.0718->0.0646 | t: 58.2s | cell ETA 4m45s (+eval)
2026-10-01 06:09:12 | B4    ports   seed49 | ep 27/31 | Reward:   206.0 | Acc: 0.902 | Eps: 0.0646->0.0581 | t: 58.3s | cell ETA 3m48s (+eval)
2026-10-01 06:10:10 | B4    ports   seed49 | ep 28/31 | Reward:   220.0 | Acc: 0.930 | Eps: 0.0581->0.0523 | t: 58.3s | cell ETA 2m51s (+eval)
2026-10-01 06:11:09 | B4    ports   seed49 | ep 29/31 | Reward:   224.0 | Acc: 0.938 | Eps: 0.0523->0.0500 | t: 58.5s | cell ETA 1m54s (+eval)
2026-10-01 06:12:07 | B4    ports   seed49 | ep 30/31 | Reward:   226.0 | Acc: 0.941 | Eps: 0.0500->0.0500 | t: 58.2s | cell ETA 57s (+eval)
2026-10-01 06:13:05 | B4    ports   seed49 | ep 31/31 | Reward:   226.0 | Acc: 0.941 | Eps: 0.0500->0.0500 | t: 58.2s | cell ETA 0s (+eval)
2026-10-01 06:13:19 | B4    ports   seed49 | DONE in 29m50s | KT_F1=81.13 KT_AUC=87.01 | ZD weighted=63.73 macro=43.22
2026-10-01 06:13:23 | B5    ports   seed49 | START training
2026-10-01 06:14:19 | B5    ports   seed49 | ep  1/31 | Reward:  -379.0 | Acc: 0.469 | Eps: 1.0000->0.9000 | t: 54.5s | cell ETA 27m15s (+eval)
2026-10-01 06:15:14 | B5    ports   seed49 | ep  2/31 | Reward:  -278.0 | Acc: 0.570 | Eps: 0.9000->0.8100 | t: 55.1s | cell ETA 26m29s (+eval)
2026-10-01 06:16:09 | B5    ports   seed49 | ep  3/31 | Reward:  -334.0 | Acc: 0.531 | Eps: 0.8100->0.7290 | t: 55.6s | cell ETA 25m41s (+eval)
2026-10-01 06:17:05 | B5    ports   seed49 | ep  4/31 | Reward:    26.0 | Acc: 0.652 | Eps: 0.7290->0.6561 | t: 55.7s | cell ETA 24m51s (+eval)
2026-10-01 06:18:01 | B5    ports   seed49 | ep  5/31 | Reward:  -140.0 | Acc: 0.605 | Eps: 0.6561->0.5905 | t: 56.0s | cell ETA 23m59s (+eval)
2026-10-01 06:18:58 | B5    ports   seed49 | ep  6/31 | Reward:   137.0 | Acc: 0.695 | Eps: 0.5905->0.5314 | t: 57.0s | cell ETA 23m11s (+eval)
2026-10-01 06:19:55 | B5    ports   seed49 | ep  7/31 | Reward:    -7.0 | Acc: 0.656 | Eps: 0.5314->0.4783 | t: 56.6s | cell ETA 22m18s (+eval)
2026-10-01 06:20:51 | B5    ports   seed49 | ep  8/31 | Reward:    93.0 | Acc: 0.715 | Eps: 0.4783->0.4305 | t: 56.7s | cell ETA 21m25s (+eval)
2026-10-01 06:21:48 | B5    ports   seed49 | ep  9/31 | Reward:   172.0 | Acc: 0.719 | Eps: 0.4305->0.3874 | t: 56.9s | cell ETA 20m32s (+eval)
2026-10-01 06:22:46 | B5    ports   seed49 | ep 10/31 | Reward:   467.0 | Acc: 0.797 | Eps: 0.3874->0.3487 | t: 57.5s | cell ETA 19m39s (+eval)
2026-10-01 06:23:43 | B5    ports   seed49 | ep 11/31 | Reward:   407.0 | Acc: 0.781 | Eps: 0.3487->0.3138 | t: 57.5s | cell ETA 18m45s (+eval)
2026-10-01 06:24:41 | B5    ports   seed49 | ep 12/31 | Reward:   270.0 | Acc: 0.781 | Eps: 0.3138->0.2824 | t: 57.6s | cell ETA 17m51s (+eval)
2026-10-01 06:25:39 | B5    ports   seed49 | ep 13/31 | Reward:   472.0 | Acc: 0.816 | Eps: 0.2824->0.2542 | t: 57.6s | cell ETA 16m56s (+eval)
2026-10-01 06:26:36 | B5    ports   seed49 | ep 14/31 | Reward:   372.0 | Acc: 0.793 | Eps: 0.2542->0.2288 | t: 57.7s | cell ETA 16m01s (+eval)
2026-10-01 06:27:34 | B5    ports   seed49 | ep 15/31 | Reward:   521.0 | Acc: 0.836 | Eps: 0.2288->0.2059 | t: 57.7s | cell ETA 15m06s (+eval)
2026-10-01 06:28:32 | B5    ports   seed49 | ep 16/31 | Reward:   711.0 | Acc: 0.895 | Eps: 0.2059->0.1853 | t: 58.2s | cell ETA 14m11s (+eval)
2026-10-01 06:29:30 | B5    ports   seed49 | ep 17/31 | Reward:   541.0 | Acc: 0.859 | Eps: 0.1853->0.1668 | t: 57.8s | cell ETA 13m15s (+eval)
2026-10-01 06:30:28 | B5    ports   seed49 | ep 18/31 | Reward:   563.0 | Acc: 0.867 | Eps: 0.1668->0.1501 | t: 58.2s | cell ETA 12m19s (+eval)
2026-10-01 06:31:26 | B5    ports   seed49 | ep 19/31 | Reward:   556.0 | Acc: 0.863 | Eps: 0.1501->0.1351 | t: 58.3s | cell ETA 11m23s (+eval)
2026-10-01 06:32:25 | B5    ports   seed49 | ep 20/31 | Reward:   686.0 | Acc: 0.914 | Eps: 0.1351->0.1216 | t: 58.1s | cell ETA 10m27s (+eval)
2026-10-01 06:33:23 | B5    ports   seed49 | ep 21/31 | Reward:   703.0 | Acc: 0.914 | Eps: 0.1216->0.1094 | t: 58.3s | cell ETA 9m30s (+eval)
2026-10-01 06:34:22 | B5    ports   seed49 | ep 22/31 | Reward:   630.0 | Acc: 0.898 | Eps: 0.1094->0.0985 | t: 58.7s | cell ETA 8m34s (+eval)
2026-10-01 06:35:20 | B5    ports   seed49 | ep 23/31 | Reward:   671.0 | Acc: 0.914 | Eps: 0.0985->0.0886 | t: 58.6s | cell ETA 7m37s (+eval)
2026-10-01 06:36:19 | B5    ports   seed49 | ep 24/31 | Reward:   708.0 | Acc: 0.930 | Eps: 0.0886->0.0798 | t: 58.5s | cell ETA 6m40s (+eval)
2026-10-01 06:37:17 | B5    ports   seed49 | ep 25/31 | Reward:   648.0 | Acc: 0.902 | Eps: 0.0798->0.0718 | t: 58.4s | cell ETA 5m43s (+eval)
2026-10-01 06:38:16 | B5    ports   seed49 | ep 26/31 | Reward:   614.0 | Acc: 0.867 | Eps: 0.0718->0.0646 | t: 59.0s | cell ETA 4m46s (+eval)
2026-10-01 06:39:16 | B5    ports   seed49 | ep 27/31 | Reward:   635.0 | Acc: 0.895 | Eps: 0.0646->0.0581 | t: 59.4s | cell ETA 3m49s (+eval)
2026-10-01 06:40:15 | B5    ports   seed49 | ep 28/31 | Reward:   657.0 | Acc: 0.906 | Eps: 0.0581->0.0523 | t: 59.4s | cell ETA 2m52s (+eval)
2026-10-01 06:41:15 | B5    ports   seed49 | ep 29/31 | Reward:   701.0 | Acc: 0.926 | Eps: 0.0523->0.0500 | t: 60.3s | cell ETA 1m55s (+eval)
2026-10-01 06:42:47 | B5    ports   seed49 | ep 30/31 | Reward:   688.0 | Acc: 0.934 | Eps: 0.0500->0.0500 | t: 92.1s | cell ETA 58s (+eval)
2026-10-01 06:44:10 | B5    ports   seed49 | ep 31/31 | Reward:   700.0 | Acc: 0.930 | Eps: 0.0500->0.0500 | t: 82.4s | cell ETA 0s (+eval)
2026-10-01 06:44:27 | B5    ports   seed49 | DONE in 31m03s | KT_F1=83.31 KT_AUC=92.67 | ZD weighted=87.58 macro=59.30
2026-10-01 06:44:32 | B6    ports   seed49 | START training
2026-10-01 06:45:50 | B6    ports   seed49 | ep  1/31 | Reward:   -16.0 | Acc: 0.469 | Eps: 1.0000->0.9000 | t: 75.6s | cell ETA 37m48s (+eval)
2026-10-01 06:47:06 | B6    ports   seed49 | ep  2/31 | Reward:    38.0 | Acc: 0.574 | Eps: 0.9000->0.8100 | t: 76.7s | cell ETA 36m48s (+eval)
2026-10-01 06:48:20 | B6    ports   seed49 | ep  3/31 | Reward:    20.0 | Acc: 0.539 | Eps: 0.8100->0.7290 | t: 73.9s | cell ETA 35m11s (+eval)
2026-10-01 06:49:30 | B6    ports   seed49 | ep  4/31 | Reward:    82.0 | Acc: 0.660 | Eps: 0.7290->0.6561 | t: 69.9s | cell ETA 33m18s (+eval)
2026-10-01 06:50:35 | B6    ports   seed49 | ep  5/31 | Reward:    54.0 | Acc: 0.605 | Eps: 0.6561->0.5905 | t: 64.7s | cell ETA 31m16s (+eval)
2026-10-01 06:51:40 | B6    ports   seed49 | ep  6/31 | Reward:   108.0 | Acc: 0.711 | Eps: 0.5905->0.5314 | t: 64.6s | cell ETA 29m32s (+eval)
2026-10-01 06:52:45 | B6    ports   seed49 | ep  7/31 | Reward:    86.0 | Acc: 0.668 | Eps: 0.5314->0.4783 | t: 65.8s | cell ETA 28m04s (+eval)
2026-10-01 06:54:07 | B6    ports   seed49 | ep  8/31 | Reward:   120.0 | Acc: 0.734 | Eps: 0.4783->0.4305 | t: 81.2s | cell ETA 27m25s (+eval)
2026-10-01 06:55:26 | B6    ports   seed49 | ep  9/31 | Reward:   116.0 | Acc: 0.727 | Eps: 0.4305->0.3874 | t: 79.8s | cell ETA 26m34s (+eval)
2026-10-01 06:56:46 | B6    ports   seed49 | ep 10/31 | Reward:   158.0 | Acc: 0.809 | Eps: 0.3874->0.3487 | t: 80.0s | cell ETA 25m37s (+eval)
2026-10-01 06:58:01 | B6    ports   seed49 | ep 11/31 | Reward:   156.0 | Acc: 0.805 | Eps: 0.3487->0.3138 | t: 74.4s | cell ETA 24m26s (+eval)
2026-10-01 06:59:12 | B6    ports   seed49 | ep 12/31 | Reward:   158.0 | Acc: 0.809 | Eps: 0.3138->0.2824 | t: 70.5s | cell ETA 23m08s (+eval)
2026-10-01 07:00:19 | B6    ports   seed49 | ep 13/31 | Reward:   176.0 | Acc: 0.844 | Eps: 0.2824->0.2542 | t: 67.8s | cell ETA 21m48s (+eval)
2026-10-01 07:01:25 | B6    ports   seed49 | ep 14/31 | Reward:   156.0 | Acc: 0.805 | Eps: 0.2542->0.2288 | t: 65.7s | cell ETA 20m27s (+eval)
2026-10-01 07:02:29 | B6    ports   seed49 | ep 15/31 | Reward:   182.0 | Acc: 0.855 | Eps: 0.2288->0.2059 | t: 64.1s | cell ETA 19m06s (+eval)
2026-10-01 07:03:33 | B6    ports   seed49 | ep 16/31 | Reward:   210.0 | Acc: 0.910 | Eps: 0.2059->0.1853 | t: 64.2s | cell ETA 17m47s (+eval)
2026-10-01 07:04:49 | B6    ports   seed49 | ep 17/31 | Reward:   192.0 | Acc: 0.875 | Eps: 0.1853->0.1668 | t: 75.5s | cell ETA 16m40s (+eval)
2026-10-01 07:06:10 | B6    ports   seed49 | ep 18/31 | Reward:   194.0 | Acc: 0.879 | Eps: 0.1668->0.1501 | t: 81.4s | cell ETA 15m35s (+eval)
2026-10-01 07:07:32 | B6    ports   seed49 | ep 19/31 | Reward:   188.0 | Acc: 0.867 | Eps: 0.1501->0.1351 | t: 81.7s | cell ETA 14m30s (+eval)
2026-10-01 07:08:47 | B6    ports   seed49 | ep 20/31 | Reward:   216.0 | Acc: 0.922 | Eps: 0.1351->0.1216 | t: 75.3s | cell ETA 13m19s (+eval)
2026-10-01 07:09:56 | B6    ports   seed49 | ep 21/31 | Reward:   212.0 | Acc: 0.914 | Eps: 0.1216->0.1094 | t: 68.7s | cell ETA 12m04s (+eval)
2026-10-01 07:11:03 | B6    ports   seed49 | ep 22/31 | Reward:   210.0 | Acc: 0.910 | Eps: 0.1094->0.0985 | t: 67.2s | cell ETA 10m49s (+eval)
2026-10-01 07:12:09 | B6    ports   seed49 | ep 23/31 | Reward:   218.0 | Acc: 0.926 | Eps: 0.0985->0.0886 | t: 65.3s | cell ETA 9m35s (+eval)
2026-10-01 07:13:14 | B6    ports   seed49 | ep 24/31 | Reward:   226.0 | Acc: 0.941 | Eps: 0.0886->0.0798 | t: 65.2s | cell ETA 8m21s (+eval)
2026-10-01 07:14:25 | B6    ports   seed49 | ep 25/31 | Reward:   208.0 | Acc: 0.906 | Eps: 0.0798->0.0718 | t: 71.7s | cell ETA 7m09s (+eval)
2026-10-01 07:15:48 | B6    ports   seed49 | ep 26/31 | Reward:   210.0 | Acc: 0.910 | Eps: 0.0718->0.0646 | t: 82.7s | cell ETA 6m00s (+eval)
2026-10-01 07:17:11 | B6    ports   seed49 | ep 27/31 | Reward:   210.0 | Acc: 0.910 | Eps: 0.0646->0.0581 | t: 82.7s | cell ETA 4m49s (+eval)
2026-10-01 07:18:33 | B6    ports   seed49 | ep 28/31 | Reward:   226.0 | Acc: 0.941 | Eps: 0.0581->0.0523 | t: 82.3s | cell ETA 3m38s (+eval)
2026-10-01 07:19:54 | B6    ports   seed49 | ep 29/31 | Reward:   224.0 | Acc: 0.938 | Eps: 0.0523->0.0500 | t: 80.5s | cell ETA 2m26s (+eval)
2026-10-01 07:21:06 | B6    ports   seed49 | ep 30/31 | Reward:   226.0 | Acc: 0.941 | Eps: 0.0500->0.0500 | t: 72.6s | cell ETA 1m13s (+eval)
2026-10-01 07:22:15 | B6    ports   seed49 | ep 31/31 | Reward:   224.0 | Acc: 0.938 | Eps: 0.0500->0.0500 | t: 68.8s | cell ETA 0s (+eval)
2026-10-01 07:22:30 | B6    ports   seed49 | DONE in 37m58s | KT_F1=88.00 KT_AUC=96.29 | ZD weighted=94.27 macro=58.59
2026-10-01 07:22:35 | B7    ports   seed49 | START training
2026-10-01 07:23:39 | B7    ports   seed49 | ep  1/31 | Reward:    18.0 | Acc: 0.535 | Eps: 1.0000->0.9000 | t: 61.6s | cell ETA 30m48s (+eval)
2026-10-01 07:24:40 | B7    ports   seed49 | ep  2/31 | Reward:    22.0 | Acc: 0.543 | Eps: 0.9000->0.8100 | t: 60.8s | cell ETA 29m34s (+eval)
2026-10-01 07:25:53 | B7    ports   seed49 | ep  3/31 | Reward:    54.0 | Acc: 0.605 | Eps: 0.8100->0.7290 | t: 73.6s | cell ETA 30m29s (+eval)
2026-10-01 07:27:12 | B7    ports   seed49 | ep  4/31 | Reward:    34.0 | Acc: 0.566 | Eps: 0.7290->0.6561 | t: 78.6s | cell ETA 30m53s (+eval)
2026-10-01 07:28:30 | B7    ports   seed49 | ep  5/31 | Reward:    58.0 | Acc: 0.613 | Eps: 0.6561->0.5905 | t: 77.8s | cell ETA 30m32s (+eval)
2026-10-01 07:29:49 | B7    ports   seed49 | ep  6/31 | Reward:    70.0 | Acc: 0.637 | Eps: 0.5905->0.5314 | t: 79.3s | cell ETA 29m58s (+eval)
2026-10-01 07:31:07 | B7    ports   seed49 | ep  7/31 | Reward:    62.0 | Acc: 0.621 | Eps: 0.5314->0.4783 | t: 77.7s | cell ETA 29m06s (+eval)
2026-10-01 07:32:19 | B7    ports   seed49 | ep  8/31 | Reward:   120.0 | Acc: 0.734 | Eps: 0.4783->0.4305 | t: 72.4s | cell ETA 27m52s (+eval)
2026-10-01 07:33:26 | B7    ports   seed49 | ep  9/31 | Reward:   110.0 | Acc: 0.715 | Eps: 0.4305->0.3874 | t: 66.5s | cell ETA 26m24s (+eval)
2026-10-01 07:34:31 | B7    ports   seed49 | ep 10/31 | Reward:   130.0 | Acc: 0.754 | Eps: 0.3874->0.3487 | t: 65.0s | cell ETA 24m57s (+eval)
2026-10-01 07:35:34 | B7    ports   seed49 | ep 11/31 | Reward:   102.0 | Acc: 0.699 | Eps: 0.3487->0.3138 | t: 63.4s | cell ETA 23m32s (+eval)
2026-10-01 07:36:44 | B7    ports   seed49 | ep 12/31 | Reward:   140.0 | Acc: 0.773 | Eps: 0.3138->0.2824 | t: 70.2s | cell ETA 22m20s (+eval)
2026-10-01 07:38:05 | B7    ports   seed49 | ep 13/31 | Reward:   142.0 | Acc: 0.777 | Eps: 0.2824->0.2542 | t: 81.0s | cell ETA 21m24s (+eval)
2026-10-01 07:39:26 | B7    ports   seed49 | ep 14/31 | Reward:   158.0 | Acc: 0.809 | Eps: 0.2542->0.2288 | t: 80.9s | cell ETA 20m24s (+eval)
2026-10-01 07:40:47 | B7    ports   seed49 | ep 15/31 | Reward:   144.0 | Acc: 0.781 | Eps: 0.2288->0.2059 | t: 80.6s | cell ETA 19m22s (+eval)
2026-10-01 07:42:04 | B7    ports   seed49 | ep 16/31 | Reward:   178.0 | Acc: 0.848 | Eps: 0.2059->0.1853 | t: 77.6s | cell ETA 18m14s (+eval)
2026-10-01 07:43:14 | B7    ports   seed49 | ep 17/31 | Reward:   156.0 | Acc: 0.805 | Eps: 0.1853->0.1668 | t: 69.3s | cell ETA 16m58s (+eval)
2026-10-01 07:44:21 | B7    ports   seed49 | ep 18/31 | Reward:   150.0 | Acc: 0.793 | Eps: 0.1668->0.1501 | t: 66.8s | cell ETA 15m41s (+eval)
2026-10-01 07:45:26 | B7    ports   seed49 | ep 19/31 | Reward:   162.0 | Acc: 0.816 | Eps: 0.1501->0.1351 | t: 65.5s | cell ETA 14m24s (+eval)
2026-10-01 07:46:48 | B7    ports   seed49 | ep 20/31 | Reward:   176.0 | Acc: 0.844 | Eps: 0.1351->0.1216 | t: 82.1s | cell ETA 13m17s (+eval)
2026-10-01 07:48:10 | B7    ports   seed49 | ep 21/31 | Reward:   174.0 | Acc: 0.840 | Eps: 0.1216->0.1094 | t: 81.7s | cell ETA 12m09s (+eval)
2026-10-01 07:49:32 | B7    ports   seed49 | ep 22/31 | Reward:   150.0 | Acc: 0.793 | Eps: 0.1094->0.0985 | t: 81.9s | cell ETA 11m00s (+eval)
2026-10-01 07:50:51 | B7    ports   seed49 | ep 23/31 | Reward:   192.0 | Acc: 0.875 | Eps: 0.0985->0.0886 | t: 79.0s | cell ETA 9m48s (+eval)
2026-10-01 07:52:05 | B7    ports   seed49 | ep 24/31 | Reward:   194.0 | Acc: 0.879 | Eps: 0.0886->0.0798 | t: 73.9s | cell ETA 8m35s (+eval)
2026-10-01 07:53:12 | B7    ports   seed49 | ep 25/31 | Reward:   172.0 | Acc: 0.836 | Eps: 0.0798->0.0718 | t: 67.5s | cell ETA 7m20s (+eval)
2026-10-01 07:54:19 | B7    ports   seed49 | ep 26/31 | Reward:   188.0 | Acc: 0.867 | Eps: 0.0718->0.0646 | t: 66.5s | cell ETA 6m05s (+eval)
2026-10-01 07:55:24 | B7    ports   seed49 | ep 27/31 | Reward:   184.0 | Acc: 0.859 | Eps: 0.0646->0.0581 | t: 65.7s | cell ETA 4m51s (+eval)
2026-10-01 07:56:41 | B7    ports   seed49 | ep 28/31 | Reward:   180.0 | Acc: 0.852 | Eps: 0.0581->0.0523 | t: 77.1s | cell ETA 3m39s (+eval)
2026-10-01 07:58:04 | B7    ports   seed49 | ep 29/31 | Reward:   182.0 | Acc: 0.855 | Eps: 0.0523->0.0500 | t: 82.9s | cell ETA 2m26s (+eval)
2026-10-01 07:59:25 | B7    ports   seed49 | ep 30/31 | Reward:   188.0 | Acc: 0.867 | Eps: 0.0500->0.0500 | t: 80.5s | cell ETA 1m13s (+eval)
2026-10-01 08:00:43 | B7    ports   seed49 | ep 31/31 | Reward:   186.0 | Acc: 0.863 | Eps: 0.0500->0.0500 | t: 78.1s | cell ETA 0s (+eval)
2026-10-01 08:00:59 | B7    ports   seed49 | DONE in 38m24s | KT_F1=72.64 KT_AUC=90.68 | ZD weighted=98.13 macro=60.19
2026-10-01 08:01:04 | B8    ports   seed49 | START training
2026-10-01 08:02:15 | B8    ports   seed49 | ep  1/31 | Reward:   -10.0 | Acc: 0.480 | Eps: 1.0000->0.9000 | t: 68.4s | cell ETA 34m12s (+eval)
2026-10-01 08:03:19 | B8    ports   seed49 | ep  2/31 | Reward:    14.0 | Acc: 0.527 | Eps: 0.9000->0.8100 | t: 63.3s | cell ETA 31m49s (+eval)
2026-10-01 08:04:21 | B8    ports   seed49 | ep  3/31 | Reward:    52.0 | Acc: 0.602 | Eps: 0.8100->0.7290 | t: 62.6s | cell ETA 30m13s (+eval)
2026-10-01 08:05:23 | B8    ports   seed49 | ep  4/31 | Reward:    34.0 | Acc: 0.566 | Eps: 0.7290->0.6561 | t: 62.0s | cell ETA 28m50s (+eval)
2026-10-01 08:06:32 | B8    ports   seed49 | ep  5/31 | Reward:    86.0 | Acc: 0.668 | Eps: 0.6561->0.5905 | t: 68.6s | cell ETA 28m09s (+eval)
2026-10-01 08:07:51 | B8    ports   seed49 | ep  6/31 | Reward:    88.0 | Acc: 0.672 | Eps: 0.5905->0.5314 | t: 78.9s | cell ETA 28m02s (+eval)
2026-10-01 08:09:09 | B8    ports   seed49 | ep  7/31 | Reward:    84.0 | Acc: 0.664 | Eps: 0.5314->0.4783 | t: 78.4s | cell ETA 27m33s (+eval)
2026-10-01 08:10:29 | B8    ports   seed49 | ep  8/31 | Reward:   122.0 | Acc: 0.738 | Eps: 0.4783->0.4305 | t: 79.4s | cell ETA 26m54s (+eval)
2026-10-01 08:11:43 | B8    ports   seed49 | ep  9/31 | Reward:   102.0 | Acc: 0.699 | Eps: 0.4305->0.3874 | t: 74.6s | cell ETA 25m55s (+eval)
2026-10-01 08:12:51 | B8    ports   seed49 | ep 10/31 | Reward:   138.0 | Acc: 0.770 | Eps: 0.3874->0.3487 | t: 67.4s | cell ETA 24m37s (+eval)
2026-10-01 08:13:56 | B8    ports   seed49 | ep 11/31 | Reward:   136.0 | Acc: 0.766 | Eps: 0.3487->0.3138 | t: 65.4s | cell ETA 23m18s (+eval)
2026-10-01 08:15:00 | B8    ports   seed49 | ep 12/31 | Reward:   148.0 | Acc: 0.789 | Eps: 0.3138->0.2824 | t: 64.2s | cell ETA 21m59s (+eval)
2026-10-01 08:16:03 | B8    ports   seed49 | ep 13/31 | Reward:   150.0 | Acc: 0.793 | Eps: 0.2824->0.2542 | t: 63.0s | cell ETA 20m40s (+eval)
2026-10-01 08:17:13 | B8    ports   seed49 | ep 14/31 | Reward:   150.0 | Acc: 0.793 | Eps: 0.2542->0.2288 | t: 69.9s | cell ETA 19m33s (+eval)
2026-10-01 08:18:35 | B8    ports   seed49 | ep 15/31 | Reward:   150.0 | Acc: 0.793 | Eps: 0.2288->0.2059 | t: 81.3s | cell ETA 18m37s (+eval)
2026-10-01 08:19:56 | B8    ports   seed49 | ep 16/31 | Reward:   166.0 | Acc: 0.824 | Eps: 0.2059->0.1853 | t: 81.1s | cell ETA 17m37s (+eval)
2026-10-01 08:21:17 | B8    ports   seed49 | ep 17/31 | Reward:   160.0 | Acc: 0.812 | Eps: 0.1853->0.1668 | t: 81.3s | cell ETA 16m36s (+eval)
2026-10-01 08:22:39 | B8    ports   seed49 | ep 18/31 | Reward:   158.0 | Acc: 0.809 | Eps: 0.1668->0.1501 | t: 81.4s | cell ETA 15m32s (+eval)
2026-10-01 08:23:49 | B8    ports   seed49 | ep 19/31 | Reward:   162.0 | Acc: 0.816 | Eps: 0.1501->0.1351 | t: 70.3s | cell ETA 14m19s (+eval)
2026-10-01 08:24:55 | B8    ports   seed49 | ep 20/31 | Reward:   174.0 | Acc: 0.840 | Eps: 0.1351->0.1216 | t: 66.2s | cell ETA 13m05s (+eval)
2026-10-01 08:26:01 | B8    ports   seed49 | ep 21/31 | Reward:   170.0 | Acc: 0.832 | Eps: 0.1216->0.1094 | t: 65.6s | cell ETA 11m51s (+eval)
2026-10-01 08:27:11 | B8    ports   seed49 | ep 22/31 | Reward:   156.0 | Acc: 0.805 | Eps: 0.1094->0.0985 | t: 70.7s | cell ETA 10m39s (+eval)
2026-10-01 08:28:33 | B8    ports   seed49 | ep 23/31 | Reward:   196.0 | Acc: 0.883 | Eps: 0.0985->0.0886 | t: 81.9s | cell ETA 9m32s (+eval)
2026-10-01 08:29:55 | B8    ports   seed49 | ep 24/31 | Reward:   194.0 | Acc: 0.879 | Eps: 0.0886->0.0798 | t: 81.9s | cell ETA 8m23s (+eval)
2026-10-01 08:31:17 | B8    ports   seed49 | ep 25/31 | Reward:   172.0 | Acc: 0.836 | Eps: 0.0798->0.0718 | t: 81.8s | cell ETA 7m14s (+eval)
2026-10-01 08:32:34 | B8    ports   seed49 | ep 26/31 | Reward:   204.0 | Acc: 0.898 | Eps: 0.0718->0.0646 | t: 77.1s | cell ETA 6m02s (+eval)
2026-10-01 08:33:42 | B8    ports   seed49 | ep 27/31 | Reward:   180.0 | Acc: 0.852 | Eps: 0.0646->0.0581 | t: 67.9s | cell ETA 4m49s (+eval)
2026-10-01 08:34:48 | B8    ports   seed49 | ep 28/31 | Reward:   196.0 | Acc: 0.883 | Eps: 0.0581->0.0523 | t: 65.8s | cell ETA 3m36s (+eval)
2026-10-01 08:35:52 | B8    ports   seed49 | ep 29/31 | Reward:   194.0 | Acc: 0.879 | Eps: 0.0523->0.0500 | t: 64.0s | cell ETA 2m23s (+eval)
2026-10-01 08:36:56 | B8    ports   seed49 | ep 30/31 | Reward:   200.0 | Acc: 0.891 | Eps: 0.0500->0.0500 | t: 64.0s | cell ETA 1m11s (+eval)
2026-10-01 08:38:05 | B8    ports   seed49 | ep 31/31 | Reward:   202.0 | Acc: 0.895 | Eps: 0.0500->0.0500 | t: 69.3s | cell ETA 0s (+eval)
2026-10-01 08:38:21 | B8    ports   seed49 | DONE in 37m16s | KT_F1=82.02 KT_AUC=92.47 | ZD weighted=98.47 macro=71.29
2026-10-01 08:38:25 | B9    ports   seed49 | START training
2026-10-01 08:39:35 | B9    ports   seed49 | ep  1/31 | Reward:   -10.0 | Acc: 0.480 | Eps: 1.0000->0.9000 | t: 67.4s | cell ETA 33m42s (+eval)
2026-10-01 08:40:52 | B9    ports   seed49 | ep  2/31 | Reward:    10.0 | Acc: 0.520 | Eps: 0.9000->0.8100 | t: 77.1s | cell ETA 34m55s (+eval)
2026-10-01 08:42:09 | B9    ports   seed49 | ep  3/31 | Reward:    50.0 | Acc: 0.598 | Eps: 0.8100->0.7290 | t: 77.0s | cell ETA 34m27s (+eval)
2026-10-01 08:43:26 | B9    ports   seed49 | ep  4/31 | Reward:    38.0 | Acc: 0.574 | Eps: 0.7290->0.6561 | t: 76.7s | cell ETA 33m32s (+eval)
2026-10-01 08:44:42 | B9    ports   seed49 | ep  5/31 | Reward:    80.0 | Acc: 0.656 | Eps: 0.6561->0.5905 | t: 76.0s | cell ETA 32m25s (+eval)
2026-10-01 08:45:58 | B9    ports   seed49 | ep  6/31 | Reward:    86.0 | Acc: 0.668 | Eps: 0.5905->0.5314 | t: 76.8s | cell ETA 31m19s (+eval)
2026-10-01 08:47:10 | B9    ports   seed49 | ep  7/31 | Reward:    90.0 | Acc: 0.676 | Eps: 0.5314->0.4783 | t: 71.6s | cell ETA 29m51s (+eval)
2026-10-01 08:48:18 | B9    ports   seed49 | ep  8/31 | Reward:   126.0 | Acc: 0.746 | Eps: 0.4783->0.4305 | t: 68.0s | cell ETA 28m17s (+eval)
2026-10-01 08:49:22 | B9    ports   seed49 | ep  9/31 | Reward:    94.0 | Acc: 0.684 | Eps: 0.4305->0.3874 | t: 64.2s | cell ETA 26m40s (+eval)
2026-10-01 08:50:24 | B9    ports   seed49 | ep 10/31 | Reward:   132.0 | Acc: 0.758 | Eps: 0.3874->0.3487 | t: 61.4s | cell ETA 25m04s (+eval)
2026-10-01 08:51:39 | B9    ports   seed49 | ep 11/31 | Reward:   126.0 | Acc: 0.746 | Eps: 0.3487->0.3138 | t: 75.7s | cell ETA 23m59s (+eval)
2026-10-01 08:52:59 | B9    ports   seed49 | ep 12/31 | Reward:   148.0 | Acc: 0.789 | Eps: 0.3138->0.2824 | t: 79.6s | cell ETA 22m59s (+eval)
2026-10-01 08:54:18 | B9    ports   seed49 | ep 13/31 | Reward:   156.0 | Acc: 0.805 | Eps: 0.2824->0.2542 | t: 79.1s | cell ETA 21m56s (+eval)
2026-10-01 08:55:37 | B9    ports   seed49 | ep 14/31 | Reward:   156.0 | Acc: 0.805 | Eps: 0.2542->0.2288 | t: 79.1s | cell ETA 20m50s (+eval)
2026-10-01 08:56:56 | B9    ports   seed49 | ep 15/31 | Reward:   146.0 | Acc: 0.785 | Eps: 0.2288->0.2059 | t: 78.5s | cell ETA 19m42s (+eval)
2026-10-01 08:58:08 | B9    ports   seed49 | ep 16/31 | Reward:   164.0 | Acc: 0.820 | Eps: 0.2059->0.1853 | t: 72.3s | cell ETA 18m26s (+eval)
2026-10-01 08:59:15 | B9    ports   seed49 | ep 17/31 | Reward:   164.0 | Acc: 0.820 | Eps: 0.1853->0.1668 | t: 66.5s | cell ETA 17m06s (+eval)
2026-10-01 09:00:18 | B9    ports   seed49 | ep 18/31 | Reward:   154.0 | Acc: 0.801 | Eps: 0.1668->0.1501 | t: 63.7s | cell ETA 15m46s (+eval)
2026-10-01 09:01:21 | B9    ports   seed49 | ep 19/31 | Reward:   164.0 | Acc: 0.820 | Eps: 0.1501->0.1351 | t: 62.9s | cell ETA 14m27s (+eval)
2026-10-01 09:02:23 | B9    ports   seed49 | ep 20/31 | Reward:   174.0 | Acc: 0.840 | Eps: 0.1351->0.1216 | t: 62.0s | cell ETA 13m09s (+eval)
2026-10-01 09:03:39 | B9    ports   seed49 | ep 21/31 | Reward:   174.0 | Acc: 0.840 | Eps: 0.1216->0.1094 | t: 75.5s | cell ETA 11m59s (+eval)
2026-10-01 09:04:59 | B9    ports   seed49 | ep 22/31 | Reward:   160.0 | Acc: 0.812 | Eps: 0.1094->0.0985 | t: 80.2s | cell ETA 10m50s (+eval)
2026-10-01 09:06:19 | B9    ports   seed49 | ep 23/31 | Reward:   196.0 | Acc: 0.883 | Eps: 0.0985->0.0886 | t: 79.6s | cell ETA 9m41s (+eval)
2026-10-01 09:07:38 | B9    ports   seed49 | ep 24/31 | Reward:   198.0 | Acc: 0.887 | Eps: 0.0886->0.0798 | t: 79.2s | cell ETA 8m30s (+eval)
2026-10-01 09:08:54 | B9    ports   seed49 | ep 25/31 | Reward:   174.0 | Acc: 0.840 | Eps: 0.0798->0.0718 | t: 76.2s | cell ETA 7m18s (+eval)
2026-10-01 09:10:03 | B9    ports   seed49 | ep 26/31 | Reward:   204.0 | Acc: 0.898 | Eps: 0.0718->0.0646 | t: 68.8s | cell ETA 6m04s (+eval)
2026-10-01 09:11:09 | B9    ports   seed49 | ep 27/31 | Reward:   172.0 | Acc: 0.836 | Eps: 0.0646->0.0581 | t: 66.6s | cell ETA 4m50s (+eval)
2026-10-01 09:12:13 | B9    ports   seed49 | ep 28/31 | Reward:   200.0 | Acc: 0.891 | Eps: 0.0581->0.0523 | t: 63.4s | cell ETA 3m36s (+eval)
2026-10-01 09:13:15 | B9    ports   seed49 | ep 29/31 | Reward:   192.0 | Acc: 0.875 | Eps: 0.0523->0.0500 | t: 62.6s | cell ETA 2m23s (+eval)
2026-10-01 09:14:18 | B9    ports   seed49 | ep 30/31 | Reward:   192.0 | Acc: 0.875 | Eps: 0.0500->0.0500 | t: 62.5s | cell ETA 1m11s (+eval)
2026-10-01 09:15:35 | B9    ports   seed49 | ep 31/31 | Reward:   194.0 | Acc: 0.879 | Eps: 0.0500->0.0500 | t: 77.0s | cell ETA 0s (+eval)
2026-10-01 09:15:52 | B9    ports   seed49 | DONE in 37m26s | KT_F1=83.11 KT_AUC=95.25 | ZD weighted=98.33 macro=67.93
2026-10-01 09:15:57 | B10   ports   seed49 | START training
2026-10-01 09:17:13 | B10   ports   seed49 | ep  1/31 | Reward:   -10.0 | Acc: 0.480 | Eps: 1.0000->0.9000 | t: 73.6s | cell ETA 36m48s (+eval)
2026-10-01 09:18:29 | B10   ports   seed49 | ep  2/31 | Reward:    10.0 | Acc: 0.520 | Eps: 0.9000->0.8100 | t: 75.2s | cell ETA 35m57s (+eval)
2026-10-01 09:19:45 | B10   ports   seed49 | ep  3/31 | Reward:    50.0 | Acc: 0.598 | Eps: 0.8100->0.7290 | t: 76.4s | cell ETA 35m01s (+eval)
2026-10-01 09:20:55 | B10   ports   seed49 | ep  4/31 | Reward:    38.0 | Acc: 0.574 | Eps: 0.7290->0.6561 | t: 70.1s | cell ETA 33m13s (+eval)
2026-10-01 09:22:04 | B10   ports   seed49 | ep  5/31 | Reward:    80.0 | Acc: 0.656 | Eps: 0.6561->0.5905 | t: 69.4s | cell ETA 31m36s (+eval)
2026-10-01 09:23:12 | B10   ports   seed49 | ep  6/31 | Reward:    86.0 | Acc: 0.668 | Eps: 0.5905->0.5314 | t: 67.2s | cell ETA 29m59s (+eval)
2026-10-01 09:24:16 | B10   ports   seed49 | ep  7/31 | Reward:    90.0 | Acc: 0.676 | Eps: 0.5314->0.4783 | t: 64.2s | cell ETA 28m20s (+eval)
2026-10-01 09:25:19 | B10   ports   seed49 | ep  8/31 | Reward:   126.0 | Acc: 0.746 | Eps: 0.4783->0.4305 | t: 62.7s | cell ETA 26m46s (+eval)
2026-10-01 09:26:19 | B10   ports   seed49 | ep  9/31 | Reward:    94.0 | Acc: 0.684 | Eps: 0.4305->0.3874 | t: 60.7s | cell ETA 25m14s (+eval)
2026-10-01 09:27:29 | B10   ports   seed49 | ep 10/31 | Reward:   132.0 | Acc: 0.758 | Eps: 0.3874->0.3487 | t: 69.8s | cell ETA 24m07s (+eval)
2026-10-01 09:28:43 | B10   ports   seed49 | ep 11/31 | Reward:   126.0 | Acc: 0.746 | Eps: 0.3487->0.3138 | t: 73.6s | cell ETA 23m07s (+eval)
2026-10-01 09:29:57 | B10   ports   seed49 | ep 12/31 | Reward:   148.0 | Acc: 0.789 | Eps: 0.3138->0.2824 | t: 73.8s | cell ETA 22m04s (+eval)
2026-10-01 09:31:10 | B10   ports   seed49 | ep 13/31 | Reward:   156.0 | Acc: 0.805 | Eps: 0.2824->0.2542 | t: 73.9s | cell ETA 21m00s (+eval)
2026-10-01 09:32:24 | B10   ports   seed49 | ep 14/31 | Reward:   156.0 | Acc: 0.805 | Eps: 0.2542->0.2288 | t: 73.5s | cell ETA 19m54s (+eval)
2026-10-01 09:33:36 | B10   ports   seed49 | ep 15/31 | Reward:   146.0 | Acc: 0.785 | Eps: 0.2288->0.2059 | t: 72.2s | cell ETA 18m46s (+eval)
2026-10-01 09:34:46 | B10   ports   seed49 | ep 16/31 | Reward:   164.0 | Acc: 0.820 | Eps: 0.2059->0.1853 | t: 70.1s | cell ETA 17m36s (+eval)
2026-10-01 09:35:52 | B10   ports   seed49 | ep 17/31 | Reward:   164.0 | Acc: 0.820 | Eps: 0.1853->0.1668 | t: 65.5s | cell ETA 16m21s (+eval)
2026-10-01 09:36:55 | B10   ports   seed49 | ep 18/31 | Reward:   154.0 | Acc: 0.801 | Eps: 0.1668->0.1501 | t: 62.9s | cell ETA 15m06s (+eval)
2026-10-01 09:37:57 | B10   ports   seed49 | ep 19/31 | Reward:   164.0 | Acc: 0.820 | Eps: 0.1501->0.1351 | t: 62.2s | cell ETA 13m51s (+eval)
2026-10-01 09:38:59 | B10   ports   seed49 | ep 20/31 | Reward:   174.0 | Acc: 0.840 | Eps: 0.1351->0.1216 | t: 61.7s | cell ETA 12m38s (+eval)
2026-10-01 09:40:09 | B10   ports   seed49 | ep 21/31 | Reward:   174.0 | Acc: 0.840 | Eps: 0.1216->0.1094 | t: 69.9s | cell ETA 11m29s (+eval)
2026-10-01 09:41:29 | B10   ports   seed49 | ep 22/31 | Reward:   160.0 | Acc: 0.812 | Eps: 0.1094->0.0985 | t: 80.0s | cell ETA 10m25s (+eval)
2026-10-01 09:42:49 | B10   ports   seed49 | ep 23/31 | Reward:   196.0 | Acc: 0.883 | Eps: 0.0985->0.0886 | t: 80.1s | cell ETA 9m19s (+eval)
2026-10-01 09:44:09 | B10   ports   seed49 | ep 24/31 | Reward:   198.0 | Acc: 0.887 | Eps: 0.0886->0.0798 | t: 80.2s | cell ETA 8m12s (+eval)
2026-10-01 09:45:28 | B10   ports   seed49 | ep 25/31 | Reward:   174.0 | Acc: 0.840 | Eps: 0.0798->0.0718 | t: 79.3s | cell ETA 7m04s (+eval)
2026-10-01 09:46:43 | B10   ports   seed49 | ep 26/31 | Reward:   204.0 | Acc: 0.898 | Eps: 0.0718->0.0646 | t: 74.7s | cell ETA 5m54s (+eval)
2026-10-01 09:47:51 | B10   ports   seed49 | ep 27/31 | Reward:   172.0 | Acc: 0.836 | Eps: 0.0646->0.0581 | t: 68.1s | cell ETA 4m43s (+eval)
2026-10-01 09:48:55 | B10   ports   seed49 | ep 28/31 | Reward:   200.0 | Acc: 0.891 | Eps: 0.0581->0.0523 | t: 64.3s | cell ETA 3m31s (+eval)
2026-10-01 09:49:58 | B10   ports   seed49 | ep 29/31 | Reward:   192.0 | Acc: 0.875 | Eps: 0.0523->0.0500 | t: 62.7s | cell ETA 2m20s (+eval)
2026-10-01 09:51:00 | B10   ports   seed49 | ep 30/31 | Reward:   192.0 | Acc: 0.875 | Eps: 0.0500->0.0500 | t: 62.2s | cell ETA 1m10s (+eval)
2026-10-01 09:52:16 | B10   ports   seed49 | ep 31/31 | Reward:   194.0 | Acc: 0.879 | Eps: 0.0500->0.0500 | t: 76.2s | cell ETA 0s (+eval)
2026-10-01 09:52:33 | B10   ports   seed49 | DONE in 36m36s | KT_F1=83.11 KT_AUC=95.25 | ZD weighted=98.33 macro=67.93
2026-10-01 09:52:38 | B11   ports   seed49 | START training
2026-10-01 09:53:54 | B11   ports   seed49 | ep  1/31 | Reward:  -385.0 | Acc: 0.258 | Eps: 1.0000->0.9000 | t: 73.5s | Investigations: 101 | cell ETA 36m45s (+eval)
2026-10-01 09:55:09 | B11   ports   seed49 | ep  2/31 | Reward:  -215.0 | Acc: 0.398 | Eps: 0.9000->0.8100 | t: 74.6s | Investigations: 72 | cell ETA 35m47s (+eval)
2026-10-01 09:56:25 | B11   ports   seed49 | ep  3/31 | Reward:  -313.0 | Acc: 0.402 | Eps: 0.8100->0.7290 | t: 75.7s | Investigations: 64 | cell ETA 34m48s (+eval)
2026-10-01 09:57:38 | B11   ports   seed49 | ep  4/31 | Reward:  -150.0 | Acc: 0.445 | Eps: 0.7290->0.6561 | t: 73.5s | Investigations: 62 | cell ETA 33m26s (+eval)
2026-10-01 09:58:43 | B11   ports   seed49 | ep  5/31 | Reward:   -61.0 | Acc: 0.512 | Eps: 0.6561->0.5905 | t: 64.8s | Investigations: 58 | cell ETA 31m22s (+eval)
2026-10-01 09:59:44 | B11   ports   seed49 | ep  6/31 | Reward:    42.0 | Acc: 0.582 | Eps: 0.5905->0.5314 | t: 60.6s | Investigations: 54 | cell ETA 29m21s (+eval)
2026-10-01 10:01:08 | B11   ports   seed49 | ep  7/31 | Reward:    66.0 | Acc: 0.598 | Eps: 0.5314->0.4783 | t: 84.7s | Investigations: 45 | cell ETA 28m59s (+eval)
2026-10-01 10:02:27 | B11   ports   seed49 | ep  8/31 | Reward:   105.0 | Acc: 0.656 | Eps: 0.4783->0.4305 | t: 79.1s | Investigations: 33 | cell ETA 28m06s (+eval)
2026-10-01 10:03:46 | B11   ports   seed49 | ep  9/31 | Reward:    73.0 | Acc: 0.617 | Eps: 0.4305->0.3874 | t: 78.4s | Investigations: 43 | cell ETA 27m05s (+eval)
2026-10-01 10:05:05 | B11   ports   seed49 | ep 10/31 | Reward:   171.0 | Acc: 0.664 | Eps: 0.3874->0.3487 | t: 78.9s | Investigations: 40 | cell ETA 26m01s (+eval)
2026-10-01 10:06:24 | B11   ports   seed49 | ep 11/31 | Reward:   215.0 | Acc: 0.668 | Eps: 0.3487->0.3138 | t: 78.7s | Investigations: 42 | cell ETA 24m55s (+eval)
2026-10-01 10:07:40 | B11   ports   seed49 | ep 12/31 | Reward:   242.0 | Acc: 0.734 | Eps: 0.3138->0.2824 | t: 76.6s | Investigations: 22 | cell ETA 23m43s (+eval)
2026-10-01 10:08:51 | B11   ports   seed49 | ep 13/31 | Reward:   282.0 | Acc: 0.738 | Eps: 0.2824->0.2542 | t: 71.3s | Investigations: 28 | cell ETA 22m23s (+eval)
2026-10-01 10:10:00 | B11   ports   seed49 | ep 14/31 | Reward:   262.0 | Acc: 0.758 | Eps: 0.2542->0.2288 | t: 68.5s | Investigations: 23 | cell ETA 21m01s (+eval)
2026-10-01 10:11:08 | B11   ports   seed49 | ep 15/31 | Reward:   423.0 | Acc: 0.812 | Eps: 0.2288->0.2059 | t: 67.8s | Investigations: 18 | cell ETA 19m40s (+eval)
2026-10-01 10:12:15 | B11   ports   seed49 | ep 16/31 | Reward:   344.0 | Acc: 0.809 | Eps: 0.2059->0.1853 | t: 67.2s | Investigations: 18 | cell ETA 18m20s (+eval)
2026-10-01 10:13:20 | B11   ports   seed49 | ep 17/31 | Reward:   270.0 | Acc: 0.773 | Eps: 0.1853->0.1668 | t: 65.0s | Investigations: 17 | cell ETA 17m00s (+eval)
2026-10-01 10:14:44 | B11   ports   seed49 | ep 18/31 | Reward:   341.0 | Acc: 0.824 | Eps: 0.1668->0.1501 | t: 83.8s | Investigations: 12 | cell ETA 15m55s (+eval)
2026-10-01 10:16:05 | B11   ports   seed49 | ep 19/31 | Reward:   302.0 | Acc: 0.789 | Eps: 0.1501->0.1351 | t: 81.4s | Investigations: 14 | cell ETA 14m46s (+eval)
2026-10-01 10:17:26 | B11   ports   seed49 | ep 20/31 | Reward:   361.0 | Acc: 0.828 | Eps: 0.1351->0.1216 | t: 81.0s | Investigations: 13 | cell ETA 13m36s (+eval)
2026-10-01 10:18:45 | B11   ports   seed49 | ep 21/31 | Reward:   365.0 | Acc: 0.844 | Eps: 0.1216->0.1094 | t: 78.8s | Investigations: 10 | cell ETA 12m24s (+eval)
2026-10-01 10:19:58 | B11   ports   seed49 | ep 22/31 | Reward:   334.0 | Acc: 0.816 | Eps: 0.1094->0.0985 | t: 73.0s | Investigations: 16 | cell ETA 11m09s (+eval)
2026-10-01 10:21:09 | B11   ports   seed49 | ep 23/31 | Reward:   397.0 | Acc: 0.844 | Eps: 0.0985->0.0886 | t: 71.0s | Investigations: 6 | cell ETA 9m54s (+eval)
2026-10-01 10:22:17 | B11   ports   seed49 | ep 24/31 | Reward:   414.0 | Acc: 0.879 | Eps: 0.0886->0.0798 | t: 67.7s | Investigations: 6 | cell ETA 8m37s (+eval)
2026-10-01 10:23:23 | B11   ports   seed49 | ep 25/31 | Reward:   425.0 | Acc: 0.852 | Eps: 0.0798->0.0718 | t: 66.7s | Investigations: 8 | cell ETA 7m22s (+eval)
2026-10-01 10:24:30 | B11   ports   seed49 | ep 26/31 | Reward:   363.0 | Acc: 0.859 | Eps: 0.0718->0.0646 | t: 66.6s | Investigations: 6 | cell ETA 6m07s (+eval)
2026-10-01 10:25:35 | B11   ports   seed49 | ep 27/31 | Reward:   490.0 | Acc: 0.895 | Eps: 0.0646->0.0581 | t: 65.2s | Investigations: 5 | cell ETA 4m52s (+eval)
2026-10-01 10:26:39 | B11   ports   seed49 | ep 28/31 | Reward:   335.0 | Acc: 0.844 | Eps: 0.0581->0.0523 | t: 64.1s | Investigations: 5 | cell ETA 3m38s (+eval)
2026-10-01 10:27:44 | B11   ports   seed49 | ep 29/31 | Reward:   410.0 | Acc: 0.887 | Eps: 0.0523->0.0500 | t: 64.2s | Investigations: 3 | cell ETA 2m24s (+eval)
2026-10-01 10:29:04 | B11   ports   seed49 | ep 30/31 | Reward:   471.0 | Acc: 0.883 | Eps: 0.0500->0.0500 | t: 80.6s | Investigations: 7 | cell ETA 1m12s (+eval)
2026-10-01 10:30:25 | B11   ports   seed49 | ep 31/31 | Reward:   479.0 | Acc: 0.895 | Eps: 0.0500->0.0500 | t: 80.8s | Investigations: 7 | cell ETA 0s (+eval)
2026-10-01 10:30:42 | B11   ports   seed49 | DONE in 38m03s | KT_F1=82.97 KT_AUC=93.84 | ZD weighted=94.08 macro=56.41
2026-10-01 10:30:45 | rf    ports   seed49 | START supervised
2026-10-01 10:44:53 | rf    ports   seed49 | [rf] Known-Test Recall=97.08%  ROC-AUC=99.69%  |  Weighted-ZD=65.05%  Macro-ZD=48.69%  (848s)
2026-10-01 10:44:53 | rf    ports   seed49 | DONE in 14m08s -> C:\Users\Dr. Zarepour\Desktop\RL_IDS\Codes\experiments\MULTISEED\runs\supervised\rf\ports\seed49
2026-10-01 10:44:55 | xgb   ports   seed49 | START supervised
2026-10-01 10:47:45 | xgb   ports   seed49 | [xgb] Known-Test Recall=97.09%  ROC-AUC=99.67%  |  Weighted-ZD=64.71%  Macro-ZD=47.35%  (168s)
2026-10-01 10:47:45 | xgb   ports   seed49 | DONE in 2m49s -> C:\Users\Dr. Zarepour\Desktop\RL_IDS\Codes\experiments\MULTISEED\runs\supervised\xgb\ports\seed49
2026-10-01 10:47:46 | mlp   ports   seed49 | START supervised
2026-10-01 10:49:58 | mlp   ports   seed49 | [mlp] Known-Test Recall=94.86%  ROC-AUC=99.13%  |  Weighted-ZD=95.67%  Macro-ZD=49.01%  (131s)
2026-10-01 10:49:58 | mlp   ports   seed49 | DONE in 2m11s -> C:\Users\Dr. Zarepour\Desktop\RL_IDS\Codes\experiments\MULTISEED\runs\supervised\mlp\ports\seed49
2026-10-01 10:50:00 | lstm  ports   seed49 | START supervised
2026-10-01 12:22:29 | lstm  ports   seed49 | [lstm] Known-Test Recall=92.29%  ROC-AUC=99.21%  |  Weighted-ZD=92.38%  Macro-ZD=36.14%  (5548s)
2026-10-01 12:22:29 | lstm  ports   seed49 | DONE in 1h32m -> C:\Users\Dr. Zarepour\Desktop\RL_IDS\Codes\experiments\MULTISEED\runs\supervised\lstm\ports\seed49
2026-10-01 23:36:04 | B10 ports seed42 | START (rerun, quota fix)
2026-10-01 23:36:12 | B10   ports   seed42 | START training
2026-10-01 23:37:31 | B10   ports   seed42 | ep  1/31 | Reward:    16.0 | Acc: 0.531 | Eps: 1.0000->0.9000 | t: 76.3s | cell ETA 38m09s (+eval)
2026-10-01 23:38:48 | B10   ports   seed42 | ep  2/31 | Reward:    36.0 | Acc: 0.570 | Eps: 0.9000->0.8100 | t: 77.4s | cell ETA 37m08s (+eval)
2026-10-01 23:40:07 | B10   ports   seed42 | ep  3/31 | Reward:    44.0 | Acc: 0.586 | Eps: 0.8100->0.7290 | t: 78.4s | cell ETA 36m06s (+eval)
2026-10-01 23:41:22 | B10   ports   seed42 | ep  4/31 | Reward:    58.0 | Acc: 0.613 | Eps: 0.7290->0.6561 | t: 75.7s | cell ETA 34m37s (+eval)
2026-10-01 23:42:34 | B10   ports   seed42 | ep  5/31 | Reward:    90.0 | Acc: 0.676 | Eps: 0.6561->0.5905 | t: 72.0s | cell ETA 32m54s (+eval)
2026-10-01 23:43:43 | B10   ports   seed42 | ep  6/31 | Reward:    72.0 | Acc: 0.641 | Eps: 0.5905->0.5314 | t: 69.0s | cell ETA 31m10s (+eval)
2026-10-01 23:44:52 | B10   ports   seed42 | ep  7/31 | Reward:    78.0 | Acc: 0.652 | Eps: 0.5314->0.4783 | t: 68.2s | cell ETA 29m32s (+eval)
2026-10-01 23:46:00 | B10   ports   seed42 | ep  8/31 | Reward:    78.0 | Acc: 0.652 | Eps: 0.4783->0.4305 | t: 68.1s | cell ETA 28m02s (+eval)
2026-10-01 23:47:05 | B10   ports   seed42 | ep  9/31 | Reward:   104.0 | Acc: 0.703 | Eps: 0.4305->0.3874 | t: 65.0s | cell ETA 26m29s (+eval)
2026-10-01 23:48:08 | B10   ports   seed42 | ep 10/31 | Reward:   112.0 | Acc: 0.719 | Eps: 0.3874->0.3487 | t: 63.3s | cell ETA 24m58s (+eval)
2026-10-01 23:49:10 | B10   ports   seed42 | ep 11/31 | Reward:   118.0 | Acc: 0.730 | Eps: 0.3487->0.3138 | t: 61.6s | cell ETA 23m29s (+eval)
2026-10-01 23:50:11 | B10   ports   seed42 | ep 12/31 | Reward:   116.0 | Acc: 0.727 | Eps: 0.3138->0.2824 | t: 60.9s | cell ETA 22m03s (+eval)
2026-10-01 23:51:11 | B10   ports   seed42 | ep 13/31 | Reward:   128.0 | Acc: 0.750 | Eps: 0.2824->0.2542 | t: 60.5s | cell ETA 20m41s (+eval)
2026-10-01 23:52:22 | B10   ports   seed42 | ep 14/31 | Reward:   154.0 | Acc: 0.801 | Eps: 0.2542->0.2288 | t: 70.9s | cell ETA 19m34s (+eval)
2026-10-01 23:53:36 | B10   ports   seed42 | ep 15/31 | Reward:   138.0 | Acc: 0.770 | Eps: 0.2288->0.2059 | t: 74.1s | cell ETA 18m30s (+eval)
2026-10-01 23:54:51 | B10   ports   seed42 | ep 16/31 | Reward:   176.0 | Acc: 0.844 | Eps: 0.2059->0.1853 | t: 74.5s | cell ETA 17m26s (+eval)
2026-10-01 23:56:05 | B10   ports   seed42 | ep 17/31 | Reward:   182.0 | Acc: 0.855 | Eps: 0.1853->0.1668 | t: 74.2s | cell ETA 16m20s (+eval)
2026-10-01 23:57:19 | B10   ports   seed42 | ep 18/31 | Reward:   142.0 | Acc: 0.777 | Eps: 0.1668->0.1501 | t: 74.4s | cell ETA 15m13s (+eval)
2026-10-01 23:58:34 | B10   ports   seed42 | ep 19/31 | Reward:   188.0 | Acc: 0.867 | Eps: 0.1501->0.1351 | t: 74.1s | cell ETA 14m05s (+eval)
2026-10-01 23:59:48 | B10   ports   seed42 | ep 20/31 | Reward:   182.0 | Acc: 0.855 | Eps: 0.1351->0.1216 | t: 74.4s | cell ETA 12m57s (+eval)
2026-10-02 00:01:04 | B10   ports   seed42 | ep 21/31 | Reward:   166.0 | Acc: 0.824 | Eps: 0.1216->0.1094 | t: 76.3s | cell ETA 11m49s (+eval)
2026-10-02 00:02:19 | B10   ports   seed42 | ep 22/31 | Reward:   204.0 | Acc: 0.898 | Eps: 0.1094->0.0985 | t: 74.3s | cell ETA 10m39s (+eval)
2026-10-02 00:03:29 | B10   ports   seed42 | ep 23/31 | Reward:   188.0 | Acc: 0.867 | Eps: 0.0985->0.0886 | t: 70.4s | cell ETA 9m28s (+eval)
2026-10-02 00:04:39 | B10   ports   seed42 | ep 24/31 | Reward:   188.0 | Acc: 0.867 | Eps: 0.0886->0.0798 | t: 70.3s | cell ETA 8m17s (+eval)
2026-10-02 00:05:47 | B10   ports   seed42 | ep 25/31 | Reward:   182.0 | Acc: 0.855 | Eps: 0.0798->0.0718 | t: 67.4s | cell ETA 7m05s (+eval)
2026-10-02 00:06:52 | B10   ports   seed42 | ep 26/31 | Reward:   194.0 | Acc: 0.879 | Eps: 0.0718->0.0646 | t: 65.0s | cell ETA 5m53s (+eval)
2026-10-02 00:07:56 | B10   ports   seed42 | ep 27/31 | Reward:   178.0 | Acc: 0.848 | Eps: 0.0646->0.0581 | t: 64.5s | cell ETA 4m41s (+eval)
2026-10-02 00:09:00 | B10   ports   seed42 | ep 28/31 | Reward:   176.0 | Acc: 0.844 | Eps: 0.0581->0.0523 | t: 63.7s | cell ETA 3m30s (+eval)
2026-10-02 00:10:03 | B10   ports   seed42 | ep 29/31 | Reward:   176.0 | Acc: 0.844 | Eps: 0.0523->0.0500 | t: 63.4s | cell ETA 2m19s (+eval)
2026-10-02 00:11:19 | B10   ports   seed42 | ep 30/31 | Reward:   198.0 | Acc: 0.887 | Eps: 0.0500->0.0500 | t: 75.1s | cell ETA 1m10s (+eval)
2026-10-02 00:12:34 | B10   ports   seed42 | ep 31/31 | Reward:   188.0 | Acc: 0.867 | Eps: 0.0500->0.0500 | t: 75.0s | cell ETA 0s (+eval)
2026-10-02 00:12:50 | B10   ports   seed42 | DONE in 36m38s | KT_F1=80.17 KT_AUC=94.35 | ZD weighted=98.51 macro=72.80
2026-10-02 00:12:51 | B10 ports seed42 | DONE rc=0 in 36m
2026-10-02 00:12:51 | B10 ports seed43 | START (rerun, quota fix)
2026-10-02 00:12:56 | B10   ports   seed43 | START training
2026-10-02 00:14:08 | B10   ports   seed43 | ep  1/31 | Reward:    -6.0 | Acc: 0.488 | Eps: 1.0000->0.9000 | t: 69.3s | cell ETA 34m39s (+eval)
2026-10-02 00:15:18 | B10   ports   seed43 | ep  2/31 | Reward:    28.0 | Acc: 0.555 | Eps: 0.9000->0.8100 | t: 70.3s | cell ETA 33m44s (+eval)
2026-10-02 00:16:29 | B10   ports   seed43 | ep  3/31 | Reward:    68.0 | Acc: 0.633 | Eps: 0.8100->0.7290 | t: 71.3s | cell ETA 32m48s (+eval)
2026-10-02 00:17:41 | B10   ports   seed43 | ep  4/31 | Reward:    44.0 | Acc: 0.586 | Eps: 0.7290->0.6561 | t: 71.5s | cell ETA 31m46s (+eval)
2026-10-02 00:18:51 | B10   ports   seed43 | ep  5/31 | Reward:    70.0 | Acc: 0.637 | Eps: 0.6561->0.5905 | t: 70.3s | cell ETA 30m34s (+eval)
2026-10-02 00:20:00 | B10   ports   seed43 | ep  6/31 | Reward:    82.0 | Acc: 0.660 | Eps: 0.5905->0.5314 | t: 68.2s | cell ETA 29m13s (+eval)
2026-10-02 00:21:05 | B10   ports   seed43 | ep  7/31 | Reward:    86.0 | Acc: 0.668 | Eps: 0.5314->0.4783 | t: 65.8s | cell ETA 27m48s (+eval)
2026-10-02 00:22:11 | B10   ports   seed43 | ep  8/31 | Reward:    92.0 | Acc: 0.680 | Eps: 0.4783->0.4305 | t: 65.3s | cell ETA 26m27s (+eval)
2026-10-02 00:23:15 | B10   ports   seed43 | ep  9/31 | Reward:   134.0 | Acc: 0.762 | Eps: 0.4305->0.3874 | t: 64.2s | cell ETA 25m06s (+eval)
2026-10-02 00:24:17 | B10   ports   seed43 | ep 10/31 | Reward:   102.0 | Acc: 0.699 | Eps: 0.3874->0.3487 | t: 62.4s | cell ETA 23m45s (+eval)
2026-10-02 00:25:19 | B10   ports   seed43 | ep 11/31 | Reward:   104.0 | Acc: 0.703 | Eps: 0.3487->0.3138 | t: 61.4s | cell ETA 22m25s (+eval)
2026-10-02 00:26:20 | B10   ports   seed43 | ep 12/31 | Reward:   126.0 | Acc: 0.746 | Eps: 0.3138->0.2824 | t: 61.4s | cell ETA 21m08s (+eval)
2026-10-02 00:27:21 | B10   ports   seed43 | ep 13/31 | Reward:   124.0 | Acc: 0.742 | Eps: 0.2824->0.2542 | t: 60.8s | cell ETA 19m53s (+eval)
2026-10-02 00:28:25 | B10   ports   seed43 | ep 14/31 | Reward:   134.0 | Acc: 0.762 | Eps: 0.2542->0.2288 | t: 64.0s | cell ETA 18m44s (+eval)
2026-10-02 00:29:39 | B10   ports   seed43 | ep 15/31 | Reward:   140.0 | Acc: 0.773 | Eps: 0.2288->0.2059 | t: 73.9s | cell ETA 17m46s (+eval)
2026-10-02 00:30:54 | B10   ports   seed43 | ep 16/31 | Reward:   180.0 | Acc: 0.852 | Eps: 0.2059->0.1853 | t: 75.4s | cell ETA 16m48s (+eval)
2026-10-02 00:32:10 | B10   ports   seed43 | ep 17/31 | Reward:   156.0 | Acc: 0.805 | Eps: 0.1853->0.1668 | t: 75.5s | cell ETA 15m47s (+eval)
2026-10-02 00:33:26 | B10   ports   seed43 | ep 18/31 | Reward:   158.0 | Acc: 0.809 | Eps: 0.1668->0.1501 | t: 76.1s | cell ETA 14m46s (+eval)
2026-10-02 00:34:42 | B10   ports   seed43 | ep 19/31 | Reward:   176.0 | Acc: 0.844 | Eps: 0.1501->0.1351 | t: 76.3s | cell ETA 13m43s (+eval)
2026-10-02 00:35:56 | B10   ports   seed43 | ep 20/31 | Reward:   174.0 | Acc: 0.840 | Eps: 0.1351->0.1216 | t: 74.4s | cell ETA 12m37s (+eval)
2026-10-02 00:37:08 | B10   ports   seed43 | ep 21/31 | Reward:   188.0 | Acc: 0.867 | Eps: 0.1216->0.1094 | t: 71.0s | cell ETA 11m29s (+eval)
2026-10-02 00:38:15 | B10   ports   seed43 | ep 22/31 | Reward:   188.0 | Acc: 0.867 | Eps: 0.1094->0.0985 | t: 67.5s | cell ETA 10m20s (+eval)
2026-10-02 00:39:20 | B10   ports   seed43 | ep 23/31 | Reward:   180.0 | Acc: 0.852 | Eps: 0.0985->0.0886 | t: 64.5s | cell ETA 9m09s (+eval)
2026-10-02 00:40:24 | B10   ports   seed43 | ep 24/31 | Reward:   176.0 | Acc: 0.844 | Eps: 0.0886->0.0798 | t: 64.3s | cell ETA 7m59s (+eval)
2026-10-02 00:41:27 | B10   ports   seed43 | ep 25/31 | Reward:   194.0 | Acc: 0.879 | Eps: 0.0798->0.0718 | t: 62.9s | cell ETA 6m49s (+eval)
2026-10-02 00:42:29 | B10   ports   seed43 | ep 26/31 | Reward:   192.0 | Acc: 0.875 | Eps: 0.0718->0.0646 | t: 62.2s | cell ETA 5m40s (+eval)
2026-10-02 00:43:31 | B10   ports   seed43 | ep 27/31 | Reward:   174.0 | Acc: 0.840 | Eps: 0.0646->0.0581 | t: 62.5s | cell ETA 4m31s (+eval)
2026-10-02 00:44:34 | B10   ports   seed43 | ep 28/31 | Reward:   194.0 | Acc: 0.879 | Eps: 0.0581->0.0523 | t: 62.1s | cell ETA 3m23s (+eval)
2026-10-02 00:45:49 | B10   ports   seed43 | ep 29/31 | Reward:   194.0 | Acc: 0.879 | Eps: 0.0523->0.0500 | t: 75.9s | cell ETA 2m15s (+eval)
2026-10-02 00:47:05 | B10   ports   seed43 | ep 30/31 | Reward:   182.0 | Acc: 0.855 | Eps: 0.0500->0.0500 | t: 75.6s | cell ETA 1m08s (+eval)
2026-10-02 00:48:21 | B10   ports   seed43 | ep 31/31 | Reward:   200.0 | Acc: 0.891 | Eps: 0.0500->0.0500 | t: 75.7s | cell ETA 0s (+eval)
2026-10-02 00:48:38 | B10   ports   seed43 | DONE in 35m42s | KT_F1=80.56 KT_AUC=92.84 | ZD weighted=99.14 macro=71.56
2026-10-02 00:48:39 | B10 ports seed43 | DONE rc=0 in 35m
2026-10-02 00:48:39 | B10 ports seed44 | START (rerun, quota fix)
2026-10-02 00:48:43 | B10   ports   seed44 | START training
2026-10-02 00:49:56 | B10   ports   seed44 | ep  1/31 | Reward:    38.0 | Acc: 0.574 | Eps: 1.0000->0.9000 | t: 70.2s | cell ETA 35m06s (+eval)
2026-10-02 00:51:07 | B10   ports   seed44 | ep  2/31 | Reward:    14.0 | Acc: 0.527 | Eps: 0.9000->0.8100 | t: 70.8s | cell ETA 34m04s (+eval)
2026-10-02 00:52:17 | B10   ports   seed44 | ep  3/31 | Reward:    32.0 | Acc: 0.562 | Eps: 0.8100->0.7290 | t: 70.4s | cell ETA 32m53s (+eval)
2026-10-02 00:53:29 | B10   ports   seed44 | ep  4/31 | Reward:    52.0 | Acc: 0.602 | Eps: 0.7290->0.6561 | t: 71.3s | cell ETA 31m48s (+eval)
2026-10-02 00:54:38 | B10   ports   seed44 | ep  5/31 | Reward:    58.0 | Acc: 0.613 | Eps: 0.6561->0.5905 | t: 69.6s | cell ETA 30m31s (+eval)
2026-10-02 00:55:45 | B10   ports   seed44 | ep  6/31 | Reward:    60.0 | Acc: 0.617 | Eps: 0.5905->0.5314 | t: 67.1s | cell ETA 29m07s (+eval)
2026-10-02 00:56:50 | B10   ports   seed44 | ep  7/31 | Reward:    72.0 | Acc: 0.641 | Eps: 0.5314->0.4783 | t: 65.0s | cell ETA 27m40s (+eval)
2026-10-02 00:57:53 | B10   ports   seed44 | ep  8/31 | Reward:   108.0 | Acc: 0.711 | Eps: 0.4783->0.4305 | t: 62.8s | cell ETA 26m13s (+eval)
2026-10-02 00:58:54 | B10   ports   seed44 | ep  9/31 | Reward:   134.0 | Acc: 0.762 | Eps: 0.4305->0.3874 | t: 61.1s | cell ETA 24m46s (+eval)
2026-10-02 00:59:56 | B10   ports   seed44 | ep 10/31 | Reward:   106.0 | Acc: 0.707 | Eps: 0.3874->0.3487 | t: 61.6s | cell ETA 23m26s (+eval)
2026-10-02 01:00:57 | B10   ports   seed44 | ep 11/31 | Reward:   122.0 | Acc: 0.738 | Eps: 0.3487->0.3138 | t: 60.9s | cell ETA 22m08s (+eval)
2026-10-02 01:02:06 | B10   ports   seed44 | ep 12/31 | Reward:   116.0 | Acc: 0.727 | Eps: 0.3138->0.2824 | t: 68.7s | cell ETA 21m05s (+eval)
2026-10-02 01:03:23 | B10   ports   seed44 | ep 13/31 | Reward:   140.0 | Acc: 0.773 | Eps: 0.2824->0.2542 | t: 77.1s | cell ETA 20m13s (+eval)
2026-10-02 01:04:39 | B10   ports   seed44 | ep 14/31 | Reward:   150.0 | Acc: 0.793 | Eps: 0.2542->0.2288 | t: 75.9s | cell ETA 19m16s (+eval)
2026-10-02 01:05:54 | B10   ports   seed44 | ep 15/31 | Reward:   166.0 | Acc: 0.824 | Eps: 0.2288->0.2059 | t: 75.3s | cell ETA 18m16s (+eval)
2026-10-02 01:07:09 | B10   ports   seed44 | ep 16/31 | Reward:   152.0 | Acc: 0.797 | Eps: 0.2059->0.1853 | t: 75.1s | cell ETA 17m13s (+eval)
2026-10-02 01:08:23 | B10   ports   seed44 | ep 17/31 | Reward:   182.0 | Acc: 0.855 | Eps: 0.1853->0.1668 | t: 74.4s | cell ETA 16m09s (+eval)
2026-10-02 01:09:35 | B10   ports   seed44 | ep 18/31 | Reward:   194.0 | Acc: 0.879 | Eps: 0.1668->0.1501 | t: 71.9s | cell ETA 15m02s (+eval)
2026-10-02 01:10:46 | B10   ports   seed44 | ep 19/31 | Reward:   142.0 | Acc: 0.777 | Eps: 0.1501->0.1351 | t: 70.7s | cell ETA 13m53s (+eval)
2026-10-02 01:11:54 | B10   ports   seed44 | ep 20/31 | Reward:   182.0 | Acc: 0.855 | Eps: 0.1351->0.1216 | t: 67.8s | cell ETA 12m43s (+eval)
2026-10-02 01:13:01 | B10   ports   seed44 | ep 21/31 | Reward:   196.0 | Acc: 0.883 | Eps: 0.1216->0.1094 | t: 67.3s | cell ETA 11m32s (+eval)
2026-10-02 01:14:07 | B10   ports   seed44 | ep 22/31 | Reward:   170.0 | Acc: 0.832 | Eps: 0.1094->0.0985 | t: 65.6s | cell ETA 10m22s (+eval)
2026-10-02 01:15:11 | B10   ports   seed44 | ep 23/31 | Reward:   168.0 | Acc: 0.828 | Eps: 0.0985->0.0886 | t: 63.9s | cell ETA 9m11s (+eval)
2026-10-02 01:16:14 | B10   ports   seed44 | ep 24/31 | Reward:   178.0 | Acc: 0.848 | Eps: 0.0886->0.0798 | t: 63.2s | cell ETA 8m00s (+eval)
2026-10-02 01:17:16 | B10   ports   seed44 | ep 25/31 | Reward:   182.0 | Acc: 0.855 | Eps: 0.0798->0.0718 | t: 62.6s | cell ETA 6m50s (+eval)
2026-10-02 01:18:23 | B10   ports   seed44 | ep 26/31 | Reward:   184.0 | Acc: 0.859 | Eps: 0.0718->0.0646 | t: 66.1s | cell ETA 5m41s (+eval)
2026-10-02 01:19:39 | B10   ports   seed44 | ep 27/31 | Reward:   180.0 | Acc: 0.852 | Eps: 0.0646->0.0581 | t: 76.6s | cell ETA 4m34s (+eval)
2026-10-02 01:20:55 | B10   ports   seed44 | ep 28/31 | Reward:   188.0 | Acc: 0.867 | Eps: 0.0581->0.0523 | t: 76.2s | cell ETA 3m26s (+eval)
2026-10-02 01:22:12 | B10   ports   seed44 | ep 29/31 | Reward:   190.0 | Acc: 0.871 | Eps: 0.0523->0.0500 | t: 76.3s | cell ETA 2m18s (+eval)
2026-10-02 01:23:28 | B10   ports   seed44 | ep 30/31 | Reward:   184.0 | Acc: 0.859 | Eps: 0.0500->0.0500 | t: 76.4s | cell ETA 1m09s (+eval)
2026-10-02 01:24:42 | B10   ports   seed44 | ep 31/31 | Reward:   210.0 | Acc: 0.910 | Eps: 0.0500->0.0500 | t: 73.8s | cell ETA 0s (+eval)
2026-10-02 01:24:58 | B10   ports   seed44 | DONE in 36m14s | KT_F1=81.59 KT_AUC=92.32 | ZD weighted=97.94 macro=66.05
2026-10-02 01:24:58 | B10 ports seed44 | DONE rc=0 in 36m
2026-10-02 01:24:58 | B10 ports seed45 | START (rerun, quota fix)
2026-10-02 01:25:02 | B10   ports   seed45 | START training
2026-10-02 01:26:07 | B10   ports   seed45 | ep  1/31 | Reward:    -2.0 | Acc: 0.496 | Eps: 1.0000->0.9000 | t: 61.8s | cell ETA 30m54s (+eval)
2026-10-02 01:27:09 | B10   ports   seed45 | ep  2/31 | Reward:    12.0 | Acc: 0.523 | Eps: 0.9000->0.8100 | t: 62.6s | cell ETA 30m03s (+eval)
2026-10-02 01:28:12 | B10   ports   seed45 | ep  3/31 | Reward:    44.0 | Acc: 0.586 | Eps: 0.8100->0.7290 | t: 62.5s | cell ETA 29m04s (+eval)
2026-10-02 01:29:14 | B10   ports   seed45 | ep  4/31 | Reward:    18.0 | Acc: 0.535 | Eps: 0.7290->0.6561 | t: 62.5s | cell ETA 28m03s (+eval)
2026-10-02 01:30:16 | B10   ports   seed45 | ep  5/31 | Reward:    68.0 | Acc: 0.633 | Eps: 0.6561->0.5905 | t: 61.2s | cell ETA 26m55s (+eval)
2026-10-02 01:31:16 | B10   ports   seed45 | ep  6/31 | Reward:    84.0 | Acc: 0.664 | Eps: 0.5905->0.5314 | t: 60.5s | cell ETA 25m46s (+eval)
2026-10-02 01:32:17 | B10   ports   seed45 | ep  7/31 | Reward:    90.0 | Acc: 0.676 | Eps: 0.5314->0.4783 | t: 61.1s | cell ETA 24m41s (+eval)
2026-10-02 01:33:19 | B10   ports   seed45 | ep  8/31 | Reward:   102.0 | Acc: 0.699 | Eps: 0.4783->0.4305 | t: 61.7s | cell ETA 23m39s (+eval)
2026-10-02 01:34:19 | B10   ports   seed45 | ep  9/31 | Reward:   104.0 | Acc: 0.703 | Eps: 0.4305->0.3874 | t: 60.3s | cell ETA 22m34s (+eval)
2026-10-02 01:35:19 | B10   ports   seed45 | ep 10/31 | Reward:   108.0 | Acc: 0.711 | Eps: 0.3874->0.3487 | t: 59.9s | cell ETA 21m29s (+eval)
2026-10-02 01:36:21 | B10   ports   seed45 | ep 11/31 | Reward:   132.0 | Acc: 0.758 | Eps: 0.3487->0.3138 | t: 61.8s | cell ETA 20m28s (+eval)
2026-10-02 01:37:36 | B10   ports   seed45 | ep 12/31 | Reward:   130.0 | Acc: 0.754 | Eps: 0.3138->0.2824 | t: 74.6s | cell ETA 19m48s (+eval)
2026-10-02 01:38:50 | B10   ports   seed45 | ep 13/31 | Reward:   146.0 | Acc: 0.785 | Eps: 0.2824->0.2542 | t: 74.4s | cell ETA 19m02s (+eval)
2026-10-02 01:40:05 | B10   ports   seed45 | ep 14/31 | Reward:   156.0 | Acc: 0.805 | Eps: 0.2542->0.2288 | t: 75.3s | cell ETA 18m13s (+eval)
2026-10-02 01:41:20 | B10   ports   seed45 | ep 15/31 | Reward:   152.0 | Acc: 0.797 | Eps: 0.2288->0.2059 | t: 74.5s | cell ETA 17m19s (+eval)
2026-10-02 01:42:34 | B10   ports   seed45 | ep 16/31 | Reward:   164.0 | Acc: 0.820 | Eps: 0.2059->0.1853 | t: 74.3s | cell ETA 16m23s (+eval)
2026-10-02 01:43:45 | B10   ports   seed45 | ep 17/31 | Reward:   162.0 | Acc: 0.816 | Eps: 0.1853->0.1668 | t: 71.1s | cell ETA 15m22s (+eval)
2026-10-02 01:44:53 | B10   ports   seed45 | ep 18/31 | Reward:   156.0 | Acc: 0.805 | Eps: 0.1668->0.1501 | t: 67.9s | cell ETA 14m18s (+eval)
2026-10-02 01:45:59 | B10   ports   seed45 | ep 19/31 | Reward:   180.0 | Acc: 0.852 | Eps: 0.1501->0.1351 | t: 66.0s | cell ETA 13m12s (+eval)
2026-10-02 01:47:05 | B10   ports   seed45 | ep 20/31 | Reward:   178.0 | Acc: 0.848 | Eps: 0.1351->0.1216 | t: 65.7s | cell ETA 12m05s (+eval)
2026-10-02 01:48:10 | B10   ports   seed45 | ep 21/31 | Reward:   180.0 | Acc: 0.852 | Eps: 0.1216->0.1094 | t: 64.7s | cell ETA 10m59s (+eval)
2026-10-02 01:49:14 | B10   ports   seed45 | ep 22/31 | Reward:   176.0 | Acc: 0.844 | Eps: 0.1094->0.0985 | t: 64.7s | cell ETA 9m52s (+eval)
2026-10-02 01:50:17 | B10   ports   seed45 | ep 23/31 | Reward:   176.0 | Acc: 0.844 | Eps: 0.0985->0.0886 | t: 62.9s | cell ETA 8m45s (+eval)
2026-10-02 01:51:20 | B10   ports   seed45 | ep 24/31 | Reward:   178.0 | Acc: 0.848 | Eps: 0.0886->0.0798 | t: 62.8s | cell ETA 7m39s (+eval)
2026-10-02 01:52:22 | B10   ports   seed45 | ep 25/31 | Reward:   180.0 | Acc: 0.852 | Eps: 0.0798->0.0718 | t: 61.8s | cell ETA 6m32s (+eval)
2026-10-02 01:53:31 | B10   ports   seed45 | ep 26/31 | Reward:   172.0 | Acc: 0.836 | Eps: 0.0718->0.0646 | t: 69.1s | cell ETA 5m28s (+eval)
2026-10-02 01:54:47 | B10   ports   seed45 | ep 27/31 | Reward:   194.0 | Acc: 0.879 | Eps: 0.0646->0.0581 | t: 76.1s | cell ETA 4m23s (+eval)
2026-10-02 01:56:03 | B10   ports   seed45 | ep 28/31 | Reward:   204.0 | Acc: 0.898 | Eps: 0.0581->0.0523 | t: 76.0s | cell ETA 3m19s (+eval)
2026-10-02 01:57:19 | B10   ports   seed45 | ep 29/31 | Reward:   184.0 | Acc: 0.859 | Eps: 0.0523->0.0500 | t: 76.0s | cell ETA 2m13s (+eval)
2026-10-02 01:58:35 | B10   ports   seed45 | ep 30/31 | Reward:   200.0 | Acc: 0.891 | Eps: 0.0500->0.0500 | t: 76.3s | cell ETA 1m07s (+eval)
2026-10-02 01:59:47 | B10   ports   seed45 | ep 31/31 | Reward:   176.0 | Acc: 0.844 | Eps: 0.0500->0.0500 | t: 71.8s | cell ETA 0s (+eval)
2026-10-02 02:00:03 | B10   ports   seed45 | DONE in 35m00s | KT_F1=78.80 KT_AUC=95.24 | ZD weighted=97.74 macro=67.56
2026-10-02 02:00:04 | B10 ports seed45 | DONE rc=0 in 35m
2026-10-02 02:00:04 | B10 ports seed46 | START (rerun, quota fix)
2026-10-02 02:00:11 | B10   ports   seed46 | START training
2026-10-02 02:01:17 | B10   ports   seed46 | ep  1/31 | Reward:    22.0 | Acc: 0.543 | Eps: 1.0000->0.9000 | t: 63.7s | cell ETA 31m51s (+eval)
2026-10-02 02:02:19 | B10   ports   seed46 | ep  2/31 | Reward:    26.0 | Acc: 0.551 | Eps: 0.9000->0.8100 | t: 61.8s | cell ETA 30m19s (+eval)
2026-10-02 02:03:21 | B10   ports   seed46 | ep  3/31 | Reward:    40.0 | Acc: 0.578 | Eps: 0.8100->0.7290 | t: 62.2s | cell ETA 29m11s (+eval)
2026-10-02 02:04:23 | B10   ports   seed46 | ep  4/31 | Reward:    52.0 | Acc: 0.602 | Eps: 0.7290->0.6561 | t: 61.6s | cell ETA 28m02s (+eval)
2026-10-02 02:05:23 | B10   ports   seed46 | ep  5/31 | Reward:    76.0 | Acc: 0.648 | Eps: 0.6561->0.5905 | t: 60.6s | cell ETA 26m51s (+eval)
2026-10-02 02:06:24 | B10   ports   seed46 | ep  6/31 | Reward:    70.0 | Acc: 0.637 | Eps: 0.5905->0.5314 | t: 60.6s | cell ETA 25m43s (+eval)
2026-10-02 02:07:25 | B10   ports   seed46 | ep  7/31 | Reward:    84.0 | Acc: 0.664 | Eps: 0.5314->0.4783 | t: 61.1s | cell ETA 24m39s (+eval)
2026-10-02 02:08:26 | B10   ports   seed46 | ep  8/31 | Reward:    72.0 | Acc: 0.641 | Eps: 0.4783->0.4305 | t: 60.5s | cell ETA 23m34s (+eval)
2026-10-02 02:09:26 | B10   ports   seed46 | ep  9/31 | Reward:    98.0 | Acc: 0.691 | Eps: 0.4305->0.3874 | t: 60.0s | cell ETA 22m29s (+eval)
2026-10-02 02:10:26 | B10   ports   seed46 | ep 10/31 | Reward:   108.0 | Acc: 0.711 | Eps: 0.3874->0.3487 | t: 60.1s | cell ETA 21m25s (+eval)
2026-10-02 02:11:40 | B10   ports   seed46 | ep 11/31 | Reward:   124.0 | Acc: 0.742 | Eps: 0.3487->0.3138 | t: 73.8s | cell ETA 20m47s (+eval)
2026-10-02 02:12:54 | B10   ports   seed46 | ep 12/31 | Reward:   130.0 | Acc: 0.754 | Eps: 0.3138->0.2824 | t: 74.6s | cell ETA 20m04s (+eval)
2026-10-02 02:14:09 | B10   ports   seed46 | ep 13/31 | Reward:   148.0 | Acc: 0.789 | Eps: 0.2824->0.2542 | t: 74.6s | cell ETA 19m16s (+eval)
2026-10-02 02:15:23 | B10   ports   seed46 | ep 14/31 | Reward:   150.0 | Acc: 0.793 | Eps: 0.2542->0.2288 | t: 74.4s | cell ETA 18m24s (+eval)
2026-10-02 02:16:38 | B10   ports   seed46 | ep 15/31 | Reward:   158.0 | Acc: 0.809 | Eps: 0.2288->0.2059 | t: 74.5s | cell ETA 17m29s (+eval)
2026-10-02 02:17:50 | B10   ports   seed46 | ep 16/31 | Reward:   154.0 | Acc: 0.801 | Eps: 0.2059->0.1853 | t: 72.6s | cell ETA 16m30s (+eval)
2026-10-02 02:18:59 | B10   ports   seed46 | ep 17/31 | Reward:   156.0 | Acc: 0.805 | Eps: 0.1853->0.1668 | t: 68.7s | cell ETA 15m26s (+eval)
2026-10-02 02:20:04 | B10   ports   seed46 | ep 18/31 | Reward:   180.0 | Acc: 0.852 | Eps: 0.1668->0.1501 | t: 64.5s | cell ETA 14m19s (+eval)
2026-10-02 02:21:07 | B10   ports   seed46 | ep 19/31 | Reward:   168.0 | Acc: 0.828 | Eps: 0.1501->0.1351 | t: 63.4s | cell ETA 13m11s (+eval)
2026-10-02 02:22:11 | B10   ports   seed46 | ep 20/31 | Reward:   190.0 | Acc: 0.871 | Eps: 0.1351->0.1216 | t: 63.7s | cell ETA 12m04s (+eval)
2026-10-02 02:23:13 | B10   ports   seed46 | ep 21/31 | Reward:   178.0 | Acc: 0.848 | Eps: 0.1216->0.1094 | t: 62.4s | cell ETA 10m56s (+eval)
2026-10-02 02:24:16 | B10   ports   seed46 | ep 22/31 | Reward:   188.0 | Acc: 0.867 | Eps: 0.1094->0.0985 | t: 62.5s | cell ETA 9m49s (+eval)
2026-10-02 02:25:17 | B10   ports   seed46 | ep 23/31 | Reward:   172.0 | Acc: 0.836 | Eps: 0.0985->0.0886 | t: 61.5s | cell ETA 8m42s (+eval)
2026-10-02 02:26:19 | B10   ports   seed46 | ep 24/31 | Reward:   178.0 | Acc: 0.848 | Eps: 0.0886->0.0798 | t: 61.5s | cell ETA 7m36s (+eval)
2026-10-02 02:27:21 | B10   ports   seed46 | ep 25/31 | Reward:   174.0 | Acc: 0.840 | Eps: 0.0798->0.0718 | t: 62.2s | cell ETA 6m30s (+eval)
2026-10-02 02:28:23 | B10   ports   seed46 | ep 26/31 | Reward:   194.0 | Acc: 0.879 | Eps: 0.0718->0.0646 | t: 62.0s | cell ETA 5m24s (+eval)
2026-10-02 02:29:25 | B10   ports   seed46 | ep 27/31 | Reward:   204.0 | Acc: 0.898 | Eps: 0.0646->0.0581 | t: 62.1s | cell ETA 4m19s (+eval)
2026-10-02 02:30:27 | B10   ports   seed46 | ep 28/31 | Reward:   198.0 | Acc: 0.887 | Eps: 0.0581->0.0523 | t: 62.1s | cell ETA 3m14s (+eval)
2026-10-02 02:31:26 | B10   ports   seed46 | ep 29/31 | Reward:   196.0 | Acc: 0.883 | Eps: 0.0523->0.0500 | t: 59.3s | cell ETA 2m09s (+eval)
2026-10-02 02:32:25 | B10   ports   seed46 | ep 30/31 | Reward:   192.0 | Acc: 0.875 | Eps: 0.0500->0.0500 | t: 58.9s | cell ETA 1m04s (+eval)
2026-10-02 02:33:24 | B10   ports   seed46 | ep 31/31 | Reward:   190.0 | Acc: 0.871 | Eps: 0.0500->0.0500 | t: 58.9s | cell ETA 0s (+eval)
2026-10-02 02:33:38 | B10   ports   seed46 | DONE in 33m27s | KT_F1=80.56 KT_AUC=91.69 | ZD weighted=98.32 macro=67.60
2026-10-02 02:33:39 | B10 ports seed46 | DONE rc=0 in 33m
2026-10-02 02:33:39 | B10 ports seed47 | START (rerun, quota fix)
2026-10-02 02:33:42 | B10   ports   seed47 | START training
2026-10-02 02:34:39 | B10   ports   seed47 | ep  1/31 | Reward:   -12.0 | Acc: 0.477 | Eps: 1.0000->0.9000 | t: 54.7s | cell ETA 27m21s (+eval)
2026-10-02 02:35:35 | B10   ports   seed47 | ep  2/31 | Reward:     8.0 | Acc: 0.516 | Eps: 0.9000->0.8100 | t: 55.4s | cell ETA 26m36s (+eval)
2026-10-02 02:36:31 | B10   ports   seed47 | ep  3/31 | Reward:    40.0 | Acc: 0.578 | Eps: 0.8100->0.7290 | t: 55.9s | cell ETA 25m49s (+eval)
2026-10-02 02:37:27 | B10   ports   seed47 | ep  4/31 | Reward:    66.0 | Acc: 0.629 | Eps: 0.7290->0.6561 | t: 56.0s | cell ETA 24m58s (+eval)
2026-10-02 02:38:23 | B10   ports   seed47 | ep  5/31 | Reward:    88.0 | Acc: 0.672 | Eps: 0.6561->0.5905 | t: 56.4s | cell ETA 24m07s (+eval)
2026-10-02 02:39:20 | B10   ports   seed47 | ep  6/31 | Reward:    98.0 | Acc: 0.691 | Eps: 0.5905->0.5314 | t: 57.0s | cell ETA 23m17s (+eval)
2026-10-02 02:40:17 | B10   ports   seed47 | ep  7/31 | Reward:    62.0 | Acc: 0.621 | Eps: 0.5314->0.4783 | t: 56.9s | cell ETA 22m25s (+eval)
2026-10-02 02:41:14 | B10   ports   seed47 | ep  8/31 | Reward:   110.0 | Acc: 0.715 | Eps: 0.4783->0.4305 | t: 57.3s | cell ETA 21m32s (+eval)
2026-10-02 02:42:12 | B10   ports   seed47 | ep  9/31 | Reward:   122.0 | Acc: 0.738 | Eps: 0.4305->0.3874 | t: 57.3s | cell ETA 20m39s (+eval)
2026-10-02 02:43:09 | B10   ports   seed47 | ep 10/31 | Reward:   138.0 | Acc: 0.770 | Eps: 0.3874->0.3487 | t: 57.6s | cell ETA 19m45s (+eval)
2026-10-02 02:44:07 | B10   ports   seed47 | ep 11/31 | Reward:   140.0 | Acc: 0.773 | Eps: 0.3487->0.3138 | t: 57.6s | cell ETA 18m51s (+eval)
2026-10-02 02:45:04 | B10   ports   seed47 | ep 12/31 | Reward:   124.0 | Acc: 0.742 | Eps: 0.3138->0.2824 | t: 57.5s | cell ETA 17m56s (+eval)
2026-10-02 02:46:03 | B10   ports   seed47 | ep 13/31 | Reward:   158.0 | Acc: 0.809 | Eps: 0.2824->0.2542 | t: 58.1s | cell ETA 17m01s (+eval)
2026-10-02 02:47:01 | B10   ports   seed47 | ep 14/31 | Reward:   144.0 | Acc: 0.781 | Eps: 0.2542->0.2288 | t: 58.1s | cell ETA 16m06s (+eval)
2026-10-02 02:47:59 | B10   ports   seed47 | ep 15/31 | Reward:   146.0 | Acc: 0.785 | Eps: 0.2288->0.2059 | t: 58.0s | cell ETA 15m10s (+eval)
2026-10-02 02:48:57 | B10   ports   seed47 | ep 16/31 | Reward:   146.0 | Acc: 0.785 | Eps: 0.2059->0.1853 | t: 58.2s | cell ETA 14m15s (+eval)
2026-10-02 02:49:55 | B10   ports   seed47 | ep 17/31 | Reward:   176.0 | Acc: 0.844 | Eps: 0.1853->0.1668 | t: 58.3s | cell ETA 13m19s (+eval)
2026-10-02 02:50:54 | B10   ports   seed47 | ep 18/31 | Reward:   176.0 | Acc: 0.844 | Eps: 0.1668->0.1501 | t: 58.4s | cell ETA 12m22s (+eval)
2026-10-02 02:51:52 | B10   ports   seed47 | ep 19/31 | Reward:   174.0 | Acc: 0.840 | Eps: 0.1501->0.1351 | t: 58.4s | cell ETA 11m26s (+eval)
2026-10-02 02:52:51 | B10   ports   seed47 | ep 20/31 | Reward:   166.0 | Acc: 0.824 | Eps: 0.1351->0.1216 | t: 58.5s | cell ETA 10m30s (+eval)
2026-10-02 02:53:49 | B10   ports   seed47 | ep 21/31 | Reward:   174.0 | Acc: 0.840 | Eps: 0.1216->0.1094 | t: 58.7s | cell ETA 9m33s (+eval)
2026-10-02 02:54:48 | B10   ports   seed47 | ep 22/31 | Reward:   182.0 | Acc: 0.855 | Eps: 0.1094->0.0985 | t: 58.9s | cell ETA 8m36s (+eval)
2026-10-02 02:55:47 | B10   ports   seed47 | ep 23/31 | Reward:   184.0 | Acc: 0.859 | Eps: 0.0985->0.0886 | t: 58.6s | cell ETA 7m39s (+eval)
2026-10-02 02:56:45 | B10   ports   seed47 | ep 24/31 | Reward:   170.0 | Acc: 0.832 | Eps: 0.0886->0.0798 | t: 58.7s | cell ETA 6m42s (+eval)
2026-10-02 02:57:45 | B10   ports   seed47 | ep 25/31 | Reward:   174.0 | Acc: 0.840 | Eps: 0.0798->0.0718 | t: 59.4s | cell ETA 5m45s (+eval)
2026-10-02 02:58:44 | B10   ports   seed47 | ep 26/31 | Reward:   186.0 | Acc: 0.863 | Eps: 0.0718->0.0646 | t: 59.1s | cell ETA 4m48s (+eval)
2026-10-02 02:59:43 | B10   ports   seed47 | ep 27/31 | Reward:   186.0 | Acc: 0.863 | Eps: 0.0646->0.0581 | t: 58.9s | cell ETA 3m50s (+eval)
2026-10-02 03:00:42 | B10   ports   seed47 | ep 28/31 | Reward:   204.0 | Acc: 0.898 | Eps: 0.0581->0.0523 | t: 59.0s | cell ETA 2m53s (+eval)
2026-10-02 03:01:41 | B10   ports   seed47 | ep 29/31 | Reward:   188.0 | Acc: 0.867 | Eps: 0.0523->0.0500 | t: 59.0s | cell ETA 1m55s (+eval)
2026-10-02 03:02:40 | B10   ports   seed47 | ep 30/31 | Reward:   198.0 | Acc: 0.887 | Eps: 0.0500->0.0500 | t: 59.1s | cell ETA 57s (+eval)
2026-10-02 03:03:39 | B10   ports   seed47 | ep 31/31 | Reward:   182.0 | Acc: 0.855 | Eps: 0.0500->0.0500 | t: 59.1s | cell ETA 0s (+eval)
2026-10-02 03:03:53 | B10   ports   seed47 | DONE in 30m10s | KT_F1=80.56 KT_AUC=92.99 | ZD weighted=98.31 macro=66.71
2026-10-02 03:03:54 | B10 ports seed47 | DONE rc=0 in 30m
2026-10-02 03:03:54 | B10 ports seed48 | START (rerun, quota fix)
2026-10-02 03:03:57 | B10   ports   seed48 | START training
2026-10-02 03:04:54 | B10   ports   seed48 | ep  1/31 | Reward:     4.0 | Acc: 0.508 | Eps: 1.0000->0.9000 | t: 54.4s | cell ETA 27m12s (+eval)
2026-10-02 03:05:49 | B10   ports   seed48 | ep  2/31 | Reward:     4.0 | Acc: 0.508 | Eps: 0.9000->0.8100 | t: 55.1s | cell ETA 26m27s (+eval)
2026-10-02 03:06:45 | B10   ports   seed48 | ep  3/31 | Reward:    28.0 | Acc: 0.555 | Eps: 0.8100->0.7290 | t: 55.8s | cell ETA 25m42s (+eval)
2026-10-02 03:07:41 | B10   ports   seed48 | ep  4/31 | Reward:    54.0 | Acc: 0.605 | Eps: 0.7290->0.6561 | t: 56.1s | cell ETA 24m54s (+eval)
2026-10-02 03:08:37 | B10   ports   seed48 | ep  5/31 | Reward:    58.0 | Acc: 0.613 | Eps: 0.6561->0.5905 | t: 56.1s | cell ETA 24m03s (+eval)
2026-10-02 03:09:34 | B10   ports   seed48 | ep  6/31 | Reward:    56.0 | Acc: 0.609 | Eps: 0.5905->0.5314 | t: 56.6s | cell ETA 23m12s (+eval)
2026-10-02 03:10:31 | B10   ports   seed48 | ep  7/31 | Reward:    96.0 | Acc: 0.688 | Eps: 0.5314->0.4783 | t: 57.1s | cell ETA 22m21s (+eval)
2026-10-02 03:11:28 | B10   ports   seed48 | ep  8/31 | Reward:   100.0 | Acc: 0.695 | Eps: 0.4783->0.4305 | t: 57.2s | cell ETA 21m29s (+eval)
2026-10-02 03:12:26 | B10   ports   seed48 | ep  9/31 | Reward:   108.0 | Acc: 0.711 | Eps: 0.4305->0.3874 | t: 57.7s | cell ETA 20m37s (+eval)
2026-10-02 03:13:23 | B10   ports   seed48 | ep 10/31 | Reward:    84.0 | Acc: 0.664 | Eps: 0.3874->0.3487 | t: 57.4s | cell ETA 19m43s (+eval)
2026-10-02 03:14:21 | B10   ports   seed48 | ep 11/31 | Reward:   124.0 | Acc: 0.742 | Eps: 0.3487->0.3138 | t: 57.7s | cell ETA 18m49s (+eval)
2026-10-02 03:15:19 | B10   ports   seed48 | ep 12/31 | Reward:   144.0 | Acc: 0.781 | Eps: 0.3138->0.2824 | t: 58.0s | cell ETA 17m55s (+eval)
2026-10-02 03:16:17 | B10   ports   seed48 | ep 13/31 | Reward:   180.0 | Acc: 0.852 | Eps: 0.2824->0.2542 | t: 58.1s | cell ETA 17m00s (+eval)
2026-10-02 03:17:15 | B10   ports   seed48 | ep 14/31 | Reward:   170.0 | Acc: 0.832 | Eps: 0.2542->0.2288 | t: 58.2s | cell ETA 16m05s (+eval)
2026-10-02 03:18:14 | B10   ports   seed48 | ep 15/31 | Reward:   166.0 | Acc: 0.824 | Eps: 0.2288->0.2059 | t: 58.3s | cell ETA 15m10s (+eval)
2026-10-02 03:19:12 | B10   ports   seed48 | ep 16/31 | Reward:   178.0 | Acc: 0.848 | Eps: 0.2059->0.1853 | t: 58.4s | cell ETA 14m15s (+eval)
2026-10-02 03:20:10 | B10   ports   seed48 | ep 17/31 | Reward:   164.0 | Acc: 0.820 | Eps: 0.1853->0.1668 | t: 58.4s | cell ETA 13m19s (+eval)
2026-10-02 03:21:09 | B10   ports   seed48 | ep 18/31 | Reward:   162.0 | Acc: 0.816 | Eps: 0.1668->0.1501 | t: 58.3s | cell ETA 12m23s (+eval)
2026-10-02 03:22:07 | B10   ports   seed48 | ep 19/31 | Reward:   172.0 | Acc: 0.836 | Eps: 0.1501->0.1351 | t: 58.7s | cell ETA 11m26s (+eval)
2026-10-02 03:23:06 | B10   ports   seed48 | ep 20/31 | Reward:   172.0 | Acc: 0.836 | Eps: 0.1351->0.1216 | t: 58.5s | cell ETA 10m30s (+eval)
2026-10-02 03:24:04 | B10   ports   seed48 | ep 21/31 | Reward:   158.0 | Acc: 0.809 | Eps: 0.1216->0.1094 | t: 58.5s | cell ETA 9m33s (+eval)
2026-10-02 03:25:03 | B10   ports   seed48 | ep 22/31 | Reward:   164.0 | Acc: 0.820 | Eps: 0.1094->0.0985 | t: 58.4s | cell ETA 8m36s (+eval)
2026-10-02 03:26:02 | B10   ports   seed48 | ep 23/31 | Reward:   166.0 | Acc: 0.824 | Eps: 0.0985->0.0886 | t: 58.6s | cell ETA 7m39s (+eval)
2026-10-02 03:27:00 | B10   ports   seed48 | ep 24/31 | Reward:   188.0 | Acc: 0.867 | Eps: 0.0886->0.0798 | t: 58.6s | cell ETA 6m42s (+eval)
2026-10-02 03:27:59 | B10   ports   seed48 | ep 25/31 | Reward:   194.0 | Acc: 0.879 | Eps: 0.0798->0.0718 | t: 58.8s | cell ETA 5m45s (+eval)
2026-10-02 03:28:58 | B10   ports   seed48 | ep 26/31 | Reward:   180.0 | Acc: 0.852 | Eps: 0.0718->0.0646 | t: 58.9s | cell ETA 4m48s (+eval)
2026-10-02 03:29:57 | B10   ports   seed48 | ep 27/31 | Reward:   186.0 | Acc: 0.863 | Eps: 0.0646->0.0581 | t: 58.8s | cell ETA 3m50s (+eval)
2026-10-02 03:30:56 | B10   ports   seed48 | ep 28/31 | Reward:   196.0 | Acc: 0.883 | Eps: 0.0581->0.0523 | t: 58.9s | cell ETA 2m53s (+eval)
2026-10-02 03:31:55 | B10   ports   seed48 | ep 29/31 | Reward:   196.0 | Acc: 0.883 | Eps: 0.0523->0.0500 | t: 59.1s | cell ETA 1m55s (+eval)
2026-10-02 03:32:54 | B10   ports   seed48 | ep 30/31 | Reward:   178.0 | Acc: 0.848 | Eps: 0.0500->0.0500 | t: 59.0s | cell ETA 57s (+eval)
2026-10-02 03:33:53 | B10   ports   seed48 | ep 31/31 | Reward:   186.0 | Acc: 0.863 | Eps: 0.0500->0.0500 | t: 59.1s | cell ETA 0s (+eval)
2026-10-02 03:34:07 | B10   ports   seed48 | DONE in 30m09s | KT_F1=80.50 KT_AUC=95.20 | ZD weighted=97.86 macro=72.28
2026-10-02 03:34:07 | B10 ports seed48 | DONE rc=0 in 30m
2026-10-02 03:34:07 | B10 ports seed49 | START (rerun, quota fix)
2026-10-02 03:34:11 | B10   ports   seed49 | START training
2026-10-02 03:35:07 | B10   ports   seed49 | ep  1/31 | Reward:   -10.0 | Acc: 0.480 | Eps: 1.0000->0.9000 | t: 54.3s | cell ETA 27m09s (+eval)
2026-10-02 03:36:02 | B10   ports   seed49 | ep  2/31 | Reward:    10.0 | Acc: 0.520 | Eps: 0.9000->0.8100 | t: 54.9s | cell ETA 26m23s (+eval)
2026-10-02 03:36:58 | B10   ports   seed49 | ep  3/31 | Reward:    52.0 | Acc: 0.602 | Eps: 0.8100->0.7290 | t: 55.6s | cell ETA 25m38s (+eval)
2026-10-02 03:37:54 | B10   ports   seed49 | ep  4/31 | Reward:    42.0 | Acc: 0.582 | Eps: 0.7290->0.6561 | t: 55.8s | cell ETA 24m49s (+eval)
2026-10-02 03:38:50 | B10   ports   seed49 | ep  5/31 | Reward:    80.0 | Acc: 0.656 | Eps: 0.6561->0.5905 | t: 55.9s | cell ETA 23m57s (+eval)
2026-10-02 03:39:46 | B10   ports   seed49 | ep  6/31 | Reward:    82.0 | Acc: 0.660 | Eps: 0.5905->0.5314 | t: 56.6s | cell ETA 23m07s (+eval)
2026-10-02 03:40:43 | B10   ports   seed49 | ep  7/31 | Reward:    92.0 | Acc: 0.680 | Eps: 0.5314->0.4783 | t: 56.6s | cell ETA 22m16s (+eval)
2026-10-02 03:41:40 | B10   ports   seed49 | ep  8/31 | Reward:   120.0 | Acc: 0.734 | Eps: 0.4783->0.4305 | t: 57.2s | cell ETA 21m24s (+eval)
2026-10-02 03:42:37 | B10   ports   seed49 | ep  9/31 | Reward:    92.0 | Acc: 0.680 | Eps: 0.4305->0.3874 | t: 57.2s | cell ETA 20m32s (+eval)
2026-10-02 03:43:35 | B10   ports   seed49 | ep 10/31 | Reward:   132.0 | Acc: 0.758 | Eps: 0.3874->0.3487 | t: 57.5s | cell ETA 19m39s (+eval)
2026-10-02 03:44:32 | B10   ports   seed49 | ep 11/31 | Reward:   138.0 | Acc: 0.770 | Eps: 0.3487->0.3138 | t: 57.5s | cell ETA 18m45s (+eval)
2026-10-02 03:45:30 | B10   ports   seed49 | ep 12/31 | Reward:   146.0 | Acc: 0.785 | Eps: 0.3138->0.2824 | t: 57.7s | cell ETA 17m51s (+eval)
2026-10-02 03:46:28 | B10   ports   seed49 | ep 13/31 | Reward:   146.0 | Acc: 0.785 | Eps: 0.2824->0.2542 | t: 58.1s | cell ETA 16m57s (+eval)
2026-10-02 03:47:26 | B10   ports   seed49 | ep 14/31 | Reward:   146.0 | Acc: 0.785 | Eps: 0.2542->0.2288 | t: 58.0s | cell ETA 16m02s (+eval)
2026-10-02 03:48:24 | B10   ports   seed49 | ep 15/31 | Reward:   148.0 | Acc: 0.789 | Eps: 0.2288->0.2059 | t: 58.1s | cell ETA 15m07s (+eval)
2026-10-02 03:49:23 | B10   ports   seed49 | ep 16/31 | Reward:   162.0 | Acc: 0.816 | Eps: 0.2059->0.1853 | t: 58.7s | cell ETA 14m12s (+eval)
2026-10-02 03:50:21 | B10   ports   seed49 | ep 17/31 | Reward:   156.0 | Acc: 0.805 | Eps: 0.1853->0.1668 | t: 58.1s | cell ETA 13m17s (+eval)
2026-10-02 03:51:19 | B10   ports   seed49 | ep 18/31 | Reward:   164.0 | Acc: 0.820 | Eps: 0.1668->0.1501 | t: 58.3s | cell ETA 12m21s (+eval)
2026-10-02 03:52:18 | B10   ports   seed49 | ep 19/31 | Reward:   160.0 | Acc: 0.812 | Eps: 0.1501->0.1351 | t: 58.5s | cell ETA 11m25s (+eval)
2026-10-02 03:53:16 | B10   ports   seed49 | ep 20/31 | Reward:   174.0 | Acc: 0.840 | Eps: 0.1351->0.1216 | t: 58.4s | cell ETA 10m28s (+eval)
2026-10-02 03:54:15 | B10   ports   seed49 | ep 21/31 | Reward:   182.0 | Acc: 0.855 | Eps: 0.1216->0.1094 | t: 58.5s | cell ETA 9m32s (+eval)
2026-10-02 03:55:13 | B10   ports   seed49 | ep 22/31 | Reward:   142.0 | Acc: 0.777 | Eps: 0.1094->0.0985 | t: 58.7s | cell ETA 8m35s (+eval)
2026-10-02 03:56:12 | B10   ports   seed49 | ep 23/31 | Reward:   200.0 | Acc: 0.891 | Eps: 0.0985->0.0886 | t: 58.7s | cell ETA 7m38s (+eval)
2026-10-02 03:57:11 | B10   ports   seed49 | ep 24/31 | Reward:   186.0 | Acc: 0.863 | Eps: 0.0886->0.0798 | t: 58.8s | cell ETA 6m41s (+eval)
2026-10-02 03:58:10 | B10   ports   seed49 | ep 25/31 | Reward:   176.0 | Acc: 0.844 | Eps: 0.0798->0.0718 | t: 58.7s | cell ETA 5m44s (+eval)
2026-10-02 03:59:08 | B10   ports   seed49 | ep 26/31 | Reward:   200.0 | Acc: 0.891 | Eps: 0.0718->0.0646 | t: 58.7s | cell ETA 4m47s (+eval)
2026-10-02 04:00:07 | B10   ports   seed49 | ep 27/31 | Reward:   184.0 | Acc: 0.859 | Eps: 0.0646->0.0581 | t: 58.7s | cell ETA 3m50s (+eval)
2026-10-02 04:01:06 | B10   ports   seed49 | ep 28/31 | Reward:   188.0 | Acc: 0.867 | Eps: 0.0581->0.0523 | t: 58.7s | cell ETA 2m52s (+eval)
2026-10-02 04:02:05 | B10   ports   seed49 | ep 29/31 | Reward:   192.0 | Acc: 0.875 | Eps: 0.0523->0.0500 | t: 59.0s | cell ETA 1m55s (+eval)
2026-10-02 04:03:04 | B10   ports   seed49 | ep 30/31 | Reward:   190.0 | Acc: 0.871 | Eps: 0.0500->0.0500 | t: 59.2s | cell ETA 57s (+eval)
2026-10-02 04:04:04 | B10   ports   seed49 | ep 31/31 | Reward:   196.0 | Acc: 0.883 | Eps: 0.0500->0.0500 | t: 59.7s | cell ETA 0s (+eval)
2026-10-02 04:04:18 | B10   ports   seed49 | DONE in 30m07s | KT_F1=81.80 KT_AUC=93.69 | ZD weighted=98.47 macro=72.11
2026-10-02 04:04:19 | B10 ports seed49 | DONE rc=0 in 30m
2026-10-02 04:04:26 | B9 ports seed42 | START (rerun, quota fix)
2026-10-02 04:04:30 | B9    ports   seed42 | START training
2026-10-02 04:05:27 | B9    ports   seed42 | ep  1/31 | Reward:    16.0 | Acc: 0.531 | Eps: 1.0000->0.9000 | t: 55.1s | cell ETA 27m33s (+eval)
2026-10-02 04:06:23 | B9    ports   seed42 | ep  2/31 | Reward:    36.0 | Acc: 0.570 | Eps: 0.9000->0.8100 | t: 55.3s | cell ETA 26m40s (+eval)
2026-10-02 04:07:19 | B9    ports   seed42 | ep  3/31 | Reward:    46.0 | Acc: 0.590 | Eps: 0.8100->0.7290 | t: 56.0s | cell ETA 25m53s (+eval)
2026-10-02 04:08:15 | B9    ports   seed42 | ep  4/31 | Reward:    54.0 | Acc: 0.605 | Eps: 0.7290->0.6561 | t: 56.6s | cell ETA 25m05s (+eval)
2026-10-02 04:09:11 | B9    ports   seed42 | ep  5/31 | Reward:    90.0 | Acc: 0.676 | Eps: 0.6561->0.5905 | t: 55.7s | cell ETA 24m09s (+eval)
2026-10-02 04:10:07 | B9    ports   seed42 | ep  6/31 | Reward:    74.0 | Acc: 0.645 | Eps: 0.5905->0.5314 | t: 56.0s | cell ETA 23m14s (+eval)
2026-10-02 04:11:03 | B9    ports   seed42 | ep  7/31 | Reward:    80.0 | Acc: 0.656 | Eps: 0.5314->0.4783 | t: 56.3s | cell ETA 22m20s (+eval)
2026-10-02 04:12:00 | B9    ports   seed42 | ep  8/31 | Reward:    78.0 | Acc: 0.652 | Eps: 0.4783->0.4305 | t: 56.5s | cell ETA 21m26s (+eval)
2026-10-02 04:12:57 | B9    ports   seed42 | ep  9/31 | Reward:   110.0 | Acc: 0.715 | Eps: 0.4305->0.3874 | t: 56.7s | cell ETA 20m32s (+eval)
2026-10-02 04:13:53 | B9    ports   seed42 | ep 10/31 | Reward:   124.0 | Acc: 0.742 | Eps: 0.3874->0.3487 | t: 56.6s | cell ETA 19m37s (+eval)
2026-10-02 04:14:50 | B9    ports   seed42 | ep 11/31 | Reward:   124.0 | Acc: 0.742 | Eps: 0.3487->0.3138 | t: 56.9s | cell ETA 18m43s (+eval)
2026-10-02 04:15:47 | B9    ports   seed42 | ep 12/31 | Reward:   112.0 | Acc: 0.719 | Eps: 0.3138->0.2824 | t: 57.2s | cell ETA 17m48s (+eval)
2026-10-02 04:16:45 | B9    ports   seed42 | ep 13/31 | Reward:   130.0 | Acc: 0.754 | Eps: 0.2824->0.2542 | t: 57.4s | cell ETA 16m53s (+eval)
2026-10-02 04:17:42 | B9    ports   seed42 | ep 14/31 | Reward:   154.0 | Acc: 0.801 | Eps: 0.2542->0.2288 | t: 57.2s | cell ETA 15m58s (+eval)
2026-10-02 04:18:40 | B9    ports   seed42 | ep 15/31 | Reward:   140.0 | Acc: 0.773 | Eps: 0.2288->0.2059 | t: 57.5s | cell ETA 15m03s (+eval)
2026-10-02 04:19:38 | B9    ports   seed42 | ep 16/31 | Reward:   174.0 | Acc: 0.840 | Eps: 0.2059->0.1853 | t: 58.2s | cell ETA 14m08s (+eval)
2026-10-02 04:20:35 | B9    ports   seed42 | ep 17/31 | Reward:   164.0 | Acc: 0.820 | Eps: 0.1853->0.1668 | t: 57.7s | cell ETA 13m12s (+eval)
2026-10-02 04:21:33 | B9    ports   seed42 | ep 18/31 | Reward:   140.0 | Acc: 0.773 | Eps: 0.1668->0.1501 | t: 57.8s | cell ETA 12m17s (+eval)
2026-10-02 04:22:31 | B9    ports   seed42 | ep 19/31 | Reward:   182.0 | Acc: 0.855 | Eps: 0.1501->0.1351 | t: 58.1s | cell ETA 11m21s (+eval)
2026-10-02 04:23:29 | B9    ports   seed42 | ep 20/31 | Reward:   176.0 | Acc: 0.844 | Eps: 0.1351->0.1216 | t: 57.8s | cell ETA 10m25s (+eval)
2026-10-02 04:24:27 | B9    ports   seed42 | ep 21/31 | Reward:   160.0 | Acc: 0.812 | Eps: 0.1216->0.1094 | t: 58.1s | cell ETA 9m28s (+eval)
2026-10-02 04:25:26 | B9    ports   seed42 | ep 22/31 | Reward:   190.0 | Acc: 0.871 | Eps: 0.1094->0.0985 | t: 58.3s | cell ETA 8m32s (+eval)
2026-10-02 04:26:24 | B9    ports   seed42 | ep 23/31 | Reward:   166.0 | Acc: 0.824 | Eps: 0.0985->0.0886 | t: 58.0s | cell ETA 7m36s (+eval)
2026-10-02 04:27:22 | B9    ports   seed42 | ep 24/31 | Reward:   174.0 | Acc: 0.840 | Eps: 0.0886->0.0798 | t: 58.1s | cell ETA 6m39s (+eval)
2026-10-02 04:28:20 | B9    ports   seed42 | ep 25/31 | Reward:   168.0 | Acc: 0.828 | Eps: 0.0798->0.0718 | t: 58.2s | cell ETA 5m42s (+eval)
2026-10-02 04:29:18 | B9    ports   seed42 | ep 26/31 | Reward:   184.0 | Acc: 0.859 | Eps: 0.0718->0.0646 | t: 58.1s | cell ETA 4m45s (+eval)
2026-10-02 04:30:16 | B9    ports   seed42 | ep 27/31 | Reward:   160.0 | Acc: 0.812 | Eps: 0.0646->0.0581 | t: 58.2s | cell ETA 3m48s (+eval)
2026-10-02 04:31:15 | B9    ports   seed42 | ep 28/31 | Reward:   150.0 | Acc: 0.793 | Eps: 0.0581->0.0523 | t: 58.3s | cell ETA 2m51s (+eval)
2026-10-02 04:32:13 | B9    ports   seed42 | ep 29/31 | Reward:   152.0 | Acc: 0.797 | Eps: 0.0523->0.0500 | t: 58.3s | cell ETA 1m54s (+eval)
2026-10-02 04:33:11 | B9    ports   seed42 | ep 30/31 | Reward:   170.0 | Acc: 0.832 | Eps: 0.0500->0.0500 | t: 58.3s | cell ETA 57s (+eval)
2026-10-02 04:34:10 | B9    ports   seed42 | ep 31/31 | Reward:   170.0 | Acc: 0.832 | Eps: 0.0500->0.0500 | t: 58.4s | cell ETA 0s (+eval)
2026-10-02 04:34:24 | B9    ports   seed42 | DONE in 29m53s | KT_F1=79.92 KT_AUC=93.92 | ZD weighted=98.40 macro=69.06
2026-10-02 04:34:24 | B9 ports seed42 | DONE rc=0 in 29m
2026-10-02 04:34:24 | B9 ports seed43 | START (rerun, quota fix)
2026-10-02 04:34:28 | B9    ports   seed43 | START training
2026-10-02 04:35:24 | B9    ports   seed43 | ep  1/31 | Reward:    -6.0 | Acc: 0.488 | Eps: 1.0000->0.9000 | t: 54.1s | cell ETA 27m03s (+eval)
2026-10-02 04:36:19 | B9    ports   seed43 | ep  2/31 | Reward:    28.0 | Acc: 0.555 | Eps: 0.9000->0.8100 | t: 54.6s | cell ETA 26m16s (+eval)
2026-10-02 04:37:14 | B9    ports   seed43 | ep  3/31 | Reward:    62.0 | Acc: 0.621 | Eps: 0.8100->0.7290 | t: 55.3s | cell ETA 25m30s (+eval)
2026-10-02 04:38:10 | B9    ports   seed43 | ep  4/31 | Reward:    36.0 | Acc: 0.570 | Eps: 0.7290->0.6561 | t: 55.5s | cell ETA 24m41s (+eval)
2026-10-02 04:39:05 | B9    ports   seed43 | ep  5/31 | Reward:    64.0 | Acc: 0.625 | Eps: 0.6561->0.5905 | t: 55.6s | cell ETA 23m50s (+eval)
2026-10-02 04:40:02 | B9    ports   seed43 | ep  6/31 | Reward:    90.0 | Acc: 0.676 | Eps: 0.5905->0.5314 | t: 56.3s | cell ETA 23m00s (+eval)
2026-10-02 04:40:58 | B9    ports   seed43 | ep  7/31 | Reward:    90.0 | Acc: 0.676 | Eps: 0.5314->0.4783 | t: 56.4s | cell ETA 22m09s (+eval)
2026-10-02 04:41:55 | B9    ports   seed43 | ep  8/31 | Reward:    88.0 | Acc: 0.672 | Eps: 0.4783->0.4305 | t: 56.6s | cell ETA 21m17s (+eval)
2026-10-02 04:42:52 | B9    ports   seed43 | ep  9/31 | Reward:   144.0 | Acc: 0.781 | Eps: 0.4305->0.3874 | t: 56.9s | cell ETA 20m25s (+eval)
2026-10-02 04:43:49 | B9    ports   seed43 | ep 10/31 | Reward:   108.0 | Acc: 0.711 | Eps: 0.3874->0.3487 | t: 57.3s | cell ETA 19m33s (+eval)
2026-10-02 04:44:46 | B9    ports   seed43 | ep 11/31 | Reward:    96.0 | Acc: 0.688 | Eps: 0.3487->0.3138 | t: 57.1s | cell ETA 18m39s (+eval)
2026-10-02 04:45:44 | B9    ports   seed43 | ep 12/31 | Reward:   122.0 | Acc: 0.738 | Eps: 0.3138->0.2824 | t: 57.6s | cell ETA 17m46s (+eval)
2026-10-02 04:46:41 | B9    ports   seed43 | ep 13/31 | Reward:   124.0 | Acc: 0.742 | Eps: 0.2824->0.2542 | t: 57.6s | cell ETA 16m52s (+eval)
2026-10-02 04:47:39 | B9    ports   seed43 | ep 14/31 | Reward:   140.0 | Acc: 0.773 | Eps: 0.2542->0.2288 | t: 57.6s | cell ETA 15m57s (+eval)
2026-10-02 04:48:37 | B9    ports   seed43 | ep 15/31 | Reward:   140.0 | Acc: 0.773 | Eps: 0.2288->0.2059 | t: 57.7s | cell ETA 15m02s (+eval)
2026-10-02 04:49:35 | B9    ports   seed43 | ep 16/31 | Reward:   166.0 | Acc: 0.824 | Eps: 0.2059->0.1853 | t: 58.3s | cell ETA 14m07s (+eval)
2026-10-02 04:50:33 | B9    ports   seed43 | ep 17/31 | Reward:   152.0 | Acc: 0.797 | Eps: 0.1853->0.1668 | t: 57.9s | cell ETA 13m12s (+eval)
2026-10-02 04:51:31 | B9    ports   seed43 | ep 18/31 | Reward:   152.0 | Acc: 0.797 | Eps: 0.1668->0.1501 | t: 58.0s | cell ETA 12m16s (+eval)
2026-10-02 04:52:29 | B9    ports   seed43 | ep 19/31 | Reward:   166.0 | Acc: 0.824 | Eps: 0.1501->0.1351 | t: 58.2s | cell ETA 11m21s (+eval)
2026-10-02 04:53:27 | B9    ports   seed43 | ep 20/31 | Reward:   168.0 | Acc: 0.828 | Eps: 0.1351->0.1216 | t: 58.2s | cell ETA 10m25s (+eval)
2026-10-02 04:54:26 | B9    ports   seed43 | ep 21/31 | Reward:   168.0 | Acc: 0.828 | Eps: 0.1216->0.1094 | t: 58.3s | cell ETA 9m29s (+eval)
2026-10-02 04:55:24 | B9    ports   seed43 | ep 22/31 | Reward:   164.0 | Acc: 0.820 | Eps: 0.1094->0.0985 | t: 58.5s | cell ETA 8m32s (+eval)
2026-10-02 04:56:23 | B9    ports   seed43 | ep 23/31 | Reward:   162.0 | Acc: 0.816 | Eps: 0.0985->0.0886 | t: 58.5s | cell ETA 7m36s (+eval)
2026-10-02 04:57:21 | B9    ports   seed43 | ep 24/31 | Reward:   172.0 | Acc: 0.836 | Eps: 0.0886->0.0798 | t: 58.5s | cell ETA 6m39s (+eval)
2026-10-02 04:58:20 | B9    ports   seed43 | ep 25/31 | Reward:   162.0 | Acc: 0.816 | Eps: 0.0798->0.0718 | t: 58.8s | cell ETA 5m43s (+eval)
2026-10-02 04:59:19 | B9    ports   seed43 | ep 26/31 | Reward:   176.0 | Acc: 0.844 | Eps: 0.0718->0.0646 | t: 58.6s | cell ETA 4m46s (+eval)
2026-10-02 05:00:17 | B9    ports   seed43 | ep 27/31 | Reward:   154.0 | Acc: 0.801 | Eps: 0.0646->0.0581 | t: 58.7s | cell ETA 3m49s (+eval)
2026-10-02 05:01:16 | B9    ports   seed43 | ep 28/31 | Reward:   180.0 | Acc: 0.852 | Eps: 0.0581->0.0523 | t: 58.8s | cell ETA 2m52s (+eval)
2026-10-02 05:02:15 | B9    ports   seed43 | ep 29/31 | Reward:   174.0 | Acc: 0.840 | Eps: 0.0523->0.0500 | t: 58.4s | cell ETA 1m54s (+eval)
2026-10-02 05:03:13 | B9    ports   seed43 | ep 30/31 | Reward:   162.0 | Acc: 0.816 | Eps: 0.0500->0.0500 | t: 58.5s | cell ETA 57s (+eval)
2026-10-02 05:04:12 | B9    ports   seed43 | ep 31/31 | Reward:   172.0 | Acc: 0.836 | Eps: 0.0500->0.0500 | t: 58.8s | cell ETA 0s (+eval)
2026-10-02 05:04:26 | B9    ports   seed43 | DONE in 29m58s | KT_F1=81.18 KT_AUC=94.32 | ZD weighted=98.42 macro=59.73
2026-10-02 05:04:27 | B9 ports seed43 | DONE rc=0 in 30m
2026-10-02 05:04:27 | B9 ports seed44 | START (rerun, quota fix)
2026-10-02 05:04:30 | B9    ports   seed44 | START training
2026-10-02 05:05:26 | B9    ports   seed44 | ep  1/31 | Reward:    38.0 | Acc: 0.574 | Eps: 1.0000->0.9000 | t: 53.3s | cell ETA 26m39s (+eval)
2026-10-02 05:06:20 | B9    ports   seed44 | ep  2/31 | Reward:    14.0 | Acc: 0.527 | Eps: 0.9000->0.8100 | t: 54.1s | cell ETA 25m57s (+eval)
2026-10-02 05:07:14 | B9    ports   seed44 | ep  3/31 | Reward:    34.0 | Acc: 0.566 | Eps: 0.8100->0.7290 | t: 54.6s | cell ETA 25m12s (+eval)
2026-10-02 05:08:10 | B9    ports   seed44 | ep  4/31 | Reward:    52.0 | Acc: 0.602 | Eps: 0.7290->0.6561 | t: 55.2s | cell ETA 24m26s (+eval)
2026-10-02 05:09:05 | B9    ports   seed44 | ep  5/31 | Reward:    58.0 | Acc: 0.613 | Eps: 0.6561->0.5905 | t: 55.3s | cell ETA 23m37s (+eval)
2026-10-02 05:10:01 | B9    ports   seed44 | ep  6/31 | Reward:    66.0 | Acc: 0.629 | Eps: 0.5905->0.5314 | t: 55.7s | cell ETA 22m47s (+eval)
2026-10-02 05:10:57 | B9    ports   seed44 | ep  7/31 | Reward:    80.0 | Acc: 0.656 | Eps: 0.5314->0.4783 | t: 55.9s | cell ETA 21m56s (+eval)
2026-10-02 05:11:53 | B9    ports   seed44 | ep  8/31 | Reward:   102.0 | Acc: 0.699 | Eps: 0.4783->0.4305 | t: 56.1s | cell ETA 21m05s (+eval)
2026-10-02 05:12:49 | B9    ports   seed44 | ep  9/31 | Reward:   124.0 | Acc: 0.742 | Eps: 0.4305->0.3874 | t: 56.5s | cell ETA 20m14s (+eval)
2026-10-02 05:13:46 | B9    ports   seed44 | ep 10/31 | Reward:    98.0 | Acc: 0.691 | Eps: 0.3874->0.3487 | t: 56.7s | cell ETA 19m22s (+eval)
2026-10-02 05:14:43 | B9    ports   seed44 | ep 11/31 | Reward:   108.0 | Acc: 0.711 | Eps: 0.3487->0.3138 | t: 56.7s | cell ETA 18m29s (+eval)
2026-10-02 05:15:39 | B9    ports   seed44 | ep 12/31 | Reward:   122.0 | Acc: 0.738 | Eps: 0.3138->0.2824 | t: 56.8s | cell ETA 17m35s (+eval)
2026-10-02 05:16:37 | B9    ports   seed44 | ep 13/31 | Reward:   132.0 | Acc: 0.758 | Eps: 0.2824->0.2542 | t: 57.1s | cell ETA 16m42s (+eval)
2026-10-02 05:17:34 | B9    ports   seed44 | ep 14/31 | Reward:   156.0 | Acc: 0.805 | Eps: 0.2542->0.2288 | t: 57.3s | cell ETA 15m48s (+eval)
2026-10-02 05:18:31 | B9    ports   seed44 | ep 15/31 | Reward:   158.0 | Acc: 0.809 | Eps: 0.2288->0.2059 | t: 57.3s | cell ETA 14m54s (+eval)
2026-10-02 05:19:29 | B9    ports   seed44 | ep 16/31 | Reward:   146.0 | Acc: 0.785 | Eps: 0.2059->0.1853 | t: 57.6s | cell ETA 14m00s (+eval)
2026-10-02 05:20:26 | B9    ports   seed44 | ep 17/31 | Reward:   178.0 | Acc: 0.848 | Eps: 0.1853->0.1668 | t: 57.6s | cell ETA 13m05s (+eval)
2026-10-02 05:21:24 | B9    ports   seed44 | ep 18/31 | Reward:   174.0 | Acc: 0.840 | Eps: 0.1668->0.1501 | t: 57.6s | cell ETA 12m10s (+eval)
2026-10-02 05:22:21 | B9    ports   seed44 | ep 19/31 | Reward:   138.0 | Acc: 0.770 | Eps: 0.1501->0.1351 | t: 57.3s | cell ETA 11m14s (+eval)
2026-10-02 05:23:19 | B9    ports   seed44 | ep 20/31 | Reward:   174.0 | Acc: 0.840 | Eps: 0.1351->0.1216 | t: 57.6s | cell ETA 10m19s (+eval)
2026-10-02 05:24:17 | B9    ports   seed44 | ep 21/31 | Reward:   182.0 | Acc: 0.855 | Eps: 0.1216->0.1094 | t: 57.9s | cell ETA 9m23s (+eval)
2026-10-02 05:25:14 | B9    ports   seed44 | ep 22/31 | Reward:   164.0 | Acc: 0.820 | Eps: 0.1094->0.0985 | t: 57.7s | cell ETA 8m28s (+eval)
2026-10-02 05:26:12 | B9    ports   seed44 | ep 23/31 | Reward:   156.0 | Acc: 0.805 | Eps: 0.0985->0.0886 | t: 57.5s | cell ETA 7m31s (+eval)
2026-10-02 05:27:10 | B9    ports   seed44 | ep 24/31 | Reward:   164.0 | Acc: 0.820 | Eps: 0.0886->0.0798 | t: 57.8s | cell ETA 6m35s (+eval)
2026-10-02 05:28:08 | B9    ports   seed44 | ep 25/31 | Reward:   168.0 | Acc: 0.828 | Eps: 0.0798->0.0718 | t: 58.0s | cell ETA 5m39s (+eval)
2026-10-02 05:29:06 | B9    ports   seed44 | ep 26/31 | Reward:   160.0 | Acc: 0.812 | Eps: 0.0718->0.0646 | t: 57.7s | cell ETA 4m43s (+eval)
2026-10-02 05:30:03 | B9    ports   seed44 | ep 27/31 | Reward:   162.0 | Acc: 0.816 | Eps: 0.0646->0.0581 | t: 57.7s | cell ETA 3m46s (+eval)
2026-10-02 05:31:01 | B9    ports   seed44 | ep 28/31 | Reward:   170.0 | Acc: 0.832 | Eps: 0.0581->0.0523 | t: 58.0s | cell ETA 2m50s (+eval)
2026-10-02 05:31:59 | B9    ports   seed44 | ep 29/31 | Reward:   170.0 | Acc: 0.832 | Eps: 0.0523->0.0500 | t: 57.8s | cell ETA 1m53s (+eval)
2026-10-02 05:32:57 | B9    ports   seed44 | ep 30/31 | Reward:   160.0 | Acc: 0.812 | Eps: 0.0500->0.0500 | t: 57.9s | cell ETA 56s (+eval)
2026-10-02 05:33:55 | B9    ports   seed44 | ep 31/31 | Reward:   186.0 | Acc: 0.863 | Eps: 0.0500->0.0500 | t: 58.3s | cell ETA 0s (+eval)
2026-10-02 05:34:09 | B9    ports   seed44 | DONE in 29m39s | KT_F1=80.44 KT_AUC=94.96 | ZD weighted=98.51 macro=72.12
2026-10-02 05:34:10 | B9 ports seed44 | DONE rc=0 in 29m
2026-10-02 05:34:10 | B9 ports seed45 | START (rerun, quota fix)
2026-10-02 05:34:13 | B9    ports   seed45 | START training
2026-10-02 05:35:09 | B9    ports   seed45 | ep  1/31 | Reward:    -2.0 | Acc: 0.496 | Eps: 1.0000->0.9000 | t: 53.7s | cell ETA 26m51s (+eval)
2026-10-02 05:36:04 | B9    ports   seed45 | ep  2/31 | Reward:    12.0 | Acc: 0.523 | Eps: 0.9000->0.8100 | t: 54.7s | cell ETA 26m11s (+eval)
2026-10-02 05:36:59 | B9    ports   seed45 | ep  3/31 | Reward:    48.0 | Acc: 0.594 | Eps: 0.8100->0.7290 | t: 55.0s | cell ETA 25m25s (+eval)
2026-10-02 05:37:54 | B9    ports   seed45 | ep  4/31 | Reward:    18.0 | Acc: 0.535 | Eps: 0.7290->0.6561 | t: 55.4s | cell ETA 24m36s (+eval)
2026-10-02 05:38:50 | B9    ports   seed45 | ep  5/31 | Reward:    66.0 | Acc: 0.629 | Eps: 0.6561->0.5905 | t: 55.5s | cell ETA 23m46s (+eval)
2026-10-02 05:39:46 | B9    ports   seed45 | ep  6/31 | Reward:    84.0 | Acc: 0.664 | Eps: 0.5905->0.5314 | t: 55.8s | cell ETA 22m55s (+eval)
2026-10-02 05:40:42 | B9    ports   seed45 | ep  7/31 | Reward:    88.0 | Acc: 0.672 | Eps: 0.5314->0.4783 | t: 56.1s | cell ETA 22m04s (+eval)
2026-10-02 05:41:39 | B9    ports   seed45 | ep  8/31 | Reward:   116.0 | Acc: 0.727 | Eps: 0.4783->0.4305 | t: 56.7s | cell ETA 21m13s (+eval)
2026-10-02 05:42:35 | B9    ports   seed45 | ep  9/31 | Reward:   114.0 | Acc: 0.723 | Eps: 0.4305->0.3874 | t: 56.7s | cell ETA 20m21s (+eval)
2026-10-02 05:43:32 | B9    ports   seed45 | ep 10/31 | Reward:   102.0 | Acc: 0.699 | Eps: 0.3874->0.3487 | t: 57.1s | cell ETA 19m29s (+eval)
2026-10-02 05:44:30 | B9    ports   seed45 | ep 11/31 | Reward:   116.0 | Acc: 0.727 | Eps: 0.3487->0.3138 | t: 57.4s | cell ETA 18m36s (+eval)
2026-10-02 05:45:27 | B9    ports   seed45 | ep 12/31 | Reward:   124.0 | Acc: 0.742 | Eps: 0.3138->0.2824 | t: 57.4s | cell ETA 17m43s (+eval)
2026-10-02 05:46:25 | B9    ports   seed45 | ep 13/31 | Reward:   146.0 | Acc: 0.785 | Eps: 0.2824->0.2542 | t: 57.4s | cell ETA 16m49s (+eval)
2026-10-02 05:47:22 | B9    ports   seed45 | ep 14/31 | Reward:   148.0 | Acc: 0.789 | Eps: 0.2542->0.2288 | t: 57.6s | cell ETA 15m55s (+eval)
2026-10-02 05:48:20 | B9    ports   seed45 | ep 15/31 | Reward:   146.0 | Acc: 0.785 | Eps: 0.2288->0.2059 | t: 57.4s | cell ETA 15m00s (+eval)
2026-10-02 05:49:17 | B9    ports   seed45 | ep 16/31 | Reward:   156.0 | Acc: 0.805 | Eps: 0.2059->0.1853 | t: 57.9s | cell ETA 14m05s (+eval)
2026-10-02 05:50:15 | B9    ports   seed45 | ep 17/31 | Reward:   162.0 | Acc: 0.816 | Eps: 0.1853->0.1668 | t: 57.8s | cell ETA 13m10s (+eval)
2026-10-02 05:51:13 | B9    ports   seed45 | ep 18/31 | Reward:   158.0 | Acc: 0.809 | Eps: 0.1668->0.1501 | t: 57.6s | cell ETA 12m14s (+eval)
2026-10-02 05:52:11 | B9    ports   seed45 | ep 19/31 | Reward:   172.0 | Acc: 0.836 | Eps: 0.1501->0.1351 | t: 58.0s | cell ETA 11m19s (+eval)
2026-10-02 05:53:09 | B9    ports   seed45 | ep 20/31 | Reward:   160.0 | Acc: 0.812 | Eps: 0.1351->0.1216 | t: 58.0s | cell ETA 10m23s (+eval)
2026-10-02 05:54:07 | B9    ports   seed45 | ep 21/31 | Reward:   168.0 | Acc: 0.828 | Eps: 0.1216->0.1094 | t: 58.1s | cell ETA 9m27s (+eval)
2026-10-02 05:55:05 | B9    ports   seed45 | ep 22/31 | Reward:   170.0 | Acc: 0.832 | Eps: 0.1094->0.0985 | t: 58.2s | cell ETA 8m31s (+eval)
2026-10-02 05:56:03 | B9    ports   seed45 | ep 23/31 | Reward:   160.0 | Acc: 0.812 | Eps: 0.0985->0.0886 | t: 58.1s | cell ETA 7m34s (+eval)
2026-10-02 05:57:02 | B9    ports   seed45 | ep 24/31 | Reward:   160.0 | Acc: 0.812 | Eps: 0.0886->0.0798 | t: 58.5s | cell ETA 6m38s (+eval)
2026-10-02 05:58:00 | B9    ports   seed45 | ep 25/31 | Reward:   164.0 | Acc: 0.820 | Eps: 0.0798->0.0718 | t: 58.3s | cell ETA 5m41s (+eval)
2026-10-02 05:58:59 | B9    ports   seed45 | ep 26/31 | Reward:   168.0 | Acc: 0.828 | Eps: 0.0718->0.0646 | t: 58.6s | cell ETA 4m45s (+eval)
2026-10-02 05:59:57 | B9    ports   seed45 | ep 27/31 | Reward:   166.0 | Acc: 0.824 | Eps: 0.0646->0.0581 | t: 58.5s | cell ETA 3m48s (+eval)
2026-10-02 06:00:56 | B9    ports   seed45 | ep 28/31 | Reward:   192.0 | Acc: 0.875 | Eps: 0.0581->0.0523 | t: 58.4s | cell ETA 2m51s (+eval)
2026-10-02 06:01:54 | B9    ports   seed45 | ep 29/31 | Reward:   176.0 | Acc: 0.844 | Eps: 0.0523->0.0500 | t: 58.6s | cell ETA 1m54s (+eval)
2026-10-02 06:02:53 | B9    ports   seed45 | ep 30/31 | Reward:   180.0 | Acc: 0.852 | Eps: 0.0500->0.0500 | t: 58.5s | cell ETA 57s (+eval)
2026-10-02 06:03:52 | B9    ports   seed45 | ep 31/31 | Reward:   162.0 | Acc: 0.816 | Eps: 0.0500->0.0500 | t: 58.7s | cell ETA 0s (+eval)
2026-10-02 06:04:06 | B9    ports   seed45 | DONE in 29m52s | KT_F1=78.67 KT_AUC=95.01 | ZD weighted=98.52 macro=72.64
2026-10-02 06:04:06 | B9 ports seed45 | DONE rc=0 in 29m
2026-10-02 06:04:06 | B9 ports seed46 | START (rerun, quota fix)
2026-10-02 06:04:10 | B9    ports   seed46 | START training
2026-10-02 06:05:07 | B9    ports   seed46 | ep  1/31 | Reward:    22.0 | Acc: 0.543 | Eps: 1.0000->0.9000 | t: 54.8s | cell ETA 27m24s (+eval)
2026-10-02 06:06:02 | B9    ports   seed46 | ep  2/31 | Reward:    24.0 | Acc: 0.547 | Eps: 0.9000->0.8100 | t: 55.3s | cell ETA 26m36s (+eval)
2026-10-02 06:06:58 | B9    ports   seed46 | ep  3/31 | Reward:    42.0 | Acc: 0.582 | Eps: 0.8100->0.7290 | t: 55.5s | cell ETA 25m45s (+eval)
2026-10-02 06:07:53 | B9    ports   seed46 | ep  4/31 | Reward:    50.0 | Acc: 0.598 | Eps: 0.7290->0.6561 | t: 55.7s | cell ETA 24m53s (+eval)
2026-10-02 06:08:50 | B9    ports   seed46 | ep  5/31 | Reward:    74.0 | Acc: 0.645 | Eps: 0.6561->0.5905 | t: 56.1s | cell ETA 24m02s (+eval)
2026-10-02 06:09:46 | B9    ports   seed46 | ep  6/31 | Reward:    68.0 | Acc: 0.633 | Eps: 0.5905->0.5314 | t: 56.3s | cell ETA 23m10s (+eval)
2026-10-02 06:10:43 | B9    ports   seed46 | ep  7/31 | Reward:    94.0 | Acc: 0.684 | Eps: 0.5314->0.4783 | t: 56.7s | cell ETA 22m18s (+eval)
2026-10-02 06:11:40 | B9    ports   seed46 | ep  8/31 | Reward:    90.0 | Acc: 0.676 | Eps: 0.4783->0.4305 | t: 56.9s | cell ETA 21m25s (+eval)
2026-10-02 06:12:37 | B9    ports   seed46 | ep  9/31 | Reward:    94.0 | Acc: 0.684 | Eps: 0.4305->0.3874 | t: 57.0s | cell ETA 20m32s (+eval)
2026-10-02 06:13:34 | B9    ports   seed46 | ep 10/31 | Reward:   108.0 | Acc: 0.711 | Eps: 0.3874->0.3487 | t: 57.1s | cell ETA 19m38s (+eval)
2026-10-02 06:14:31 | B9    ports   seed46 | ep 11/31 | Reward:   120.0 | Acc: 0.734 | Eps: 0.3487->0.3138 | t: 57.6s | cell ETA 18m45s (+eval)
2026-10-02 06:15:29 | B9    ports   seed46 | ep 12/31 | Reward:   142.0 | Acc: 0.777 | Eps: 0.3138->0.2824 | t: 57.7s | cell ETA 17m51s (+eval)
2026-10-02 06:16:27 | B9    ports   seed46 | ep 13/31 | Reward:   152.0 | Acc: 0.797 | Eps: 0.2824->0.2542 | t: 57.7s | cell ETA 16m56s (+eval)
2026-10-02 06:17:25 | B9    ports   seed46 | ep 14/31 | Reward:   154.0 | Acc: 0.801 | Eps: 0.2542->0.2288 | t: 58.0s | cell ETA 16m02s (+eval)
2026-10-02 06:18:23 | B9    ports   seed46 | ep 15/31 | Reward:   152.0 | Acc: 0.797 | Eps: 0.2288->0.2059 | t: 57.9s | cell ETA 15m06s (+eval)
2026-10-02 06:19:21 | B9    ports   seed46 | ep 16/31 | Reward:   148.0 | Acc: 0.789 | Eps: 0.2059->0.1853 | t: 58.2s | cell ETA 14m11s (+eval)
2026-10-02 06:20:19 | B9    ports   seed46 | ep 17/31 | Reward:   150.0 | Acc: 0.793 | Eps: 0.1853->0.1668 | t: 58.1s | cell ETA 13m16s (+eval)
2026-10-02 06:21:17 | B9    ports   seed46 | ep 18/31 | Reward:   164.0 | Acc: 0.820 | Eps: 0.1668->0.1501 | t: 58.2s | cell ETA 12m20s (+eval)
2026-10-02 06:22:16 | B9    ports   seed46 | ep 19/31 | Reward:   150.0 | Acc: 0.793 | Eps: 0.1501->0.1351 | t: 58.6s | cell ETA 11m24s (+eval)
2026-10-02 06:23:14 | B9    ports   seed46 | ep 20/31 | Reward:   170.0 | Acc: 0.832 | Eps: 0.1351->0.1216 | t: 58.6s | cell ETA 10m28s (+eval)
2026-10-02 06:24:13 | B9    ports   seed46 | ep 21/31 | Reward:   166.0 | Acc: 0.824 | Eps: 0.1216->0.1094 | t: 58.5s | cell ETA 9m31s (+eval)
2026-10-02 06:25:12 | B9    ports   seed46 | ep 22/31 | Reward:   186.0 | Acc: 0.863 | Eps: 0.1094->0.0985 | t: 58.6s | cell ETA 8m35s (+eval)
2026-10-02 06:26:10 | B9    ports   seed46 | ep 23/31 | Reward:   168.0 | Acc: 0.828 | Eps: 0.0985->0.0886 | t: 58.5s | cell ETA 7m38s (+eval)
2026-10-02 06:27:09 | B9    ports   seed46 | ep 24/31 | Reward:   160.0 | Acc: 0.812 | Eps: 0.0886->0.0798 | t: 58.8s | cell ETA 6m41s (+eval)
2026-10-02 06:28:08 | B9    ports   seed46 | ep 25/31 | Reward:   174.0 | Acc: 0.840 | Eps: 0.0798->0.0718 | t: 58.8s | cell ETA 5m44s (+eval)
2026-10-02 06:29:06 | B9    ports   seed46 | ep 26/31 | Reward:   186.0 | Acc: 0.863 | Eps: 0.0718->0.0646 | t: 58.5s | cell ETA 4m47s (+eval)
2026-10-02 06:30:05 | B9    ports   seed46 | ep 27/31 | Reward:   188.0 | Acc: 0.867 | Eps: 0.0646->0.0581 | t: 58.8s | cell ETA 3m50s (+eval)
2026-10-02 06:31:04 | B9    ports   seed46 | ep 28/31 | Reward:   168.0 | Acc: 0.828 | Eps: 0.0581->0.0523 | t: 58.7s | cell ETA 2m52s (+eval)
2026-10-02 06:32:02 | B9    ports   seed46 | ep 29/31 | Reward:   168.0 | Acc: 0.828 | Eps: 0.0523->0.0500 | t: 58.7s | cell ETA 1m55s (+eval)
2026-10-02 06:33:01 | B9    ports   seed46 | ep 30/31 | Reward:   164.0 | Acc: 0.820 | Eps: 0.0500->0.0500 | t: 58.8s | cell ETA 57s (+eval)
2026-10-02 06:34:00 | B9    ports   seed46 | ep 31/31 | Reward:   172.0 | Acc: 0.836 | Eps: 0.0500->0.0500 | t: 59.0s | cell ETA 0s (+eval)
2026-10-02 06:34:14 | B9    ports   seed46 | DONE in 30m04s | KT_F1=79.59 KT_AUC=91.49 | ZD weighted=98.59 macro=75.23
2026-10-02 06:34:15 | B9 ports seed46 | DONE rc=0 in 30m
2026-10-02 06:34:15 | B9 ports seed47 | START (rerun, quota fix)
2026-10-02 06:34:18 | B9    ports   seed47 | START training
2026-10-02 06:35:15 | B9    ports   seed47 | ep  1/31 | Reward:   -12.0 | Acc: 0.477 | Eps: 1.0000->0.9000 | t: 54.3s | cell ETA 27m09s (+eval)
2026-10-02 06:36:10 | B9    ports   seed47 | ep  2/31 | Reward:     8.0 | Acc: 0.516 | Eps: 0.9000->0.8100 | t: 54.9s | cell ETA 26m23s (+eval)
2026-10-02 06:37:05 | B9    ports   seed47 | ep  3/31 | Reward:    42.0 | Acc: 0.582 | Eps: 0.8100->0.7290 | t: 55.3s | cell ETA 25m35s (+eval)
2026-10-02 06:38:01 | B9    ports   seed47 | ep  4/31 | Reward:    72.0 | Acc: 0.641 | Eps: 0.7290->0.6561 | t: 55.6s | cell ETA 24m45s (+eval)
2026-10-02 06:38:57 | B9    ports   seed47 | ep  5/31 | Reward:    88.0 | Acc: 0.672 | Eps: 0.6561->0.5905 | t: 56.0s | cell ETA 23m55s (+eval)
2026-10-02 06:39:53 | B9    ports   seed47 | ep  6/31 | Reward:    94.0 | Acc: 0.684 | Eps: 0.5905->0.5314 | t: 56.4s | cell ETA 23m05s (+eval)
2026-10-02 06:40:50 | B9    ports   seed47 | ep  7/31 | Reward:    76.0 | Acc: 0.648 | Eps: 0.5314->0.4783 | t: 56.6s | cell ETA 22m14s (+eval)
2026-10-02 06:41:47 | B9    ports   seed47 | ep  8/31 | Reward:   118.0 | Acc: 0.730 | Eps: 0.4783->0.4305 | t: 56.8s | cell ETA 21m21s (+eval)
2026-10-02 06:42:44 | B9    ports   seed47 | ep  9/31 | Reward:   132.0 | Acc: 0.758 | Eps: 0.4305->0.3874 | t: 56.9s | cell ETA 20m29s (+eval)
2026-10-02 06:43:41 | B9    ports   seed47 | ep 10/31 | Reward:   132.0 | Acc: 0.758 | Eps: 0.3874->0.3487 | t: 57.1s | cell ETA 19m35s (+eval)
2026-10-02 06:44:38 | B9    ports   seed47 | ep 11/31 | Reward:   138.0 | Acc: 0.770 | Eps: 0.3487->0.3138 | t: 57.2s | cell ETA 18m42s (+eval)
2026-10-02 06:45:35 | B9    ports   seed47 | ep 12/31 | Reward:   124.0 | Acc: 0.742 | Eps: 0.3138->0.2824 | t: 57.0s | cell ETA 17m47s (+eval)
2026-10-02 06:46:32 | B9    ports   seed47 | ep 13/31 | Reward:   162.0 | Acc: 0.816 | Eps: 0.2824->0.2542 | t: 57.6s | cell ETA 16m53s (+eval)
2026-10-02 06:47:30 | B9    ports   seed47 | ep 14/31 | Reward:   154.0 | Acc: 0.801 | Eps: 0.2542->0.2288 | t: 57.6s | cell ETA 15m58s (+eval)
2026-10-02 06:48:28 | B9    ports   seed47 | ep 15/31 | Reward:   154.0 | Acc: 0.801 | Eps: 0.2288->0.2059 | t: 57.6s | cell ETA 15m03s (+eval)
2026-10-02 06:49:26 | B9    ports   seed47 | ep 16/31 | Reward:   136.0 | Acc: 0.766 | Eps: 0.2059->0.1853 | t: 57.9s | cell ETA 14m08s (+eval)
2026-10-02 06:50:24 | B9    ports   seed47 | ep 17/31 | Reward:   166.0 | Acc: 0.824 | Eps: 0.1853->0.1668 | t: 57.9s | cell ETA 13m12s (+eval)
2026-10-02 06:51:22 | B9    ports   seed47 | ep 18/31 | Reward:   160.0 | Acc: 0.812 | Eps: 0.1668->0.1501 | t: 58.1s | cell ETA 12m17s (+eval)
2026-10-02 06:52:20 | B9    ports   seed47 | ep 19/31 | Reward:   162.0 | Acc: 0.816 | Eps: 0.1501->0.1351 | t: 58.2s | cell ETA 11m21s (+eval)
2026-10-02 06:53:18 | B9    ports   seed47 | ep 20/31 | Reward:   168.0 | Acc: 0.828 | Eps: 0.1351->0.1216 | t: 58.3s | cell ETA 10m25s (+eval)
2026-10-02 06:54:16 | B9    ports   seed47 | ep 21/31 | Reward:   180.0 | Acc: 0.852 | Eps: 0.1216->0.1094 | t: 58.2s | cell ETA 9m29s (+eval)
2026-10-02 06:55:15 | B9    ports   seed47 | ep 22/31 | Reward:   158.0 | Acc: 0.809 | Eps: 0.1094->0.0985 | t: 58.3s | cell ETA 8m32s (+eval)
2026-10-02 06:56:13 | B9    ports   seed47 | ep 23/31 | Reward:   152.0 | Acc: 0.797 | Eps: 0.0985->0.0886 | t: 58.4s | cell ETA 7m36s (+eval)
2026-10-02 06:57:11 | B9    ports   seed47 | ep 24/31 | Reward:   160.0 | Acc: 0.812 | Eps: 0.0886->0.0798 | t: 58.3s | cell ETA 6m39s (+eval)
2026-10-02 06:58:10 | B9    ports   seed47 | ep 25/31 | Reward:   162.0 | Acc: 0.816 | Eps: 0.0798->0.0718 | t: 58.3s | cell ETA 5m42s (+eval)
2026-10-02 06:59:08 | B9    ports   seed47 | ep 26/31 | Reward:   176.0 | Acc: 0.844 | Eps: 0.0718->0.0646 | t: 58.5s | cell ETA 4m46s (+eval)
2026-10-02 07:00:07 | B9    ports   seed47 | ep 27/31 | Reward:   172.0 | Acc: 0.836 | Eps: 0.0646->0.0581 | t: 58.4s | cell ETA 3m48s (+eval)
2026-10-02 07:01:05 | B9    ports   seed47 | ep 28/31 | Reward:   182.0 | Acc: 0.855 | Eps: 0.0581->0.0523 | t: 58.4s | cell ETA 2m51s (+eval)
2026-10-02 07:02:03 | B9    ports   seed47 | ep 29/31 | Reward:   160.0 | Acc: 0.812 | Eps: 0.0523->0.0500 | t: 58.5s | cell ETA 1m54s (+eval)
2026-10-02 07:03:02 | B9    ports   seed47 | ep 30/31 | Reward:   168.0 | Acc: 0.828 | Eps: 0.0500->0.0500 | t: 58.3s | cell ETA 57s (+eval)
2026-10-02 07:04:00 | B9    ports   seed47 | ep 31/31 | Reward:   166.0 | Acc: 0.824 | Eps: 0.0500->0.0500 | t: 58.6s | cell ETA 0s (+eval)
2026-10-02 07:04:14 | B9    ports   seed47 | DONE in 29m55s | KT_F1=81.08 KT_AUC=96.13 | ZD weighted=98.30 macro=65.56
2026-10-02 07:04:15 | B9 ports seed47 | DONE rc=0 in 30m
2026-10-02 07:04:15 | B9 ports seed48 | START (rerun, quota fix)
2026-10-02 07:04:18 | B9    ports   seed48 | START training
2026-10-02 07:05:15 | B9    ports   seed48 | ep  1/31 | Reward:     4.0 | Acc: 0.508 | Eps: 1.0000->0.9000 | t: 54.4s | cell ETA 27m12s (+eval)
2026-10-02 07:06:10 | B9    ports   seed48 | ep  2/31 | Reward:     2.0 | Acc: 0.504 | Eps: 0.9000->0.8100 | t: 55.0s | cell ETA 26m26s (+eval)
2026-10-02 07:07:06 | B9    ports   seed48 | ep  3/31 | Reward:    22.0 | Acc: 0.543 | Eps: 0.8100->0.7290 | t: 55.7s | cell ETA 25m40s (+eval)
2026-10-02 07:08:02 | B9    ports   seed48 | ep  4/31 | Reward:    52.0 | Acc: 0.602 | Eps: 0.7290->0.6561 | t: 55.8s | cell ETA 24m51s (+eval)
2026-10-02 07:08:58 | B9    ports   seed48 | ep  5/31 | Reward:    60.0 | Acc: 0.617 | Eps: 0.6561->0.5905 | t: 56.0s | cell ETA 23m59s (+eval)
2026-10-02 07:09:54 | B9    ports   seed48 | ep  6/31 | Reward:    46.0 | Acc: 0.590 | Eps: 0.5905->0.5314 | t: 56.6s | cell ETA 23m09s (+eval)
2026-10-02 07:10:51 | B9    ports   seed48 | ep  7/31 | Reward:    92.0 | Acc: 0.680 | Eps: 0.5314->0.4783 | t: 57.1s | cell ETA 22m19s (+eval)
2026-10-02 07:11:48 | B9    ports   seed48 | ep  8/31 | Reward:   106.0 | Acc: 0.707 | Eps: 0.4783->0.4305 | t: 57.1s | cell ETA 21m27s (+eval)
2026-10-02 07:12:46 | B9    ports   seed48 | ep  9/31 | Reward:   116.0 | Acc: 0.727 | Eps: 0.4305->0.3874 | t: 57.6s | cell ETA 20m35s (+eval)
2026-10-02 07:13:43 | B9    ports   seed48 | ep 10/31 | Reward:    86.0 | Acc: 0.668 | Eps: 0.3874->0.3487 | t: 57.2s | cell ETA 19m41s (+eval)
2026-10-02 07:14:41 | B9    ports   seed48 | ep 11/31 | Reward:   116.0 | Acc: 0.727 | Eps: 0.3487->0.3138 | t: 57.8s | cell ETA 18m47s (+eval)
2026-10-02 07:15:39 | B9    ports   seed48 | ep 12/31 | Reward:   148.0 | Acc: 0.789 | Eps: 0.3138->0.2824 | t: 58.1s | cell ETA 17m54s (+eval)
2026-10-02 07:16:37 | B9    ports   seed48 | ep 13/31 | Reward:   170.0 | Acc: 0.832 | Eps: 0.2824->0.2542 | t: 58.0s | cell ETA 16m59s (+eval)
2026-10-02 07:17:35 | B9    ports   seed48 | ep 14/31 | Reward:   168.0 | Acc: 0.828 | Eps: 0.2542->0.2288 | t: 58.2s | cell ETA 16m04s (+eval)
2026-10-02 07:18:34 | B9    ports   seed48 | ep 15/31 | Reward:   152.0 | Acc: 0.797 | Eps: 0.2288->0.2059 | t: 58.4s | cell ETA 15m09s (+eval)
2026-10-02 07:19:32 | B9    ports   seed48 | ep 16/31 | Reward:   170.0 | Acc: 0.832 | Eps: 0.2059->0.1853 | t: 58.5s | cell ETA 14m14s (+eval)
2026-10-02 07:20:31 | B9    ports   seed48 | ep 17/31 | Reward:   176.0 | Acc: 0.844 | Eps: 0.1853->0.1668 | t: 58.4s | cell ETA 13m18s (+eval)
2026-10-02 07:21:29 | B9    ports   seed48 | ep 18/31 | Reward:   162.0 | Acc: 0.816 | Eps: 0.1668->0.1501 | t: 58.4s | cell ETA 12m22s (+eval)
2026-10-02 07:22:28 | B9    ports   seed48 | ep 19/31 | Reward:   174.0 | Acc: 0.840 | Eps: 0.1501->0.1351 | t: 58.9s | cell ETA 11m26s (+eval)
2026-10-02 07:23:26 | B9    ports   seed48 | ep 20/31 | Reward:   166.0 | Acc: 0.824 | Eps: 0.1351->0.1216 | t: 58.6s | cell ETA 10m30s (+eval)
2026-10-02 07:24:25 | B9    ports   seed48 | ep 21/31 | Reward:   146.0 | Acc: 0.785 | Eps: 0.1216->0.1094 | t: 58.6s | cell ETA 9m33s (+eval)
2026-10-02 07:25:24 | B9    ports   seed48 | ep 22/31 | Reward:   158.0 | Acc: 0.809 | Eps: 0.1094->0.0985 | t: 58.6s | cell ETA 8m36s (+eval)
2026-10-02 07:26:22 | B9    ports   seed48 | ep 23/31 | Reward:   150.0 | Acc: 0.793 | Eps: 0.0985->0.0886 | t: 58.7s | cell ETA 7m39s (+eval)
2026-10-02 07:27:21 | B9    ports   seed48 | ep 24/31 | Reward:   174.0 | Acc: 0.840 | Eps: 0.0886->0.0798 | t: 58.7s | cell ETA 6m42s (+eval)
2026-10-02 07:28:20 | B9    ports   seed48 | ep 25/31 | Reward:   176.0 | Acc: 0.844 | Eps: 0.0798->0.0718 | t: 59.0s | cell ETA 5m45s (+eval)
2026-10-02 07:29:20 | B9    ports   seed48 | ep 26/31 | Reward:   164.0 | Acc: 0.820 | Eps: 0.0718->0.0646 | t: 59.8s | cell ETA 4m48s (+eval)
2026-10-02 07:30:22 | B9    ports   seed48 | ep 27/31 | Reward:   166.0 | Acc: 0.824 | Eps: 0.0646->0.0581 | t: 62.1s | cell ETA 3m51s (+eval)
2026-10-02 07:31:24 | B9    ports   seed48 | ep 28/31 | Reward:   162.0 | Acc: 0.816 | Eps: 0.0581->0.0523 | t: 62.0s | cell ETA 2m53s (+eval)
2026-10-02 07:32:26 | B9    ports   seed48 | ep 29/31 | Reward:   170.0 | Acc: 0.832 | Eps: 0.0523->0.0500 | t: 61.7s | cell ETA 1m56s (+eval)
2026-10-02 07:33:27 | B9    ports   seed48 | ep 30/31 | Reward:   166.0 | Acc: 0.824 | Eps: 0.0500->0.0500 | t: 61.5s | cell ETA 58s (+eval)
2026-10-02 07:34:30 | B9    ports   seed48 | ep 31/31 | Reward:   166.0 | Acc: 0.824 | Eps: 0.0500->0.0500 | t: 62.5s | cell ETA 0s (+eval)
2026-10-02 07:34:44 | B9    ports   seed48 | DONE in 30m26s | KT_F1=82.67 KT_AUC=95.91 | ZD weighted=97.82 macro=70.60
2026-10-02 07:34:45 | B9 ports seed48 | DONE rc=0 in 30m
2026-10-02 07:34:45 | B9 ports seed49 | START (rerun, quota fix)
2026-10-02 07:34:49 | B9    ports   seed49 | START training
2026-10-02 07:36:19 | B9    ports   seed49 | ep  1/31 | Reward:   -10.0 | Acc: 0.480 | Eps: 1.0000->0.9000 | t: 88.2s | cell ETA 44m06s (+eval)
2026-10-02 07:37:36 | B9    ports   seed49 | ep  2/31 | Reward:    10.0 | Acc: 0.520 | Eps: 0.9000->0.8100 | t: 76.0s | cell ETA 39m40s (+eval)
2026-10-02 07:38:52 | B9    ports   seed49 | ep  3/31 | Reward:    50.0 | Acc: 0.598 | Eps: 0.8100->0.7290 | t: 76.4s | cell ETA 37m25s (+eval)
2026-10-02 07:40:09 | B9    ports   seed49 | ep  4/31 | Reward:    40.0 | Acc: 0.578 | Eps: 0.7290->0.6561 | t: 76.6s | cell ETA 35m41s (+eval)
2026-10-02 07:41:25 | B9    ports   seed49 | ep  5/31 | Reward:    78.0 | Acc: 0.652 | Eps: 0.6561->0.5905 | t: 76.2s | cell ETA 34m05s (+eval)
2026-10-02 07:42:39 | B9    ports   seed49 | ep  6/31 | Reward:    84.0 | Acc: 0.664 | Eps: 0.5905->0.5314 | t: 74.6s | cell ETA 32m30s (+eval)
2026-10-02 07:43:46 | B9    ports   seed49 | ep  7/31 | Reward:    86.0 | Acc: 0.668 | Eps: 0.5314->0.4783 | t: 66.3s | cell ETA 30m31s (+eval)
2026-10-02 07:44:50 | B9    ports   seed49 | ep  8/31 | Reward:   112.0 | Acc: 0.719 | Eps: 0.4783->0.4305 | t: 64.4s | cell ETA 28m41s (+eval)
2026-10-02 07:45:55 | B9    ports   seed49 | ep  9/31 | Reward:    90.0 | Acc: 0.676 | Eps: 0.4305->0.3874 | t: 64.8s | cell ETA 27m01s (+eval)
2026-10-02 07:46:57 | B9    ports   seed49 | ep 10/31 | Reward:   136.0 | Acc: 0.766 | Eps: 0.3874->0.3487 | t: 62.2s | cell ETA 25m23s (+eval)
2026-10-02 07:47:59 | B9    ports   seed49 | ep 11/31 | Reward:   124.0 | Acc: 0.742 | Eps: 0.3487->0.3138 | t: 61.4s | cell ETA 23m51s (+eval)
2026-10-02 07:49:00 | B9    ports   seed49 | ep 12/31 | Reward:   130.0 | Acc: 0.754 | Eps: 0.3138->0.2824 | t: 61.1s | cell ETA 22m22s (+eval)
2026-10-02 07:50:01 | B9    ports   seed49 | ep 13/31 | Reward:   134.0 | Acc: 0.762 | Eps: 0.2824->0.2542 | t: 60.7s | cell ETA 20m58s (+eval)
2026-10-02 07:51:13 | B9    ports   seed49 | ep 14/31 | Reward:   132.0 | Acc: 0.758 | Eps: 0.2542->0.2288 | t: 72.8s | cell ETA 19m52s (+eval)
2026-10-02 07:52:28 | B9    ports   seed49 | ep 15/31 | Reward:   150.0 | Acc: 0.793 | Eps: 0.2288->0.2059 | t: 74.3s | cell ETA 18m46s (+eval)
2026-10-02 07:53:42 | B9    ports   seed49 | ep 16/31 | Reward:   158.0 | Acc: 0.809 | Eps: 0.2059->0.1853 | t: 74.3s | cell ETA 17m39s (+eval)
2026-10-02 07:54:56 | B9    ports   seed49 | ep 17/31 | Reward:   152.0 | Acc: 0.797 | Eps: 0.1853->0.1668 | t: 73.5s | cell ETA 16m31s (+eval)
2026-10-02 07:56:10 | B9    ports   seed49 | ep 18/31 | Reward:   142.0 | Acc: 0.777 | Eps: 0.1668->0.1501 | t: 74.1s | cell ETA 15m22s (+eval)
2026-10-02 07:57:23 | B9    ports   seed49 | ep 19/31 | Reward:   148.0 | Acc: 0.789 | Eps: 0.1501->0.1351 | t: 73.2s | cell ETA 14m13s (+eval)
2026-10-02 07:58:33 | B9    ports   seed49 | ep 20/31 | Reward:   154.0 | Acc: 0.801 | Eps: 0.1351->0.1216 | t: 70.3s | cell ETA 13m01s (+eval)
2026-10-02 07:59:42 | B9    ports   seed49 | ep 21/31 | Reward:   158.0 | Acc: 0.809 | Eps: 0.1216->0.1094 | t: 69.2s | cell ETA 11m49s (+eval)
2026-10-02 08:00:52 | B9    ports   seed49 | ep 22/31 | Reward:   140.0 | Acc: 0.773 | Eps: 0.1094->0.0985 | t: 69.1s | cell ETA 10m38s (+eval)
2026-10-02 08:01:58 | B9    ports   seed49 | ep 23/31 | Reward:   190.0 | Acc: 0.871 | Eps: 0.0985->0.0886 | t: 66.2s | cell ETA 9m25s (+eval)
2026-10-02 08:03:02 | B9    ports   seed49 | ep 24/31 | Reward:   168.0 | Acc: 0.828 | Eps: 0.0886->0.0798 | t: 64.5s | cell ETA 8m13s (+eval)
2026-10-02 08:04:06 | B9    ports   seed49 | ep 25/31 | Reward:   162.0 | Acc: 0.816 | Eps: 0.0798->0.0718 | t: 63.5s | cell ETA 7m00s (+eval)
2026-10-02 08:05:08 | B9    ports   seed49 | ep 26/31 | Reward:   180.0 | Acc: 0.852 | Eps: 0.0718->0.0646 | t: 62.0s | cell ETA 5m49s (+eval)
2026-10-02 08:06:10 | B9    ports   seed49 | ep 27/31 | Reward:   146.0 | Acc: 0.785 | Eps: 0.0646->0.0581 | t: 61.9s | cell ETA 4m38s (+eval)
2026-10-02 08:07:23 | B9    ports   seed49 | ep 28/31 | Reward:   172.0 | Acc: 0.836 | Eps: 0.0581->0.0523 | t: 73.0s | cell ETA 3m29s (+eval)
2026-10-02 08:08:38 | B9    ports   seed49 | ep 29/31 | Reward:   168.0 | Acc: 0.828 | Eps: 0.0523->0.0500 | t: 74.8s | cell ETA 2m19s (+eval)
2026-10-02 08:09:52 | B9    ports   seed49 | ep 30/31 | Reward:   162.0 | Acc: 0.816 | Eps: 0.0500->0.0500 | t: 74.6s | cell ETA 1m10s (+eval)
2026-10-02 08:11:07 | B9    ports   seed49 | ep 31/31 | Reward:   170.0 | Acc: 0.832 | Eps: 0.0500->0.0500 | t: 74.6s | cell ETA 0s (+eval)
2026-10-02 08:11:23 | B9    ports   seed49 | DONE in 36m34s | KT_F1=80.01 KT_AUC=94.38 | ZD weighted=98.47 macro=71.92
2026-10-02 08:11:24 | B9 ports seed49 | DONE rc=0 in 36m
2026-10-02 08:11:24 | B11 ports seed42 | START (rerun, quota fix)
2026-10-02 08:11:29 | B11   ports   seed42 | START training
2026-10-02 08:12:40 | B11   ports   seed42 | ep  1/31 | Reward:  -304.0 | Acc: 0.352 | Eps: 1.0000->0.9000 | t: 68.6s | Investigations: 85 | cell ETA 34m18s (+eval)
2026-10-02 08:13:48 | B11   ports   seed42 | ep  2/31 | Reward:  -244.0 | Acc: 0.359 | Eps: 0.9000->0.8100 | t: 67.6s | Investigations: 94 | cell ETA 32m54s (+eval)
2026-10-02 08:14:53 | B11   ports   seed42 | ep  3/31 | Reward:  -193.0 | Acc: 0.457 | Eps: 0.8100->0.7290 | t: 65.5s | Investigations: 68 | cell ETA 31m22s (+eval)
2026-10-02 08:15:57 | B11   ports   seed42 | ep  4/31 | Reward:  -153.0 | Acc: 0.457 | Eps: 0.7290->0.6561 | t: 63.8s | Investigations: 64 | cell ETA 29m52s (+eval)
2026-10-02 08:16:59 | B11   ports   seed42 | ep  5/31 | Reward:   -14.0 | Acc: 0.531 | Eps: 0.6561->0.5905 | t: 61.9s | Investigations: 55 | cell ETA 28m22s (+eval)
2026-10-02 08:17:59 | B11   ports   seed42 | ep  6/31 | Reward:    91.0 | Acc: 0.594 | Eps: 0.5905->0.5314 | t: 60.6s | Investigations: 54 | cell ETA 26m56s (+eval)
2026-10-02 08:19:00 | B11   ports   seed42 | ep  7/31 | Reward:   -20.0 | Acc: 0.562 | Eps: 0.5314->0.4783 | t: 60.1s | Investigations: 48 | cell ETA 25m36s (+eval)
2026-10-02 08:20:00 | B11   ports   seed42 | ep  8/31 | Reward:    60.0 | Acc: 0.602 | Eps: 0.4783->0.4305 | t: 60.2s | Investigations: 52 | cell ETA 24m21s (+eval)
2026-10-02 08:21:00 | B11   ports   seed42 | ep  9/31 | Reward:   -31.0 | Acc: 0.590 | Eps: 0.4305->0.3874 | t: 60.4s | Investigations: 36 | cell ETA 23m10s (+eval)
2026-10-02 08:22:12 | B11   ports   seed42 | ep 10/31 | Reward:   -43.0 | Acc: 0.625 | Eps: 0.3874->0.3487 | t: 71.5s | Investigations: 35 | cell ETA 22m24s (+eval)
2026-10-02 08:23:27 | B11   ports   seed42 | ep 11/31 | Reward:   117.0 | Acc: 0.691 | Eps: 0.3487->0.3138 | t: 75.1s | Investigations: 31 | cell ETA 21m40s (+eval)
2026-10-02 08:24:42 | B11   ports   seed42 | ep 12/31 | Reward:   109.0 | Acc: 0.699 | Eps: 0.3138->0.2824 | t: 74.8s | Investigations: 22 | cell ETA 20m50s (+eval)
2026-10-02 08:25:57 | B11   ports   seed42 | ep 13/31 | Reward:   281.0 | Acc: 0.738 | Eps: 0.2824->0.2542 | t: 74.9s | Investigations: 27 | cell ETA 19m57s (+eval)
2026-10-02 08:27:13 | B11   ports   seed42 | ep 14/31 | Reward:   357.0 | Acc: 0.770 | Eps: 0.2542->0.2288 | t: 76.3s | Investigations: 24 | cell ETA 19m03s (+eval)
2026-10-02 08:28:28 | B11   ports   seed42 | ep 15/31 | Reward:   264.0 | Acc: 0.777 | Eps: 0.2288->0.2059 | t: 74.7s | Investigations: 19 | cell ETA 18m03s (+eval)
2026-10-02 08:29:40 | B11   ports   seed42 | ep 16/31 | Reward:   326.0 | Acc: 0.809 | Eps: 0.2059->0.1853 | t: 72.6s | Investigations: 15 | cell ETA 17m00s (+eval)
2026-10-02 08:30:48 | B11   ports   seed42 | ep 17/31 | Reward:   279.0 | Acc: 0.758 | Eps: 0.1853->0.1668 | t: 67.8s | Investigations: 20 | cell ETA 15m52s (+eval)
2026-10-02 08:31:52 | B11   ports   seed42 | ep 18/31 | Reward:   360.0 | Acc: 0.785 | Eps: 0.1668->0.1501 | t: 64.0s | Investigations: 14 | cell ETA 14m41s (+eval)
2026-10-02 08:32:55 | B11   ports   seed42 | ep 19/31 | Reward:   374.0 | Acc: 0.797 | Eps: 0.1501->0.1351 | t: 63.0s | Investigations: 20 | cell ETA 13m30s (+eval)
2026-10-02 08:34:07 | B11   ports   seed42 | ep 20/31 | Reward:   365.0 | Acc: 0.805 | Eps: 0.1351->0.1216 | t: 72.1s | Investigations: 11 | cell ETA 12m25s (+eval)
2026-10-02 08:35:24 | B11   ports   seed42 | ep 21/31 | Reward:   308.0 | Acc: 0.832 | Eps: 0.1216->0.1094 | t: 76.4s | Investigations: 9 | cell ETA 11m21s (+eval)
2026-10-02 08:36:40 | B11   ports   seed42 | ep 22/31 | Reward:   429.0 | Acc: 0.855 | Eps: 0.1094->0.0985 | t: 76.9s | Investigations: 10 | cell ETA 10m17s (+eval)
2026-10-02 08:37:57 | B11   ports   seed42 | ep 23/31 | Reward:   418.0 | Acc: 0.852 | Eps: 0.0985->0.0886 | t: 76.3s | Investigations: 5 | cell ETA 9m11s (+eval)
2026-10-02 08:39:14 | B11   ports   seed42 | ep 24/31 | Reward:   367.0 | Acc: 0.852 | Eps: 0.0886->0.0798 | t: 76.9s | Investigations: 9 | cell ETA 8m04s (+eval)
2026-10-02 08:40:30 | B11   ports   seed42 | ep 25/31 | Reward:   390.0 | Acc: 0.867 | Eps: 0.0798->0.0718 | t: 76.5s | Investigations: 5 | cell ETA 6m57s (+eval)
2026-10-02 08:41:42 | B11   ports   seed42 | ep 26/31 | Reward:   410.0 | Acc: 0.875 | Eps: 0.0718->0.0646 | t: 72.0s | Investigations: 5 | cell ETA 5m48s (+eval)
2026-10-02 08:42:49 | B11   ports   seed42 | ep 27/31 | Reward:   373.0 | Acc: 0.875 | Eps: 0.0646->0.0581 | t: 66.8s | Investigations: 4 | cell ETA 4m38s (+eval)
2026-10-02 08:43:55 | B11   ports   seed42 | ep 28/31 | Reward:   339.0 | Acc: 0.867 | Eps: 0.0581->0.0523 | t: 66.1s | Investigations: 1 | cell ETA 3m28s (+eval)
2026-10-02 08:44:59 | B11   ports   seed42 | ep 29/31 | Reward:   380.0 | Acc: 0.871 | Eps: 0.0523->0.0500 | t: 63.6s | Investigations: 5 | cell ETA 2m18s (+eval)
2026-10-02 08:46:01 | B11   ports   seed42 | ep 30/31 | Reward:   414.0 | Acc: 0.871 | Eps: 0.0500->0.0500 | t: 62.8s | Investigations: 4 | cell ETA 1m08s (+eval)
2026-10-02 08:47:04 | B11   ports   seed42 | ep 31/31 | Reward:   435.0 | Acc: 0.887 | Eps: 0.0500->0.0500 | t: 62.0s | Investigations: 5 | cell ETA 0s (+eval)
2026-10-02 08:47:19 | B11   ports   seed42 | DONE in 35m50s | KT_F1=83.08 KT_AUC=93.78 | ZD weighted=94.16 macro=59.04
2026-10-02 08:47:20 | B11 ports seed42 | DONE rc=0 in 35m
2026-10-02 08:47:20 | B11 ports seed43 | START (rerun, quota fix)
2026-10-02 08:47:24 | B11   ports   seed43 | START training
2026-10-02 08:48:38 | B11   ports   seed43 | ep  1/31 | Reward:  -285.0 | Acc: 0.348 | Eps: 1.0000->0.9000 | t: 71.1s | Investigations: 79 | cell ETA 35m33s (+eval)
2026-10-02 08:49:51 | B11   ports   seed43 | ep  2/31 | Reward:  -344.0 | Acc: 0.309 | Eps: 0.9000->0.8100 | t: 72.8s | Investigations: 100 | cell ETA 34m46s (+eval)
2026-10-02 08:51:04 | B11   ports   seed43 | ep  3/31 | Reward:  -249.0 | Acc: 0.402 | Eps: 0.8100->0.7290 | t: 73.2s | Investigations: 60 | cell ETA 33m46s (+eval)
2026-10-02 08:52:18 | B11   ports   seed43 | ep  4/31 | Reward:   -82.0 | Acc: 0.496 | Eps: 0.7290->0.6561 | t: 73.6s | Investigations: 67 | cell ETA 32m42s (+eval)
2026-10-02 08:53:31 | B11   ports   seed43 | ep  5/31 | Reward:   -90.0 | Acc: 0.500 | Eps: 0.6561->0.5905 | t: 73.7s | Investigations: 59 | cell ETA 31m34s (+eval)
2026-10-02 08:54:42 | B11   ports   seed43 | ep  6/31 | Reward:   -14.0 | Acc: 0.543 | Eps: 0.5905->0.5314 | t: 70.3s | Investigations: 50 | cell ETA 30m11s (+eval)
2026-10-02 08:55:45 | B11   ports   seed43 | ep  7/31 | Reward:    51.0 | Acc: 0.570 | Eps: 0.5314->0.4783 | t: 63.2s | Investigations: 51 | cell ETA 28m27s (+eval)
2026-10-02 08:56:48 | B11   ports   seed43 | ep  8/31 | Reward:    20.0 | Acc: 0.559 | Eps: 0.4783->0.4305 | t: 62.9s | Investigations: 40 | cell ETA 26m52s (+eval)
2026-10-02 08:57:51 | B11   ports   seed43 | ep  9/31 | Reward:   155.0 | Acc: 0.664 | Eps: 0.4305->0.3874 | t: 62.7s | Investigations: 29 | cell ETA 25m24s (+eval)
2026-10-02 08:58:53 | B11   ports   seed43 | ep 10/31 | Reward:   139.0 | Acc: 0.676 | Eps: 0.3874->0.3487 | t: 62.1s | Investigations: 29 | cell ETA 23m59s (+eval)
2026-10-02 08:59:54 | B11   ports   seed43 | ep 11/31 | Reward:   177.0 | Acc: 0.656 | Eps: 0.3487->0.3138 | t: 61.0s | Investigations: 34 | cell ETA 22m37s (+eval)
2026-10-02 09:00:55 | B11   ports   seed43 | ep 12/31 | Reward:   335.0 | Acc: 0.758 | Eps: 0.3138->0.2824 | t: 61.0s | Investigations: 27 | cell ETA 21m18s (+eval)
2026-10-02 09:02:09 | B11   ports   seed43 | ep 13/31 | Reward:   333.0 | Acc: 0.750 | Eps: 0.2824->0.2542 | t: 74.0s | Investigations: 29 | cell ETA 20m20s (+eval)
2026-10-02 09:03:23 | B11   ports   seed43 | ep 14/31 | Reward:   246.0 | Acc: 0.723 | Eps: 0.2542->0.2288 | t: 74.4s | Investigations: 30 | cell ETA 19m20s (+eval)
2026-10-02 09:04:38 | B11   ports   seed43 | ep 15/31 | Reward:   282.0 | Acc: 0.781 | Eps: 0.2288->0.2059 | t: 74.7s | Investigations: 17 | cell ETA 18m19s (+eval)
2026-10-02 09:05:53 | B11   ports   seed43 | ep 16/31 | Reward:   394.0 | Acc: 0.844 | Eps: 0.2059->0.1853 | t: 75.0s | Investigations: 10 | cell ETA 17m16s (+eval)
2026-10-02 09:07:06 | B11   ports   seed43 | ep 17/31 | Reward:   341.0 | Acc: 0.773 | Eps: 0.1853->0.1668 | t: 73.4s | Investigations: 22 | cell ETA 16m11s (+eval)
2026-10-02 09:08:15 | B11   ports   seed43 | ep 18/31 | Reward:   374.0 | Acc: 0.824 | Eps: 0.1668->0.1501 | t: 68.2s | Investigations: 12 | cell ETA 15m00s (+eval)
2026-10-02 09:09:20 | B11   ports   seed43 | ep 19/31 | Reward:   352.0 | Acc: 0.801 | Eps: 0.1501->0.1351 | t: 65.5s | Investigations: 14 | cell ETA 13m49s (+eval)
2026-10-02 09:10:24 | B11   ports   seed43 | ep 20/31 | Reward:   296.0 | Acc: 0.809 | Eps: 0.1351->0.1216 | t: 63.7s | Investigations: 11 | cell ETA 12m37s (+eval)
2026-10-02 09:11:26 | B11   ports   seed43 | ep 21/31 | Reward:   436.0 | Acc: 0.836 | Eps: 0.1216->0.1094 | t: 62.2s | Investigations: 13 | cell ETA 11m25s (+eval)
2026-10-02 09:12:31 | B11   ports   seed43 | ep 22/31 | Reward:   390.0 | Acc: 0.852 | Eps: 0.1094->0.0985 | t: 64.9s | Investigations: 5 | cell ETA 10m15s (+eval)
2026-10-02 09:13:35 | B11   ports   seed43 | ep 23/31 | Reward:   380.0 | Acc: 0.867 | Eps: 0.0985->0.0886 | t: 64.1s | Investigations: 5 | cell ETA 9m05s (+eval)
2026-10-02 09:14:51 | B11   ports   seed43 | ep 24/31 | Reward:   418.0 | Acc: 0.863 | Eps: 0.0886->0.0798 | t: 75.5s | Investigations: 7 | cell ETA 7m59s (+eval)
2026-10-02 09:16:07 | B11   ports   seed43 | ep 25/31 | Reward:   416.0 | Acc: 0.883 | Eps: 0.0798->0.0718 | t: 76.0s | Investigations: 4 | cell ETA 6m52s (+eval)
2026-10-02 09:17:23 | B11   ports   seed43 | ep 26/31 | Reward:   425.0 | Acc: 0.891 | Eps: 0.0718->0.0646 | t: 75.9s | Investigations: 6 | cell ETA 5m45s (+eval)
2026-10-02 09:18:39 | B11   ports   seed43 | ep 27/31 | Reward:   358.0 | Acc: 0.867 | Eps: 0.0646->0.0581 | t: 76.2s | Investigations: 4 | cell ETA 4m37s (+eval)
2026-10-02 09:19:54 | B11   ports   seed43 | ep 28/31 | Reward:   361.0 | Acc: 0.871 | Eps: 0.0581->0.0523 | t: 75.2s | Investigations: 3 | cell ETA 3m28s (+eval)
2026-10-02 09:21:05 | B11   ports   seed43 | ep 29/31 | Reward:   421.0 | Acc: 0.867 | Eps: 0.0523->0.0500 | t: 71.1s | Investigations: 2 | cell ETA 2m19s (+eval)
2026-10-02 09:22:13 | B11   ports   seed43 | ep 30/31 | Reward:   445.0 | Acc: 0.902 | Eps: 0.0500->0.0500 | t: 67.9s | Investigations: 3 | cell ETA 1m09s (+eval)
2026-10-02 09:23:20 | B11   ports   seed43 | ep 31/31 | Reward:   526.0 | Acc: 0.922 | Eps: 0.0500->0.0500 | t: 66.7s | Investigations: 2 | cell ETA 0s (+eval)
2026-10-02 09:23:35 | B11   ports   seed43 | DONE in 36m10s | KT_F1=83.30 KT_AUC=91.32 | ZD weighted=97.58 macro=65.71
2026-10-02 09:23:36 | B11 ports seed43 | DONE rc=0 in 36m
2026-10-02 09:23:36 | B11 ports seed44 | START (rerun, quota fix)
2026-10-02 09:23:40 | B11   ports   seed44 | START training
2026-10-02 09:24:41 | B11   ports   seed44 | ep  1/31 | Reward:  -325.0 | Acc: 0.332 | Eps: 1.0000->0.9000 | t: 58.9s | Investigations: 79 | cell ETA 29m27s (+eval)
2026-10-02 09:25:39 | B11   ports   seed44 | ep  2/31 | Reward:  -234.0 | Acc: 0.387 | Eps: 0.9000->0.8100 | t: 58.0s | Investigations: 79 | cell ETA 28m15s (+eval)
2026-10-02 09:26:50 | B11   ports   seed44 | ep  3/31 | Reward:  -313.0 | Acc: 0.391 | Eps: 0.8100->0.7290 | t: 71.0s | Investigations: 69 | cell ETA 29m13s (+eval)
2026-10-02 09:28:03 | B11   ports   seed44 | ep  4/31 | Reward:   -37.0 | Acc: 0.508 | Eps: 0.7290->0.6561 | t: 72.7s | Investigations: 63 | cell ETA 29m19s (+eval)
2026-10-02 09:29:16 | B11   ports   seed44 | ep  5/31 | Reward:   -49.0 | Acc: 0.500 | Eps: 0.6561->0.5905 | t: 72.9s | Investigations: 52 | cell ETA 28m54s (+eval)
2026-10-02 09:30:30 | B11   ports   seed44 | ep  6/31 | Reward:   120.0 | Acc: 0.605 | Eps: 0.5905->0.5314 | t: 73.7s | Investigations: 43 | cell ETA 28m16s (+eval)
2026-10-02 09:31:41 | B11   ports   seed44 | ep  7/31 | Reward:    67.0 | Acc: 0.605 | Eps: 0.5314->0.4783 | t: 71.3s | Investigations: 35 | cell ETA 27m20s (+eval)
2026-10-02 09:32:46 | B11   ports   seed44 | ep  8/31 | Reward:    31.0 | Acc: 0.621 | Eps: 0.4783->0.4305 | t: 65.3s | Investigations: 42 | cell ETA 26m03s (+eval)
2026-10-02 09:33:49 | B11   ports   seed44 | ep  9/31 | Reward:   132.0 | Acc: 0.668 | Eps: 0.4305->0.3874 | t: 62.9s | Investigations: 34 | cell ETA 24m43s (+eval)
2026-10-02 09:34:52 | B11   ports   seed44 | ep 10/31 | Reward:   161.0 | Acc: 0.664 | Eps: 0.3874->0.3487 | t: 62.8s | Investigations: 30 | cell ETA 23m25s (+eval)
2026-10-02 09:35:55 | B11   ports   seed44 | ep 11/31 | Reward:   136.0 | Acc: 0.680 | Eps: 0.3487->0.3138 | t: 62.7s | Investigations: 28 | cell ETA 22m11s (+eval)
2026-10-02 09:36:56 | B11   ports   seed44 | ep 12/31 | Reward:   204.0 | Acc: 0.727 | Eps: 0.3138->0.2824 | t: 61.2s | Investigations: 22 | cell ETA 20m56s (+eval)
2026-10-02 09:37:58 | B11   ports   seed44 | ep 13/31 | Reward:   248.0 | Acc: 0.746 | Eps: 0.2824->0.2542 | t: 61.9s | Investigations: 22 | cell ETA 19m44s (+eval)
2026-10-02 09:39:13 | B11   ports   seed44 | ep 14/31 | Reward:   353.0 | Acc: 0.797 | Eps: 0.2542->0.2288 | t: 74.8s | Investigations: 18 | cell ETA 18m49s (+eval)
2026-10-02 09:40:27 | B11   ports   seed44 | ep 15/31 | Reward:   244.0 | Acc: 0.746 | Eps: 0.2288->0.2059 | t: 74.7s | Investigations: 17 | cell ETA 17m51s (+eval)
2026-10-02 09:41:42 | B11   ports   seed44 | ep 16/31 | Reward:   274.0 | Acc: 0.762 | Eps: 0.2059->0.1853 | t: 74.6s | Investigations: 16 | cell ETA 16m51s (+eval)
2026-10-02 09:42:57 | B11   ports   seed44 | ep 17/31 | Reward:   265.0 | Acc: 0.773 | Eps: 0.1853->0.1668 | t: 74.8s | Investigations: 14 | cell ETA 15m50s (+eval)
2026-10-02 09:44:07 | B11   ports   seed44 | ep 18/31 | Reward:   263.0 | Acc: 0.777 | Eps: 0.1668->0.1501 | t: 70.0s | Investigations: 9 | cell ETA 14m44s (+eval)
2026-10-02 09:45:13 | B11   ports   seed44 | ep 19/31 | Reward:   395.0 | Acc: 0.805 | Eps: 0.1501->0.1351 | t: 66.1s | Investigations: 20 | cell ETA 13m34s (+eval)
2026-10-02 09:46:17 | B11   ports   seed44 | ep 20/31 | Reward:   365.0 | Acc: 0.824 | Eps: 0.1351->0.1216 | t: 64.0s | Investigations: 10 | cell ETA 12m24s (+eval)
2026-10-02 09:47:20 | B11   ports   seed44 | ep 21/31 | Reward:   400.0 | Acc: 0.859 | Eps: 0.1216->0.1094 | t: 63.2s | Investigations: 8 | cell ETA 11m15s (+eval)
2026-10-02 09:48:23 | B11   ports   seed44 | ep 22/31 | Reward:   375.0 | Acc: 0.816 | Eps: 0.1094->0.0985 | t: 63.2s | Investigations: 11 | cell ETA 10m05s (+eval)
2026-10-02 09:49:25 | B11   ports   seed44 | ep 23/31 | Reward:   402.0 | Acc: 0.844 | Eps: 0.0985->0.0886 | t: 61.5s | Investigations: 14 | cell ETA 8m56s (+eval)
2026-10-02 09:50:40 | B11   ports   seed44 | ep 24/31 | Reward:   412.0 | Acc: 0.855 | Eps: 0.0886->0.0798 | t: 75.0s | Investigations: 9 | cell ETA 7m51s (+eval)
2026-10-02 09:51:55 | B11   ports   seed44 | ep 25/31 | Reward:   397.0 | Acc: 0.875 | Eps: 0.0798->0.0718 | t: 75.3s | Investigations: 5 | cell ETA 6m46s (+eval)
2026-10-02 09:53:11 | B11   ports   seed44 | ep 26/31 | Reward:   385.0 | Acc: 0.852 | Eps: 0.0718->0.0646 | t: 75.9s | Investigations: 9 | cell ETA 5m40s (+eval)
2026-10-02 09:54:27 | B11   ports   seed44 | ep 27/31 | Reward:   453.0 | Acc: 0.883 | Eps: 0.0646->0.0581 | t: 75.4s | Investigations: 7 | cell ETA 4m33s (+eval)
2026-10-02 09:55:41 | B11   ports   seed44 | ep 28/31 | Reward:   358.0 | Acc: 0.848 | Eps: 0.0581->0.0523 | t: 74.7s | Investigations: 3 | cell ETA 3m25s (+eval)
2026-10-02 09:56:49 | B11   ports   seed44 | ep 29/31 | Reward:   321.0 | Acc: 0.855 | Eps: 0.0523->0.0500 | t: 67.8s | Investigations: 2 | cell ETA 2m16s (+eval)
2026-10-02 09:57:55 | B11   ports   seed44 | ep 30/31 | Reward:   424.0 | Acc: 0.863 | Eps: 0.0500->0.0500 | t: 65.6s | Investigations: 7 | cell ETA 1m08s (+eval)
2026-10-02 09:59:00 | B11   ports   seed44 | ep 31/31 | Reward:   397.0 | Acc: 0.871 | Eps: 0.0500->0.0500 | t: 65.0s | Investigations: 4 | cell ETA 0s (+eval)
2026-10-02 09:59:15 | B11   ports   seed44 | DONE in 35m35s | KT_F1=81.53 KT_AUC=93.57 | ZD weighted=94.11 macro=57.24
2026-10-02 09:59:16 | B11 ports seed44 | DONE rc=0 in 35m
2026-10-02 09:59:16 | B11 ports seed45 | START (rerun, quota fix)
2026-10-02 09:59:19 | B11   ports   seed45 | START training
2026-10-02 10:00:21 | B11   ports   seed45 | ep  1/31 | Reward:  -373.0 | Acc: 0.301 | Eps: 1.0000->0.9000 | t: 59.2s | Investigations: 78 | cell ETA 29m36s (+eval)
2026-10-02 10:01:20 | B11   ports   seed45 | ep  2/31 | Reward:  -393.0 | Acc: 0.324 | Eps: 0.9000->0.8100 | t: 58.4s | Investigations: 85 | cell ETA 28m25s (+eval)
2026-10-02 10:02:18 | B11   ports   seed45 | ep  3/31 | Reward:  -120.0 | Acc: 0.469 | Eps: 0.8100->0.7290 | t: 58.5s | Investigations: 66 | cell ETA 27m23s (+eval)
2026-10-02 10:03:17 | B11   ports   seed45 | ep  4/31 | Reward:  -183.0 | Acc: 0.434 | Eps: 0.7290->0.6561 | t: 58.6s | Investigations: 67 | cell ETA 26m24s (+eval)
2026-10-02 10:04:16 | B11   ports   seed45 | ep  5/31 | Reward:   -29.0 | Acc: 0.520 | Eps: 0.6561->0.5905 | t: 59.2s | Investigations: 55 | cell ETA 25m28s (+eval)
2026-10-02 10:05:21 | B11   ports   seed45 | ep  6/31 | Reward:   -91.0 | Acc: 0.527 | Eps: 0.5905->0.5314 | t: 65.3s | Investigations: 57 | cell ETA 24m56s (+eval)
2026-10-02 10:06:34 | B11   ports   seed45 | ep  7/31 | Reward:   -37.0 | Acc: 0.535 | Eps: 0.5314->0.4783 | t: 73.0s | Investigations: 52 | cell ETA 24m41s (+eval)
2026-10-02 10:07:48 | B11   ports   seed45 | ep  8/31 | Reward:   165.0 | Acc: 0.676 | Eps: 0.4783->0.4305 | t: 73.4s | Investigations: 39 | cell ETA 24m13s (+eval)
2026-10-02 10:09:01 | B11   ports   seed45 | ep  9/31 | Reward:   -28.0 | Acc: 0.605 | Eps: 0.4305->0.3874 | t: 73.3s | Investigations: 36 | cell ETA 23m35s (+eval)
2026-10-02 10:10:14 | B11   ports   seed45 | ep 10/31 | Reward:   159.0 | Acc: 0.656 | Eps: 0.3874->0.3487 | t: 72.6s | Investigations: 36 | cell ETA 22m48s (+eval)
2026-10-02 10:11:20 | B11   ports   seed45 | ep 11/31 | Reward:   256.0 | Acc: 0.723 | Eps: 0.3487->0.3138 | t: 66.7s | Investigations: 31 | cell ETA 21m45s (+eval)
2026-10-02 10:12:24 | B11   ports   seed45 | ep 12/31 | Reward:   246.0 | Acc: 0.730 | Eps: 0.3138->0.2824 | t: 63.9s | Investigations: 31 | cell ETA 20m38s (+eval)
2026-10-02 10:13:27 | B11   ports   seed45 | ep 13/31 | Reward:   279.0 | Acc: 0.719 | Eps: 0.2824->0.2542 | t: 62.9s | Investigations: 24 | cell ETA 19m30s (+eval)
2026-10-02 10:14:30 | B11   ports   seed45 | ep 14/31 | Reward:   251.0 | Acc: 0.758 | Eps: 0.2542->0.2288 | t: 62.4s | Investigations: 21 | cell ETA 18m21s (+eval)
2026-10-02 10:15:31 | B11   ports   seed45 | ep 15/31 | Reward:   270.0 | Acc: 0.727 | Eps: 0.2288->0.2059 | t: 61.7s | Investigations: 30 | cell ETA 17m13s (+eval)
2026-10-02 10:16:33 | B11   ports   seed45 | ep 16/31 | Reward:   316.0 | Acc: 0.777 | Eps: 0.2059->0.1853 | t: 61.3s | Investigations: 22 | cell ETA 16m06s (+eval)
2026-10-02 10:17:34 | B11   ports   seed45 | ep 17/31 | Reward:   311.0 | Acc: 0.793 | Eps: 0.1853->0.1668 | t: 61.8s | Investigations: 16 | cell ETA 14m59s (+eval)
2026-10-02 10:18:36 | B11   ports   seed45 | ep 18/31 | Reward:   373.0 | Acc: 0.789 | Eps: 0.1668->0.1501 | t: 61.6s | Investigations: 17 | cell ETA 13m53s (+eval)
2026-10-02 10:19:38 | B11   ports   seed45 | ep 19/31 | Reward:   434.0 | Acc: 0.828 | Eps: 0.1501->0.1351 | t: 62.0s | Investigations: 16 | cell ETA 12m47s (+eval)
2026-10-02 10:20:39 | B11   ports   seed45 | ep 20/31 | Reward:   412.0 | Acc: 0.844 | Eps: 0.1351->0.1216 | t: 61.1s | Investigations: 10 | cell ETA 11m42s (+eval)
2026-10-02 10:21:38 | B11   ports   seed45 | ep 21/31 | Reward:   358.0 | Acc: 0.836 | Eps: 0.1216->0.1094 | t: 58.7s | Investigations: 10 | cell ETA 10m36s (+eval)
2026-10-02 10:22:37 | B11   ports   seed45 | ep 22/31 | Reward:   430.0 | Acc: 0.852 | Eps: 0.1094->0.0985 | t: 58.8s | Investigations: 11 | cell ETA 9m30s (+eval)
2026-10-02 10:23:35 | B11   ports   seed45 | ep 23/31 | Reward:   385.0 | Acc: 0.840 | Eps: 0.0985->0.0886 | t: 58.5s | Investigations: 12 | cell ETA 8m25s (+eval)
2026-10-02 10:24:34 | B11   ports   seed45 | ep 24/31 | Reward:   405.0 | Acc: 0.879 | Eps: 0.0886->0.0798 | t: 58.9s | Investigations: 4 | cell ETA 7m20s (+eval)
2026-10-02 10:25:33 | B11   ports   seed45 | ep 25/31 | Reward:   380.0 | Acc: 0.844 | Eps: 0.0798->0.0718 | t: 58.8s | Investigations: 12 | cell ETA 6m16s (+eval)
2026-10-02 10:26:32 | B11   ports   seed45 | ep 26/31 | Reward:   374.0 | Acc: 0.879 | Eps: 0.0718->0.0646 | t: 58.9s | Investigations: 3 | cell ETA 5m13s (+eval)
2026-10-02 10:27:31 | B11   ports   seed45 | ep 27/31 | Reward:   379.0 | Acc: 0.844 | Eps: 0.0646->0.0581 | t: 58.8s | Investigations: 6 | cell ETA 4m10s (+eval)
2026-10-02 10:28:30 | B11   ports   seed45 | ep 28/31 | Reward:   473.0 | Acc: 0.906 | Eps: 0.0581->0.0523 | t: 59.1s | Investigations: 4 | cell ETA 3m07s (+eval)
2026-10-02 10:29:29 | B11   ports   seed45 | ep 29/31 | Reward:   475.0 | Acc: 0.891 | Eps: 0.0523->0.0500 | t: 59.0s | Investigations: 7 | cell ETA 2m04s (+eval)
2026-10-02 10:30:28 | B11   ports   seed45 | ep 30/31 | Reward:   358.0 | Acc: 0.867 | Eps: 0.0500->0.0500 | t: 59.0s | Investigations: 3 | cell ETA 1m02s (+eval)
2026-10-02 10:31:27 | B11   ports   seed45 | ep 31/31 | Reward:   502.0 | Acc: 0.891 | Eps: 0.0500->0.0500 | t: 59.1s | Investigations: 7 | cell ETA 0s (+eval)
2026-10-02 10:31:41 | B11   ports   seed45 | DONE in 32m21s | KT_F1=82.38 KT_AUC=94.57 | ZD weighted=94.42 macro=54.65
2026-10-02 10:31:41 | B11 ports seed45 | DONE rc=0 in 32m
2026-10-02 10:31:42 | B11 ports seed46 | START (rerun, quota fix)
2026-10-02 10:31:45 | B11   ports   seed46 | START training
2026-10-02 10:32:42 | B11   ports   seed46 | ep  1/31 | Reward:  -323.0 | Acc: 0.328 | Eps: 1.0000->0.9000 | t: 54.4s | Investigations: 86 | cell ETA 27m12s (+eval)
2026-10-02 10:33:37 | B11   ports   seed46 | ep  2/31 | Reward:  -161.0 | Acc: 0.426 | Eps: 0.9000->0.8100 | t: 55.0s | Investigations: 77 | cell ETA 26m26s (+eval)
2026-10-02 10:34:33 | B11   ports   seed46 | ep  3/31 | Reward:   -55.0 | Acc: 0.465 | Eps: 0.8100->0.7290 | t: 55.9s | Investigations: 69 | cell ETA 25m42s (+eval)
2026-10-02 10:35:28 | B11   ports   seed46 | ep  4/31 | Reward:   -69.0 | Acc: 0.465 | Eps: 0.7290->0.6561 | t: 55.7s | Investigations: 80 | cell ETA 24m51s (+eval)
2026-10-02 10:36:25 | B11   ports   seed46 | ep  5/31 | Reward:    16.0 | Acc: 0.555 | Eps: 0.6561->0.5905 | t: 56.2s | Investigations: 52 | cell ETA 24m01s (+eval)
2026-10-02 10:37:21 | B11   ports   seed46 | ep  6/31 | Reward:  -113.0 | Acc: 0.527 | Eps: 0.5905->0.5314 | t: 56.4s | Investigations: 51 | cell ETA 23m10s (+eval)
2026-10-02 10:38:18 | B11   ports   seed46 | ep  7/31 | Reward:   -65.0 | Acc: 0.520 | Eps: 0.5314->0.4783 | t: 56.7s | Investigations: 48 | cell ETA 22m18s (+eval)
2026-10-02 10:39:15 | B11   ports   seed46 | ep  8/31 | Reward:   113.0 | Acc: 0.629 | Eps: 0.4783->0.4305 | t: 57.1s | Investigations: 43 | cell ETA 21m26s (+eval)
2026-10-02 10:40:12 | B11   ports   seed46 | ep  9/31 | Reward:    37.0 | Acc: 0.613 | Eps: 0.4305->0.3874 | t: 57.1s | Investigations: 43 | cell ETA 20m33s (+eval)
2026-10-02 10:41:09 | B11   ports   seed46 | ep 10/31 | Reward:   174.0 | Acc: 0.688 | Eps: 0.3874->0.3487 | t: 57.3s | Investigations: 33 | cell ETA 19m39s (+eval)
2026-10-02 10:42:07 | B11   ports   seed46 | ep 11/31 | Reward:   167.0 | Acc: 0.719 | Eps: 0.3487->0.3138 | t: 57.7s | Investigations: 30 | cell ETA 18m46s (+eval)
2026-10-02 10:43:05 | B11   ports   seed46 | ep 12/31 | Reward:   294.0 | Acc: 0.750 | Eps: 0.3138->0.2824 | t: 57.7s | Investigations: 26 | cell ETA 17m52s (+eval)
2026-10-02 10:44:03 | B11   ports   seed46 | ep 13/31 | Reward:   216.0 | Acc: 0.715 | Eps: 0.2824->0.2542 | t: 57.8s | Investigations: 26 | cell ETA 16m57s (+eval)
2026-10-02 10:45:01 | B11   ports   seed46 | ep 14/31 | Reward:   281.0 | Acc: 0.758 | Eps: 0.2542->0.2288 | t: 58.1s | Investigations: 20 | cell ETA 16m03s (+eval)
2026-10-02 10:45:59 | B11   ports   seed46 | ep 15/31 | Reward:   159.0 | Acc: 0.711 | Eps: 0.2288->0.2059 | t: 58.0s | Investigations: 27 | cell ETA 15m07s (+eval)
2026-10-02 10:46:57 | B11   ports   seed46 | ep 16/31 | Reward:   219.0 | Acc: 0.727 | Eps: 0.2059->0.1853 | t: 58.4s | Investigations: 17 | cell ETA 14m12s (+eval)
2026-10-02 10:47:55 | B11   ports   seed46 | ep 17/31 | Reward:   316.0 | Acc: 0.781 | Eps: 0.1853->0.1668 | t: 58.1s | Investigations: 20 | cell ETA 13m16s (+eval)
2026-10-02 10:48:54 | B11   ports   seed46 | ep 18/31 | Reward:   425.0 | Acc: 0.840 | Eps: 0.1668->0.1501 | t: 58.4s | Investigations: 12 | cell ETA 12m21s (+eval)
2026-10-02 10:49:52 | B11   ports   seed46 | ep 19/31 | Reward:   390.0 | Acc: 0.824 | Eps: 0.1501->0.1351 | t: 58.5s | Investigations: 13 | cell ETA 11m24s (+eval)
2026-10-02 10:50:51 | B11   ports   seed46 | ep 20/31 | Reward:   355.0 | Acc: 0.855 | Eps: 0.1351->0.1216 | t: 58.5s | Investigations: 5 | cell ETA 10m28s (+eval)
2026-10-02 10:51:49 | B11   ports   seed46 | ep 21/31 | Reward:   361.0 | Acc: 0.832 | Eps: 0.1216->0.1094 | t: 58.4s | Investigations: 12 | cell ETA 9m32s (+eval)
2026-10-02 10:52:48 | B11   ports   seed46 | ep 22/31 | Reward:   454.0 | Acc: 0.891 | Eps: 0.1094->0.0985 | t: 58.6s | Investigations: 6 | cell ETA 8m35s (+eval)
2026-10-02 10:53:46 | B11   ports   seed46 | ep 23/31 | Reward:   392.0 | Acc: 0.875 | Eps: 0.0985->0.0886 | t: 58.5s | Investigations: 7 | cell ETA 7m38s (+eval)
2026-10-02 10:54:45 | B11   ports   seed46 | ep 24/31 | Reward:   259.0 | Acc: 0.832 | Eps: 0.0886->0.0798 | t: 58.6s | Investigations: 4 | cell ETA 6m41s (+eval)
2026-10-02 10:55:43 | B11   ports   seed46 | ep 25/31 | Reward:   392.0 | Acc: 0.875 | Eps: 0.0798->0.0718 | t: 58.7s | Investigations: 5 | cell ETA 5m44s (+eval)
2026-10-02 10:56:42 | B11   ports   seed46 | ep 26/31 | Reward:   430.0 | Acc: 0.852 | Eps: 0.0718->0.0646 | t: 58.5s | Investigations: 8 | cell ETA 4m47s (+eval)
2026-10-02 10:57:41 | B11   ports   seed46 | ep 27/31 | Reward:   381.0 | Acc: 0.879 | Eps: 0.0646->0.0581 | t: 58.6s | Investigations: 2 | cell ETA 3m50s (+eval)
2026-10-02 10:58:39 | B11   ports   seed46 | ep 28/31 | Reward:   428.0 | Acc: 0.871 | Eps: 0.0581->0.0523 | t: 58.7s | Investigations: 3 | cell ETA 2m52s (+eval)
2026-10-02 10:59:38 | B11   ports   seed46 | ep 29/31 | Reward:   328.0 | Acc: 0.852 | Eps: 0.0523->0.0500 | t: 58.5s | Investigations: 7 | cell ETA 1m55s (+eval)
2026-10-02 11:00:36 | B11   ports   seed46 | ep 30/31 | Reward:   515.0 | Acc: 0.902 | Eps: 0.0500->0.0500 | t: 58.7s | Investigations: 5 | cell ETA 57s (+eval)
2026-10-02 11:01:35 | B11   ports   seed46 | ep 31/31 | Reward:   308.0 | Acc: 0.859 | Eps: 0.0500->0.0500 | t: 58.8s | Investigations: 2 | cell ETA 0s (+eval)
2026-10-02 11:01:49 | B11   ports   seed46 | DONE in 30m04s | KT_F1=82.00 KT_AUC=88.65 | ZD weighted=94.02 macro=54.46
2026-10-02 11:01:50 | B11 ports seed46 | DONE rc=0 in 30m
2026-10-02 11:01:50 | B11 ports seed47 | START (rerun, quota fix)
2026-10-02 11:01:54 | B11   ports   seed47 | START training
2026-10-02 11:02:50 | B11   ports   seed47 | ep  1/31 | Reward:  -319.0 | Acc: 0.320 | Eps: 1.0000->0.9000 | t: 54.0s | Investigations: 81 | cell ETA 27m00s (+eval)
2026-10-02 11:03:45 | B11   ports   seed47 | ep  2/31 | Reward:  -269.0 | Acc: 0.352 | Eps: 0.9000->0.8100 | t: 54.9s | Investigations: 74 | cell ETA 26m19s (+eval)
2026-10-02 11:04:41 | B11   ports   seed47 | ep  3/31 | Reward:   -72.0 | Acc: 0.473 | Eps: 0.8100->0.7290 | t: 55.8s | Investigations: 65 | cell ETA 25m37s (+eval)
2026-10-02 11:05:36 | B11   ports   seed47 | ep  4/31 | Reward:   -69.0 | Acc: 0.488 | Eps: 0.7290->0.6561 | t: 55.6s | Investigations: 64 | cell ETA 24m47s (+eval)
2026-10-02 11:06:33 | B11   ports   seed47 | ep  5/31 | Reward:   -39.0 | Acc: 0.512 | Eps: 0.6561->0.5905 | t: 56.1s | Investigations: 56 | cell ETA 23m57s (+eval)
2026-10-02 11:07:29 | B11   ports   seed47 | ep  6/31 | Reward:    13.0 | Acc: 0.586 | Eps: 0.5905->0.5314 | t: 56.7s | Investigations: 46 | cell ETA 23m07s (+eval)
2026-10-02 11:08:26 | B11   ports   seed47 | ep  7/31 | Reward:    56.0 | Acc: 0.586 | Eps: 0.5314->0.4783 | t: 56.8s | Investigations: 44 | cell ETA 22m16s (+eval)
2026-10-02 11:09:23 | B11   ports   seed47 | ep  8/31 | Reward:    45.0 | Acc: 0.637 | Eps: 0.4783->0.4305 | t: 57.0s | Investigations: 40 | cell ETA 21m24s (+eval)
2026-10-02 11:10:20 | B11   ports   seed47 | ep  9/31 | Reward:   158.0 | Acc: 0.641 | Eps: 0.4305->0.3874 | t: 57.1s | Investigations: 32 | cell ETA 20m32s (+eval)
2026-10-02 11:11:18 | B11   ports   seed47 | ep 10/31 | Reward:   264.0 | Acc: 0.730 | Eps: 0.3874->0.3487 | t: 57.5s | Investigations: 25 | cell ETA 19m39s (+eval)
2026-10-02 11:12:15 | B11   ports   seed47 | ep 11/31 | Reward:   225.0 | Acc: 0.707 | Eps: 0.3487->0.3138 | t: 57.5s | Investigations: 28 | cell ETA 18m45s (+eval)
2026-10-02 11:13:13 | B11   ports   seed47 | ep 12/31 | Reward:   131.0 | Acc: 0.668 | Eps: 0.3138->0.2824 | t: 57.4s | Investigations: 30 | cell ETA 17m50s (+eval)
2026-10-02 11:14:11 | B11   ports   seed47 | ep 13/31 | Reward:   229.0 | Acc: 0.770 | Eps: 0.2824->0.2542 | t: 58.1s | Investigations: 20 | cell ETA 16m57s (+eval)
2026-10-02 11:15:09 | B11   ports   seed47 | ep 14/31 | Reward:   187.0 | Acc: 0.738 | Eps: 0.2542->0.2288 | t: 58.0s | Investigations: 23 | cell ETA 16m02s (+eval)
2026-10-02 11:16:07 | B11   ports   seed47 | ep 15/31 | Reward:   283.0 | Acc: 0.754 | Eps: 0.2288->0.2059 | t: 58.0s | Investigations: 23 | cell ETA 15m07s (+eval)
2026-10-02 11:17:05 | B11   ports   seed47 | ep 16/31 | Reward:   276.0 | Acc: 0.762 | Eps: 0.2059->0.1853 | t: 57.9s | Investigations: 17 | cell ETA 14m11s (+eval)
2026-10-02 11:18:03 | B11   ports   seed47 | ep 17/31 | Reward:   372.0 | Acc: 0.801 | Eps: 0.1853->0.1668 | t: 58.3s | Investigations: 15 | cell ETA 13m16s (+eval)
2026-10-02 11:19:02 | B11   ports   seed47 | ep 18/31 | Reward:   319.0 | Acc: 0.816 | Eps: 0.1668->0.1501 | t: 58.5s | Investigations: 10 | cell ETA 12m20s (+eval)
2026-10-02 11:20:00 | B11   ports   seed47 | ep 19/31 | Reward:   300.0 | Acc: 0.801 | Eps: 0.1501->0.1351 | t: 58.3s | Investigations: 16 | cell ETA 11m24s (+eval)
2026-10-02 11:20:58 | B11   ports   seed47 | ep 20/31 | Reward:   385.0 | Acc: 0.859 | Eps: 0.1351->0.1216 | t: 58.4s | Investigations: 10 | cell ETA 10m28s (+eval)
2026-10-02 11:21:57 | B11   ports   seed47 | ep 21/31 | Reward:   393.0 | Acc: 0.867 | Eps: 0.1216->0.1094 | t: 58.5s | Investigations: 8 | cell ETA 9m31s (+eval)
2026-10-02 11:22:56 | B11   ports   seed47 | ep 22/31 | Reward:   421.0 | Acc: 0.879 | Eps: 0.1094->0.0985 | t: 58.8s | Investigations: 6 | cell ETA 8m35s (+eval)
2026-10-02 11:23:54 | B11   ports   seed47 | ep 23/31 | Reward:   339.0 | Acc: 0.844 | Eps: 0.0985->0.0886 | t: 58.6s | Investigations: 9 | cell ETA 7m38s (+eval)
2026-10-02 11:24:53 | B11   ports   seed47 | ep 24/31 | Reward:   451.0 | Acc: 0.887 | Eps: 0.0886->0.0798 | t: 58.6s | Investigations: 5 | cell ETA 6m41s (+eval)
2026-10-02 11:25:52 | B11   ports   seed47 | ep 25/31 | Reward:   372.0 | Acc: 0.828 | Eps: 0.0798->0.0718 | t: 58.7s | Investigations: 11 | cell ETA 5m44s (+eval)
2026-10-02 11:26:50 | B11   ports   seed47 | ep 26/31 | Reward:   405.0 | Acc: 0.887 | Eps: 0.0718->0.0646 | t: 58.8s | Investigations: 3 | cell ETA 4m47s (+eval)
2026-10-02 11:27:49 | B11   ports   seed47 | ep 27/31 | Reward:   507.0 | Acc: 0.910 | Eps: 0.0646->0.0581 | t: 58.6s | Investigations: 1 | cell ETA 3m50s (+eval)
2026-10-02 11:28:48 | B11   ports   seed47 | ep 28/31 | Reward:   336.0 | Acc: 0.855 | Eps: 0.0581->0.0523 | t: 58.8s | Investigations: 6 | cell ETA 2m52s (+eval)
2026-10-02 11:29:47 | B11   ports   seed47 | ep 29/31 | Reward:   469.0 | Acc: 0.898 | Eps: 0.0523->0.0500 | t: 58.8s | Investigations: 3 | cell ETA 1m55s (+eval)
2026-10-02 11:30:45 | B11   ports   seed47 | ep 30/31 | Reward:   463.0 | Acc: 0.891 | Eps: 0.0500->0.0500 | t: 58.7s | Investigations: 8 | cell ETA 57s (+eval)
2026-10-02 11:31:44 | B11   ports   seed47 | ep 31/31 | Reward:   397.0 | Acc: 0.879 | Eps: 0.0500->0.0500 | t: 58.6s | Investigations: 4 | cell ETA 0s (+eval)
2026-10-02 11:31:58 | B11   ports   seed47 | DONE in 30m04s | KT_F1=83.79 KT_AUC=89.74 | ZD weighted=97.88 macro=61.73
2026-10-02 11:31:59 | B11 ports seed47 | DONE rc=0 in 30m
2026-10-02 11:31:59 | B11 ports seed48 | START (rerun, quota fix)
2026-10-02 11:32:02 | B11   ports   seed48 | START training
2026-10-02 11:32:59 | B11   ports   seed48 | ep  1/31 | Reward:  -181.0 | Acc: 0.395 | Eps: 1.0000->0.9000 | t: 54.4s | Investigations: 86 | cell ETA 27m12s (+eval)
2026-10-02 11:33:54 | B11   ports   seed48 | ep  2/31 | Reward:  -278.0 | Acc: 0.367 | Eps: 0.9000->0.8100 | t: 55.2s | Investigations: 73 | cell ETA 26m29s (+eval)
2026-10-02 11:34:50 | B11   ports   seed48 | ep  3/31 | Reward:  -160.0 | Acc: 0.457 | Eps: 0.8100->0.7290 | t: 55.7s | Investigations: 54 | cell ETA 25m42s (+eval)
2026-10-02 11:35:46 | B11   ports   seed48 | ep  4/31 | Reward:  -155.0 | Acc: 0.473 | Eps: 0.7290->0.6561 | t: 55.9s | Investigations: 68 | cell ETA 24m53s (+eval)
2026-10-02 11:36:42 | B11   ports   seed48 | ep  5/31 | Reward:  -136.0 | Acc: 0.477 | Eps: 0.6561->0.5905 | t: 56.1s | Investigations: 55 | cell ETA 24m01s (+eval)
2026-10-02 11:37:39 | B11   ports   seed48 | ep  6/31 | Reward:   -92.0 | Acc: 0.500 | Eps: 0.5905->0.5314 | t: 56.6s | Investigations: 56 | cell ETA 23m11s (+eval)
2026-10-02 11:38:36 | B11   ports   seed48 | ep  7/31 | Reward:    48.0 | Acc: 0.637 | Eps: 0.5314->0.4783 | t: 57.1s | Investigations: 35 | cell ETA 22m20s (+eval)
2026-10-02 11:39:33 | B11   ports   seed48 | ep  8/31 | Reward:   144.0 | Acc: 0.652 | Eps: 0.4783->0.4305 | t: 57.3s | Investigations: 45 | cell ETA 21m28s (+eval)
2026-10-02 11:40:31 | B11   ports   seed48 | ep  9/31 | Reward:   149.0 | Acc: 0.684 | Eps: 0.4305->0.3874 | t: 57.6s | Investigations: 30 | cell ETA 20m36s (+eval)
2026-10-02 11:41:30 | B11   ports   seed48 | ep 10/31 | Reward:    62.0 | Acc: 0.645 | Eps: 0.3874->0.3487 | t: 59.2s | Investigations: 37 | cell ETA 19m46s (+eval)
2026-10-02 11:42:33 | B11   ports   seed48 | ep 11/31 | Reward:   243.0 | Acc: 0.730 | Eps: 0.3487->0.3138 | t: 62.7s | Investigations: 25 | cell ETA 19m01s (+eval)
2026-10-02 11:43:45 | B11   ports   seed48 | ep 12/31 | Reward:   222.0 | Acc: 0.727 | Eps: 0.3138->0.2824 | t: 72.4s | Investigations: 17 | cell ETA 18m28s (+eval)
2026-10-02 11:44:59 | B11   ports   seed48 | ep 13/31 | Reward:   201.0 | Acc: 0.742 | Eps: 0.2824->0.2542 | t: 74.1s | Investigations: 17 | cell ETA 17m52s (+eval)
2026-10-02 11:46:14 | B11   ports   seed48 | ep 14/31 | Reward:   294.0 | Acc: 0.766 | Eps: 0.2542->0.2288 | t: 74.9s | Investigations: 18 | cell ETA 17m11s (+eval)
2026-10-02 11:47:43 | B11   ports   seed48 | ep 15/31 | Reward:   305.0 | Acc: 0.762 | Eps: 0.2288->0.2059 | t: 88.9s | Investigations: 22 | cell ETA 16m40s (+eval)
2026-10-02 11:49:20 | B11   ports   seed48 | ep 16/31 | Reward:   298.0 | Acc: 0.793 | Eps: 0.2059->0.1853 | t: 96.9s | Investigations: 14 | cell ETA 16m10s (+eval)
2026-10-02 11:51:12 | B11   ports   seed48 | ep 17/31 | Reward:   245.0 | Acc: 0.762 | Eps: 0.1853->0.1668 | t: 112.4s | Investigations: 15 | cell ETA 15m44s (+eval)
2026-10-02 11:53:18 | B11   ports   seed48 | ep 18/31 | Reward:   239.0 | Acc: 0.758 | Eps: 0.1668->0.1501 | t: 126.0s | Investigations: 21 | cell ETA 15m19s (+eval)
2026-10-02 11:55:21 | B11   ports   seed48 | ep 19/31 | Reward:   387.0 | Acc: 0.848 | Eps: 0.1501->0.1351 | t: 122.8s | Investigations: 10 | cell ETA 14m41s (+eval)
2026-10-02 11:57:24 | B11   ports   seed48 | ep 20/31 | Reward:   321.0 | Acc: 0.809 | Eps: 0.1351->0.1216 | t: 122.5s | Investigations: 17 | cell ETA 13m55s (+eval)
2026-10-02 11:59:23 | B11   ports   seed48 | ep 21/31 | Reward:   333.0 | Acc: 0.836 | Eps: 0.1216->0.1094 | t: 119.5s | Investigations: 8 | cell ETA 13m00s (+eval)
2026-10-02 12:01:23 | B11   ports   seed48 | ep 22/31 | Reward:   357.0 | Acc: 0.836 | Eps: 0.1094->0.0985 | t: 119.7s | Investigations: 11 | cell ETA 11m59s (+eval)
2026-10-02 12:03:24 | B11   ports   seed48 | ep 23/31 | Reward:   348.0 | Acc: 0.859 | Eps: 0.0985->0.0886 | t: 120.7s | Investigations: 7 | cell ETA 10m53s (+eval)
2026-10-02 12:05:27 | B11   ports   seed48 | ep 24/31 | Reward:   266.0 | Acc: 0.824 | Eps: 0.0886->0.0798 | t: 123.1s | Investigations: 4 | cell ETA 9m43s (+eval)
2026-10-02 12:07:27 | B11   ports   seed48 | ep 25/31 | Reward:   349.0 | Acc: 0.859 | Eps: 0.0798->0.0718 | t: 120.5s | Investigations: 5 | cell ETA 8m29s (+eval)
2026-10-02 12:09:28 | B11   ports   seed48 | ep 26/31 | Reward:   431.0 | Acc: 0.887 | Eps: 0.0718->0.0646 | t: 120.5s | Investigations: 3 | cell ETA 7m11s (+eval)
2026-10-02 12:11:29 | B11   ports   seed48 | ep 27/31 | Reward:   282.0 | Acc: 0.848 | Eps: 0.0646->0.0581 | t: 121.1s | Investigations: 7 | cell ETA 5m50s (+eval)
2026-10-02 12:13:32 | B11   ports   seed48 | ep 28/31 | Reward:   403.0 | Acc: 0.891 | Eps: 0.0581->0.0523 | t: 123.2s | Investigations: 2 | cell ETA 4m26s (+eval)
2026-10-02 12:15:37 | B11   ports   seed48 | ep 29/31 | Reward:   328.0 | Acc: 0.867 | Eps: 0.0523->0.0500 | t: 125.3s | Investigations: 3 | cell ETA 3m00s (+eval)
2026-10-02 12:17:45 | B11   ports   seed48 | ep 30/31 | Reward:   290.0 | Acc: 0.859 | Eps: 0.0500->0.0500 | t: 127.2s | Investigations: 4 | cell ETA 1m31s (+eval)
2026-10-02 12:19:54 | B11   ports   seed48 | ep 31/31 | Reward:   401.0 | Acc: 0.879 | Eps: 0.0500->0.0500 | t: 129.5s | Investigations: 5 | cell ETA 0s (+eval)
2026-10-02 12:20:18 | B11   ports   seed48 | DONE in 48m15s | KT_F1=81.82 KT_AUC=91.07 | ZD weighted=96.32 macro=60.82
2026-10-02 12:20:20 | B11 ports seed48 | DONE rc=0 in 48m
2026-10-02 12:20:20 | B11 ports seed49 | START (rerun, quota fix)
2026-10-02 12:20:29 | B11   ports   seed49 | START training
2026-10-02 12:22:30 | B11   ports   seed49 | ep  1/31 | Reward:  -385.0 | Acc: 0.258 | Eps: 1.0000->0.9000 | t: 116.5s | Investigations: 101 | cell ETA 58m15s (+eval)
2026-10-02 12:24:28 | B11   ports   seed49 | ep  2/31 | Reward:  -215.0 | Acc: 0.398 | Eps: 0.9000->0.8100 | t: 117.9s | Investigations: 72 | cell ETA 56m38s (+eval)
2026-10-02 12:26:24 | B11   ports   seed49 | ep  3/31 | Reward:  -178.0 | Acc: 0.461 | Eps: 0.8100->0.7290 | t: 116.2s | Investigations: 64 | cell ETA 54m32s (+eval)
2026-10-02 12:28:23 | B11   ports   seed49 | ep  4/31 | Reward:  -145.0 | Acc: 0.449 | Eps: 0.7290->0.6561 | t: 118.6s | Investigations: 62 | cell ETA 52m47s (+eval)
2026-10-02 12:30:22 | B11   ports   seed49 | ep  5/31 | Reward:   -82.0 | Acc: 0.504 | Eps: 0.6561->0.5905 | t: 119.4s | Investigations: 58 | cell ETA 51m00s (+eval)
2026-10-02 12:32:21 | B11   ports   seed49 | ep  6/31 | Reward:   -65.0 | Acc: 0.551 | Eps: 0.5905->0.5314 | t: 119.4s | Investigations: 54 | cell ETA 49m10s (+eval)
2026-10-02 12:34:22 | B11   ports   seed49 | ep  7/31 | Reward:    89.0 | Acc: 0.605 | Eps: 0.5314->0.4783 | t: 120.2s | Investigations: 45 | cell ETA 47m19s (+eval)
2026-10-02 12:36:25 | B11   ports   seed49 | ep  8/31 | Reward:   135.0 | Acc: 0.672 | Eps: 0.4783->0.4305 | t: 123.0s | Investigations: 33 | cell ETA 45m34s (+eval)
2026-10-02 12:38:29 | B11   ports   seed49 | ep  9/31 | Reward:   113.0 | Acc: 0.633 | Eps: 0.4305->0.3874 | t: 124.7s | Investigations: 43 | cell ETA 43m49s (+eval)
2026-10-02 12:40:35 | B11   ports   seed49 | ep 10/31 | Reward:   214.0 | Acc: 0.684 | Eps: 0.3874->0.3487 | t: 125.2s | Investigations: 40 | cell ETA 42m02s (+eval)
2026-10-02 12:42:36 | B11   ports   seed49 | ep 11/31 | Reward:   195.0 | Acc: 0.672 | Eps: 0.3487->0.3138 | t: 121.5s | Investigations: 42 | cell ETA 40m04s (+eval)
2026-10-02 12:44:38 | B11   ports   seed49 | ep 12/31 | Reward:   205.0 | Acc: 0.719 | Eps: 0.3138->0.2824 | t: 121.7s | Investigations: 22 | cell ETA 38m06s (+eval)
2026-10-02 12:46:40 | B11   ports   seed49 | ep 13/31 | Reward:   212.0 | Acc: 0.715 | Eps: 0.2824->0.2542 | t: 121.8s | Investigations: 28 | cell ETA 36m08s (+eval)
2026-10-02 12:48:42 | B11   ports   seed49 | ep 14/31 | Reward:   197.0 | Acc: 0.738 | Eps: 0.2542->0.2288 | t: 122.0s | Investigations: 23 | cell ETA 34m09s (+eval)
2026-10-02 12:50:44 | B11   ports   seed49 | ep 15/31 | Reward:   431.0 | Acc: 0.816 | Eps: 0.2288->0.2059 | t: 122.4s | Investigations: 18 | cell ETA 32m11s (+eval)
2026-10-02 12:52:50 | B11   ports   seed49 | ep 16/31 | Reward:   257.0 | Acc: 0.777 | Eps: 0.2059->0.1853 | t: 125.5s | Investigations: 18 | cell ETA 30m15s (+eval)
2026-10-02 12:54:56 | B11   ports   seed49 | ep 17/31 | Reward:   255.0 | Acc: 0.762 | Eps: 0.1853->0.1668 | t: 126.6s | Investigations: 17 | cell ETA 28m18s (+eval)
2026-10-02 12:57:04 | B11   ports   seed49 | ep 18/31 | Reward:   355.0 | Acc: 0.809 | Eps: 0.1668->0.1501 | t: 128.1s | Investigations: 12 | cell ETA 26m22s (+eval)
2026-10-02 12:59:07 | B11   ports   seed49 | ep 19/31 | Reward:   353.0 | Acc: 0.805 | Eps: 0.1501->0.1351 | t: 122.6s | Investigations: 14 | cell ETA 24m21s (+eval)
2026-10-02 13:01:13 | B11   ports   seed49 | ep 20/31 | Reward:   419.0 | Acc: 0.832 | Eps: 0.1351->0.1216 | t: 126.0s | Investigations: 13 | cell ETA 22m21s (+eval)
2026-10-02 13:03:18 | B11   ports   seed49 | ep 21/31 | Reward:   324.0 | Acc: 0.828 | Eps: 0.1216->0.1094 | t: 124.5s | Investigations: 10 | cell ETA 20m20s (+eval)
2026-10-02 13:05:22 | B11   ports   seed49 | ep 22/31 | Reward:   362.0 | Acc: 0.832 | Eps: 0.1094->0.0985 | t: 124.2s | Investigations: 16 | cell ETA 18m19s (+eval)
2026-10-02 13:07:24 | B11   ports   seed49 | ep 23/31 | Reward:   326.0 | Acc: 0.828 | Eps: 0.0985->0.0886 | t: 122.4s | Investigations: 6 | cell ETA 16m17s (+eval)
2026-10-02 13:09:28 | B11   ports   seed49 | ep 24/31 | Reward:   383.0 | Acc: 0.871 | Eps: 0.0886->0.0798 | t: 123.5s | Investigations: 6 | cell ETA 14m15s (+eval)
2026-10-02 13:11:32 | B11   ports   seed49 | ep 25/31 | Reward:   467.0 | Acc: 0.875 | Eps: 0.0798->0.0718 | t: 124.1s | Investigations: 8 | cell ETA 12m13s (+eval)
2026-10-02 13:13:34 | B11   ports   seed49 | ep 26/31 | Reward:   353.0 | Acc: 0.852 | Eps: 0.0718->0.0646 | t: 122.2s | Investigations: 6 | cell ETA 10m11s (+eval)
2026-10-02 13:15:38 | B11   ports   seed49 | ep 27/31 | Reward:   501.0 | Acc: 0.887 | Eps: 0.0646->0.0581 | t: 123.4s | Investigations: 5 | cell ETA 8m09s (+eval)
2026-10-02 13:17:40 | B11   ports   seed49 | ep 28/31 | Reward:   374.0 | Acc: 0.855 | Eps: 0.0581->0.0523 | t: 122.8s | Investigations: 5 | cell ETA 6m07s (+eval)
2026-10-02 13:19:43 | B11   ports   seed49 | ep 29/31 | Reward:   310.0 | Acc: 0.855 | Eps: 0.0523->0.0500 | t: 123.0s | Investigations: 3 | cell ETA 4m04s (+eval)
2026-10-02 13:21:50 | B11   ports   seed49 | ep 30/31 | Reward:   440.0 | Acc: 0.863 | Eps: 0.0500->0.0500 | t: 126.9s | Investigations: 7 | cell ETA 2m02s (+eval)
2026-10-02 13:23:56 | B11   ports   seed49 | ep 31/31 | Reward:   484.0 | Acc: 0.898 | Eps: 0.0500->0.0500 | t: 125.8s | Investigations: 7 | cell ETA 0s (+eval)
2026-10-02 13:24:19 | B11   ports   seed49 | DONE in 1h03m | KT_F1=81.98 KT_AUC=94.21 | ZD weighted=97.35 macro=71.85
2026-10-02 13:24:20 | B11 ports seed49 | DONE rc=0 in 64m
